timestamp_utc,ora_locale_ch,attesa_sud_min,coda_sud_km,attesa_nord_min,coda_nord_km
2026-07-11T21:52:48Z,2026-07-11 23:52,0,,0,
2026-07-11T22:17:18Z,2026-07-12 00:17,0,,0,
2026-07-11T22:44:09Z,2026-07-12 00:44,0,,0,
2026-07-11T23:38:16Z,2026-07-12 01:38,0,,0,
2026-07-12T01:12:20Z,2026-07-12 03:12,0,,0,
2026-07-12T04:42:54Z,2026-07-12 06:42,0,,0,
2026-07-12T07:18:37Z,2026-07-12 09:18,0,,0,
2026-07-12T07:46:01Z,2026-07-12 09:46,0,,0,
2026-07-12T07:51:07Z,2026-07-12 09:51,30,3.0,0,
2026-07-12T07:56:13Z,2026-07-12 09:56,30,3.0,0,
2026-07-12T08:01:18Z,2026-07-12 10:01,30,3.0,0,
2026-07-12T08:06:24Z,2026-07-12 10:06,30,3.0,0,
2026-07-12T08:11:29Z,2026-07-12 10:11,30,3.0,0,
2026-07-12T08:16:34Z,2026-07-12 10:16,30,3.0,0,
2026-07-12T08:21:40Z,2026-07-12 10:21,30,3.0,0,
2026-07-12T08:26:45Z,2026-07-12 10:26,40,4.0,0,
2026-07-12T08:31:50Z,2026-07-12 10:31,40,4.0,0,
2026-07-12T08:36:56Z,2026-07-12 10:36,40,4.0,0,
2026-07-12T08:42:02Z,2026-07-12 10:42,40,4.0,0,
2026-07-12T08:47:09Z,2026-07-12 10:47,40,4.0,0,
2026-07-12T08:52:14Z,2026-07-12 10:52,40,4.0,0,
2026-07-12T08:57:20Z,2026-07-12 10:57,50,5.0,0,
2026-07-12T09:02:25Z,2026-07-12 11:02,50,5.0,0,
2026-07-12T09:07:31Z,2026-07-12 11:07,50,5.0,0,
2026-07-12T09:12:36Z,2026-07-12 11:12,50,5.0,0,
2026-07-12T09:17:42Z,2026-07-12 11:17,50,5.0,0,
2026-07-12T09:22:48Z,2026-07-12 11:22,50,5.0,20,2.0
2026-07-12T09:27:53Z,2026-07-12 11:27,50,5.0,20,2.0
2026-07-12T09:32:58Z,2026-07-12 11:32,50,5.0,20,2.0
2026-07-12T09:38:04Z,2026-07-12 11:38,50,5.0,20,2.0
2026-07-12T09:43:10Z,2026-07-12 11:43,0,,20,2.0
2026-07-12T09:48:15Z,2026-07-12 11:48,0,,20,2.0
2026-07-12T09:53:22Z,2026-07-12 11:53,0,,20,2.0
2026-07-12T09:58:28Z,2026-07-12 11:58,0,,30,3.0
2026-07-12T10:03:33Z,2026-07-12 12:03,0,,30,3.0
2026-07-12T10:08:39Z,2026-07-12 12:08,0,,30,3.0
2026-07-12T10:13:45Z,2026-07-12 12:13,0,,30,3.0
2026-07-12T10:18:52Z,2026-07-12 12:18,0,,30,3.0
2026-07-12T10:23:59Z,2026-07-12 12:23,0,,30,3.0
2026-07-12T10:29:05Z,2026-07-12 12:29,0,,40,4.0
2026-07-12T10:34:24Z,2026-07-12 12:34,0,,40,4.0
2026-07-12T10:38:23Z,2026-07-12 12:38,50,5.0,40,4.0
2026-07-12T10:43:28Z,2026-07-12 12:43,60,6.0,40,4.0
2026-07-12T10:48:33Z,2026-07-12 12:48,60,6.0,40,4.0
2026-07-12T10:53:37Z,2026-07-12 12:53,60,6.0,40,4.0
2026-07-12T10:58:42Z,2026-07-12 12:58,80,8.0,40,4.0
2026-07-12T11:03:47Z,2026-07-12 13:03,80,8.0,40,4.0
2026-07-12T11:08:52Z,2026-07-12 13:08,80,8.0,40,4.0
2026-07-12T11:13:57Z,2026-07-12 13:13,80,8.0,40,4.0
2026-07-12T11:19:02Z,2026-07-12 13:19,80,8.0,40,4.0
2026-07-12T11:24:12Z,2026-07-12 13:24,80,8.0,40,4.0
2026-07-12T11:29:18Z,2026-07-12 13:29,80,8.0,40,4.0
2026-07-12T11:34:23Z,2026-07-12 13:34,80,8.0,40,4.0
2026-07-12T11:39:28Z,2026-07-12 13:39,80,8.0,40,4.0
2026-07-12T11:40:23Z,2026-07-12 13:40,80,8.0,40,4.0
2026-07-12T11:45:27Z,2026-07-12 13:45,80,8.0,40,4.0
2026-07-12T11:50:31Z,2026-07-12 13:50,90,9.0,40,4.0
2026-07-12T11:55:36Z,2026-07-12 13:55,90,9.0,40,4.0
2026-07-12T12:00:41Z,2026-07-12 14:00,90,9.0,40,4.0
2026-07-12T12:05:45Z,2026-07-12 14:05,90,9.0,40,4.0
2026-07-12T12:10:50Z,2026-07-12 14:10,90,9.0,40,4.0
2026-07-12T12:15:54Z,2026-07-12 14:15,90,9.0,40,4.0
2026-07-12T12:20:59Z,2026-07-12 14:20,90,9.0,30,3.0
2026-07-12T12:26:04Z,2026-07-12 14:26,90,9.0,30,3.0
2026-07-12T12:31:08Z,2026-07-12 14:31,90,9.0,30,3.0
2026-07-12T12:36:13Z,2026-07-12 14:36,90,9.0,30,3.0
2026-07-12T12:41:18Z,2026-07-12 14:41,90,9.0,30,3.0
2026-07-12T12:46:22Z,2026-07-12 14:46,90,9.0,30,3.0
2026-07-12T12:51:27Z,2026-07-12 14:51,90,9.0,30,3.0
2026-07-12T12:56:31Z,2026-07-12 14:56,90,9.0,30,3.0
2026-07-12T13:01:36Z,2026-07-12 15:01,90,9.0,30,3.0
2026-07-12T13:06:41Z,2026-07-12 15:06,90,9.0,30,3.0
2026-07-12T13:11:45Z,2026-07-12 15:11,90,9.0,30,3.0
2026-07-12T13:16:50Z,2026-07-12 15:16,90,9.0,30,3.0
2026-07-12T13:21:54Z,2026-07-12 15:21,90,9.0,30,3.0
2026-07-12T13:26:59Z,2026-07-12 15:26,90,9.0,30,3.0
2026-07-12T13:32:05Z,2026-07-12 15:32,90,9.0,30,3.0
2026-07-12T13:37:10Z,2026-07-12 15:37,50,5.0,30,3.0
2026-07-12T13:42:14Z,2026-07-12 15:42,50,5.0,30,3.0
2026-07-12T13:47:19Z,2026-07-12 15:47,50,5.0,30,3.0
2026-07-12T13:52:23Z,2026-07-12 15:52,50,5.0,30,3.0
2026-07-12T13:57:28Z,2026-07-12 15:57,50,5.0,30,3.0
2026-07-12T14:02:33Z,2026-07-12 16:02,50,5.0,30,3.0
2026-07-12T14:07:37Z,2026-07-12 16:07,50,5.0,30,3.0
2026-07-12T14:12:42Z,2026-07-12 16:12,50,5.0,30,3.0
2026-07-12T14:17:47Z,2026-07-12 16:17,50,5.0,30,3.0
2026-07-12T14:22:51Z,2026-07-12 16:22,50,5.0,30,3.0
2026-07-12T14:27:55Z,2026-07-12 16:27,50,5.0,30,3.0
2026-07-12T14:28:05Z,2026-07-12 16:28,50,5.0,30,3.0
2026-07-12T14:33:10Z,2026-07-12 16:33,50,5.0,30,3.0
2026-07-12T14:38:15Z,2026-07-12 16:38,50,5.0,30,3.0
2026-07-12T14:43:20Z,2026-07-12 16:43,50,5.0,30,3.0
2026-07-12T14:48:25Z,2026-07-12 16:48,50,5.0,30,3.0
2026-07-12T14:53:29Z,2026-07-12 16:53,50,5.0,30,3.0
2026-07-12T14:58:33Z,2026-07-12 16:58,50,5.0,30,3.0
2026-07-12T15:03:38Z,2026-07-12 17:03,50,5.0,30,3.0
2026-07-12T15:08:42Z,2026-07-12 17:08,50,5.0,30,3.0
2026-07-12T15:13:47Z,2026-07-12 17:13,50,5.0,30,3.0
2026-07-12T15:18:51Z,2026-07-12 17:18,40,4.0,30,3.0
2026-07-12T15:23:56Z,2026-07-12 17:23,40,4.0,30,3.0
2026-07-12T15:29:00Z,2026-07-12 17:29,40,4.0,30,3.0
2026-07-12T15:34:05Z,2026-07-12 17:34,40,4.0,30,3.0
2026-07-12T15:39:11Z,2026-07-12 17:39,30,3.0,20,2.0
2026-07-12T15:44:16Z,2026-07-12 17:44,30,3.0,20,2.0
2026-07-12T15:49:21Z,2026-07-12 17:49,30,3.0,20,2.0
2026-07-12T15:54:26Z,2026-07-12 17:54,30,3.0,10,1.0
2026-07-12T15:59:30Z,2026-07-12 17:59,30,3.0,10,1.0
2026-07-12T16:04:35Z,2026-07-12 18:04,30,3.0,10,1.0
2026-07-12T16:09:39Z,2026-07-12 18:09,30,3.0,10,1.0
2026-07-12T16:14:44Z,2026-07-12 18:14,30,3.0,10,1.0
2026-07-12T16:19:48Z,2026-07-12 18:19,30,3.0,10,1.0
2026-07-12T16:24:53Z,2026-07-12 18:24,20,2.0,0,
2026-07-12T16:29:57Z,2026-07-12 18:29,20,2.0,0,
2026-07-12T16:35:02Z,2026-07-12 18:35,20,2.0,0,
2026-07-12T16:40:08Z,2026-07-12 18:40,20,2.0,0,
2026-07-12T16:45:13Z,2026-07-12 18:45,10,1.0,0,
2026-07-12T16:50:17Z,2026-07-12 18:50,0,,0,
2026-07-12T16:55:22Z,2026-07-12 18:55,0,,0,
2026-07-12T17:00:27Z,2026-07-12 19:00,0,,0,
2026-07-12T17:05:31Z,2026-07-12 19:05,0,,0,
2026-07-12T17:10:36Z,2026-07-12 19:10,0,,0,
2026-07-12T17:15:40Z,2026-07-12 19:15,0,,0,
2026-07-12T17:15:54Z,2026-07-12 19:15,0,,0,
2026-07-12T17:20:59Z,2026-07-12 19:20,0,,0,
2026-07-12T17:26:05Z,2026-07-12 19:26,0,,0,
2026-07-12T17:31:11Z,2026-07-12 19:31,0,,0,
2026-07-12T17:36:18Z,2026-07-12 19:36,0,,0,
2026-07-12T17:41:24Z,2026-07-12 19:41,0,,0,
2026-07-12T17:46:29Z,2026-07-12 19:46,0,,0,
2026-07-12T17:51:35Z,2026-07-12 19:51,0,,0,
2026-07-12T17:56:41Z,2026-07-12 19:56,0,,0,
2026-07-12T18:01:46Z,2026-07-12 20:01,0,,0,
2026-07-12T18:06:53Z,2026-07-12 20:06,0,,0,
2026-07-12T18:11:58Z,2026-07-12 20:11,0,,0,
2026-07-12T18:17:04Z,2026-07-12 20:17,0,,0,
2026-07-12T18:22:09Z,2026-07-12 20:22,0,,0,
2026-07-12T18:27:15Z,2026-07-12 20:27,0,,0,
2026-07-12T18:32:21Z,2026-07-12 20:32,0,,0,
2026-07-12T18:37:26Z,2026-07-12 20:37,0,,0,
2026-07-12T18:42:33Z,2026-07-12 20:42,0,,0,
2026-07-12T18:47:38Z,2026-07-12 20:47,0,,0,
2026-07-12T18:52:44Z,2026-07-12 20:52,0,,0,
2026-07-12T18:57:49Z,2026-07-12 20:57,0,,0,
2026-07-12T19:02:55Z,2026-07-12 21:02,0,,0,
2026-07-12T19:08:00Z,2026-07-12 21:08,0,,0,
2026-07-12T19:13:06Z,2026-07-12 21:13,0,,0,
2026-07-12T19:18:12Z,2026-07-12 21:18,0,,0,
2026-07-12T19:23:17Z,2026-07-12 21:23,0,,0,
2026-07-12T19:28:24Z,2026-07-12 21:28,0,,0,
2026-07-12T19:33:30Z,2026-07-12 21:33,0,,0,
2026-07-12T19:38:35Z,2026-07-12 21:38,0,,0,
2026-07-12T19:43:41Z,2026-07-12 21:43,0,,0,
2026-07-12T19:48:46Z,2026-07-12 21:48,0,,0,
2026-07-12T19:53:52Z,2026-07-12 21:53,0,,0,
2026-07-12T19:58:59Z,2026-07-12 21:58,0,,0,
2026-07-12T20:04:05Z,2026-07-12 22:04,0,,0,
2026-07-12T20:04:17Z,2026-07-12 22:04,0,,0,
2026-07-12T20:09:21Z,2026-07-12 22:09,0,,0,
2026-07-12T20:14:26Z,2026-07-12 22:14,0,,0,
2026-07-12T20:19:30Z,2026-07-12 22:19,0,,0,
2026-07-12T20:24:35Z,2026-07-12 22:24,0,,0,
2026-07-12T20:29:39Z,2026-07-12 22:29,0,,0,
2026-07-12T20:34:44Z,2026-07-12 22:34,0,,0,
2026-07-12T20:39:49Z,2026-07-12 22:39,0,,0,
2026-07-12T20:44:53Z,2026-07-12 22:44,0,,0,
2026-07-12T20:49:58Z,2026-07-12 22:49,0,,0,
2026-07-12T20:55:02Z,2026-07-12 22:55,0,,0,
2026-07-12T21:00:08Z,2026-07-12 23:00,0,,0,
2026-07-12T21:05:13Z,2026-07-12 23:05,0,,0,
2026-07-12T21:10:18Z,2026-07-12 23:10,0,,0,
2026-07-12T21:15:22Z,2026-07-12 23:15,0,,0,
2026-07-12T21:20:27Z,2026-07-12 23:20,0,,0,
2026-07-12T21:25:31Z,2026-07-12 23:25,0,,0,
2026-07-12T21:30:36Z,2026-07-12 23:30,0,,0,
2026-07-12T21:35:40Z,2026-07-12 23:35,0,,0,
2026-07-12T21:40:45Z,2026-07-12 23:40,0,,0,
2026-07-12T21:45:49Z,2026-07-12 23:45,0,,0,
2026-07-12T21:50:54Z,2026-07-12 23:50,0,,0,
2026-07-12T21:55:58Z,2026-07-12 23:55,0,,0,
2026-07-12T22:01:04Z,2026-07-13 00:01,0,,0,
2026-07-12T22:06:08Z,2026-07-13 00:06,0,,0,
2026-07-12T22:11:13Z,2026-07-13 00:11,0,,0,
2026-07-12T22:16:17Z,2026-07-13 00:16,0,,0,
2026-07-12T22:21:22Z,2026-07-13 00:21,0,,0,
2026-07-12T22:26:27Z,2026-07-13 00:26,0,,0,
2026-07-12T22:31:32Z,2026-07-13 00:31,0,,0,
2026-07-12T22:36:37Z,2026-07-13 00:36,0,,0,
2026-07-12T22:41:41Z,2026-07-13 00:41,0,,0,
2026-07-12T22:46:45Z,2026-07-13 00:46,0,,0,
2026-07-12T22:51:50Z,2026-07-13 00:51,0,,0,
2026-07-12T22:52:00Z,2026-07-13 00:52,0,,0,
2026-07-12T22:57:02Z,2026-07-13 00:57,0,,0,
2026-07-12T23:02:07Z,2026-07-13 01:02,0,,0,
2026-07-12T23:07:11Z,2026-07-13 01:07,0,,0,
2026-07-12T23:12:16Z,2026-07-13 01:12,0,,0,
2026-07-12T23:17:20Z,2026-07-13 01:17,0,,0,
2026-07-12T23:22:24Z,2026-07-13 01:22,0,,0,
2026-07-12T23:27:29Z,2026-07-13 01:27,0,,0,
2026-07-12T23:32:33Z,2026-07-13 01:32,0,,0,
2026-07-12T23:37:38Z,2026-07-13 01:37,0,,0,
2026-07-12T23:42:42Z,2026-07-13 01:42,0,,0,
2026-07-12T23:47:46Z,2026-07-13 01:47,0,,0,
2026-07-12T23:52:51Z,2026-07-13 01:52,0,,0,
2026-07-12T23:57:55Z,2026-07-13 01:57,0,,0,
2026-07-13T00:03:00Z,2026-07-13 02:03,0,,0,
2026-07-13T00:08:05Z,2026-07-13 02:08,0,,0,
2026-07-13T00:13:09Z,2026-07-13 02:13,0,,0,
2026-07-13T00:18:13Z,2026-07-13 02:18,0,,0,
2026-07-13T00:23:19Z,2026-07-13 02:23,0,,0,
2026-07-13T00:28:23Z,2026-07-13 02:28,0,,0,
2026-07-13T00:33:28Z,2026-07-13 02:33,0,,0,
2026-07-13T00:38:33Z,2026-07-13 02:38,0,,0,
2026-07-13T00:43:38Z,2026-07-13 02:43,0,,0,
2026-07-13T01:43:07Z,2026-07-13 03:43,0,,0,
2026-07-13T01:48:12Z,2026-07-13 03:48,0,,0,
2026-07-13T01:53:18Z,2026-07-13 03:53,0,,0,
2026-07-13T01:58:23Z,2026-07-13 03:58,0,,0,
2026-07-13T02:03:29Z,2026-07-13 04:03,0,,0,
2026-07-13T02:08:34Z,2026-07-13 04:08,0,,0,
2026-07-13T02:13:40Z,2026-07-13 04:13,0,,0,
2026-07-13T02:18:46Z,2026-07-13 04:18,0,,0,
2026-07-13T02:23:51Z,2026-07-13 04:23,0,,0,
2026-07-13T02:28:57Z,2026-07-13 04:28,0,,0,
2026-07-13T02:34:02Z,2026-07-13 04:34,0,,0,
2026-07-13T02:39:08Z,2026-07-13 04:39,0,,0,
2026-07-13T02:44:13Z,2026-07-13 04:44,0,,0,
2026-07-13T02:49:19Z,2026-07-13 04:49,0,,0,
2026-07-13T02:54:25Z,2026-07-13 04:54,0,,0,
2026-07-13T02:59:30Z,2026-07-13 04:59,0,,0,
2026-07-13T03:04:36Z,2026-07-13 05:04,0,,0,
2026-07-13T03:09:41Z,2026-07-13 05:09,0,,0,
2026-07-13T03:14:46Z,2026-07-13 05:14,0,,0,
2026-07-13T03:19:51Z,2026-07-13 05:19,0,,0,
2026-07-13T03:24:56Z,2026-07-13 05:24,0,,0,
2026-07-13T03:30:02Z,2026-07-13 05:30,0,,0,
2026-07-13T03:35:08Z,2026-07-13 05:35,0,,0,
2026-07-13T03:40:14Z,2026-07-13 05:40,0,,0,
2026-07-13T03:45:19Z,2026-07-13 05:45,0,,10,1.0
2026-07-13T03:50:25Z,2026-07-13 05:50,20,2.0,10,1.0
2026-07-13T03:55:33Z,2026-07-13 05:55,20,2.0,20,2.0
2026-07-13T04:00:39Z,2026-07-13 06:00,20,2.0,20,2.0
2026-07-13T04:05:44Z,2026-07-13 06:05,20,2.0,20,2.0
2026-07-13T04:10:50Z,2026-07-13 06:10,20,2.0,20,2.0
2026-07-13T04:15:55Z,2026-07-13 06:15,20,2.0,20,2.0
2026-07-13T04:21:02Z,2026-07-13 06:21,20,2.0,20,2.0
2026-07-13T04:26:07Z,2026-07-13 06:26,20,2.0,20,2.0
2026-07-13T04:31:12Z,2026-07-13 06:31,20,2.0,20,2.0
2026-07-13T04:55:26Z,2026-07-13 06:55,40,4.0,30,3.0
2026-07-13T05:00:31Z,2026-07-13 07:00,40,4.0,30,3.0
2026-07-13T05:05:36Z,2026-07-13 07:05,40,4.0,30,3.0
2026-07-13T05:10:41Z,2026-07-13 07:10,40,4.0,30,3.0
2026-07-13T05:15:45Z,2026-07-13 07:15,40,4.0,30,3.0
2026-07-13T05:20:50Z,2026-07-13 07:20,50,5.0,30,3.0
2026-07-13T05:25:55Z,2026-07-13 07:25,50,5.0,30,3.0
2026-07-13T05:31:00Z,2026-07-13 07:31,50,5.0,30,3.0
2026-07-13T05:36:05Z,2026-07-13 07:36,50,5.0,30,3.0
2026-07-13T05:41:11Z,2026-07-13 07:41,50,5.0,30,3.0
2026-07-13T05:46:16Z,2026-07-13 07:46,50,5.0,30,3.0
2026-07-13T05:51:21Z,2026-07-13 07:51,60,6.0,20,2.0
2026-07-13T05:56:26Z,2026-07-13 07:56,60,6.0,20,2.0
2026-07-13T06:01:31Z,2026-07-13 08:01,60,6.0,20,2.0
2026-07-13T06:06:36Z,2026-07-13 08:06,60,6.0,10,1.0
2026-07-13T06:11:41Z,2026-07-13 08:11,60,6.0,10,1.0
2026-07-13T06:16:46Z,2026-07-13 08:16,60,6.0,10,1.0
2026-07-13T06:21:50Z,2026-07-13 08:21,60,6.0,10,1.0
2026-07-13T06:26:55Z,2026-07-13 08:26,60,6.0,10,1.0
2026-07-13T06:32:00Z,2026-07-13 08:32,60,6.0,10,1.0
2026-07-13T06:37:05Z,2026-07-13 08:37,60,6.0,10,1.0
2026-07-13T06:42:10Z,2026-07-13 08:42,60,6.0,10,1.0
2026-07-13T06:47:15Z,2026-07-13 08:47,60,6.0,0,
2026-07-13T06:52:23Z,2026-07-13 08:52,60,6.0,0,
2026-07-13T06:57:28Z,2026-07-13 08:57,60,6.0,0,
2026-07-13T07:02:33Z,2026-07-13 09:02,60,6.0,0,
2026-07-13T07:07:38Z,2026-07-13 09:07,50,5.0,0,
2026-07-13T07:12:43Z,2026-07-13 09:12,50,5.0,0,
2026-07-13T07:17:49Z,2026-07-13 09:17,50,5.0,0,
2026-07-13T07:22:54Z,2026-07-13 09:22,50,5.0,0,
2026-07-13T07:28:00Z,2026-07-13 09:28,50,5.0,0,
2026-07-13T07:33:05Z,2026-07-13 09:33,50,5.0,0,
2026-07-13T07:38:10Z,2026-07-13 09:38,50,5.0,0,
2026-07-13T07:43:15Z,2026-07-13 09:43,50,5.0,0,
2026-07-13T08:12:47Z,2026-07-13 10:12,50,5.0,10,1.0
2026-07-13T08:17:52Z,2026-07-13 10:17,50,5.0,10,1.0
2026-07-13T08:22:56Z,2026-07-13 10:22,50,5.0,10,1.0
2026-07-13T08:28:01Z,2026-07-13 10:28,50,5.0,10,1.0
2026-07-13T08:33:06Z,2026-07-13 10:33,50,5.0,10,1.0
2026-07-13T08:38:11Z,2026-07-13 10:38,50,5.0,10,1.0
2026-07-13T08:43:16Z,2026-07-13 10:43,50,5.0,10,1.0
2026-07-13T08:48:23Z,2026-07-13 10:48,50,5.0,10,1.0
2026-07-13T08:53:27Z,2026-07-13 10:53,50,5.0,10,1.0
2026-07-13T08:58:32Z,2026-07-13 10:58,50,5.0,10,1.0
2026-07-13T09:03:37Z,2026-07-13 11:03,50,5.0,10,1.0
2026-07-13T09:08:42Z,2026-07-13 11:08,50,5.0,10,1.0
2026-07-13T09:13:46Z,2026-07-13 11:13,50,5.0,10,1.0
2026-07-13T09:18:51Z,2026-07-13 11:18,50,5.0,10,1.0
2026-07-13T09:23:56Z,2026-07-13 11:23,60,6.0,10,1.0
2026-07-13T09:29:01Z,2026-07-13 11:29,60,6.0,10,1.0
2026-07-13T09:34:08Z,2026-07-13 11:34,60,6.0,10,1.0
2026-07-13T09:39:13Z,2026-07-13 11:39,70,7.0,20,2.0
2026-07-13T09:44:23Z,2026-07-13 11:44,70,7.0,20,2.0
2026-07-13T09:49:28Z,2026-07-13 11:49,70,7.0,20,2.0
2026-07-13T09:54:33Z,2026-07-13 11:54,70,7.0,20,2.0
2026-07-13T09:59:37Z,2026-07-13 11:59,70,7.0,20,2.0
2026-07-13T10:04:42Z,2026-07-13 12:04,80,8.0,30,3.0
2026-07-13T10:09:47Z,2026-07-13 12:09,80,8.0,30,3.0
2026-07-13T10:14:54Z,2026-07-13 12:14,80,8.0,30,3.0
2026-07-13T10:19:58Z,2026-07-13 12:19,80,8.0,30,3.0
2026-07-13T10:25:05Z,2026-07-13 12:25,80,8.0,30,3.0
2026-07-13T10:30:10Z,2026-07-13 12:30,80,8.0,30,3.0
2026-07-13T10:35:15Z,2026-07-13 12:35,80,8.0,40,4.0
2026-07-13T10:40:20Z,2026-07-13 12:40,80,8.0,40,4.0
2026-07-13T10:45:25Z,2026-07-13 12:45,80,8.0,40,4.0
2026-07-13T10:50:30Z,2026-07-13 12:50,80,8.0,40,4.0
2026-07-13T10:55:34Z,2026-07-13 12:55,80,8.0,50,5.0
2026-07-13T11:00:39Z,2026-07-13 13:00,80,8.0,50,5.0
2026-07-13T11:36:27Z,2026-07-13 13:36,90,9.0,50,5.0
2026-07-13T11:41:32Z,2026-07-13 13:41,90,9.0,50,5.0
2026-07-13T11:46:39Z,2026-07-13 13:46,90,9.0,50,5.0
2026-07-13T11:51:45Z,2026-07-13 13:51,90,9.0,50,5.0
2026-07-13T11:56:52Z,2026-07-13 13:56,90,9.0,50,5.0
2026-07-13T12:01:58Z,2026-07-13 14:01,90,9.0,50,5.0
2026-07-13T12:07:05Z,2026-07-13 14:07,90,9.0,50,5.0
2026-07-13T12:12:13Z,2026-07-13 14:12,90,9.0,50,5.0
2026-07-13T12:17:18Z,2026-07-13 14:17,90,9.0,50,5.0
2026-07-13T12:22:25Z,2026-07-13 14:22,90,9.0,50,5.0
2026-07-13T12:27:31Z,2026-07-13 14:27,90,9.0,40,4.0
2026-07-13T12:32:36Z,2026-07-13 14:32,90,9.0,40,4.0
2026-07-13T12:37:42Z,2026-07-13 14:37,90,9.0,40,4.0
2026-07-13T12:42:47Z,2026-07-13 14:42,90,9.0,40,4.0
2026-07-13T12:47:53Z,2026-07-13 14:47,90,9.0,40,4.0
2026-07-13T12:52:58Z,2026-07-13 14:52,90,9.0,30,3.0
2026-07-13T12:58:04Z,2026-07-13 14:58,90,9.0,30,3.0
2026-07-13T13:03:10Z,2026-07-13 15:03,90,9.0,30,3.0
2026-07-13T13:08:16Z,2026-07-13 15:08,90,9.0,30,3.0
2026-07-13T13:13:21Z,2026-07-13 15:13,90,9.0,30,3.0
2026-07-13T13:18:27Z,2026-07-13 15:18,90,9.0,30,3.0
2026-07-13T13:23:33Z,2026-07-13 15:23,90,9.0,30,3.0
2026-07-13T13:28:38Z,2026-07-13 15:28,90,9.0,30,3.0
2026-07-13T13:33:44Z,2026-07-13 15:33,90,9.0,30,3.0
2026-07-13T13:38:49Z,2026-07-13 15:38,90,9.0,30,3.0
2026-07-13T13:43:55Z,2026-07-13 15:43,90,9.0,30,3.0
2026-07-13T13:49:01Z,2026-07-13 15:49,90,9.0,30,3.0
2026-07-13T13:54:07Z,2026-07-13 15:54,90,9.0,30,3.0
2026-07-13T13:59:13Z,2026-07-13 15:59,90,9.0,30,3.0
2026-07-13T14:04:19Z,2026-07-13 16:04,90,9.0,30,3.0
2026-07-13T14:09:25Z,2026-07-13 16:09,90,9.0,30,3.0
2026-07-13T14:14:31Z,2026-07-13 16:14,90,9.0,30,3.0
2026-07-13T14:19:36Z,2026-07-13 16:19,90,9.0,30,3.0
2026-07-13T14:24:42Z,2026-07-13 16:24,90,9.0,30,3.0
2026-07-13T14:24:55Z,2026-07-13 16:24,90,9.0,30,3.0
2026-07-13T14:30:01Z,2026-07-13 16:30,90,9.0,30,3.0
2026-07-13T14:35:08Z,2026-07-13 16:35,90,9.0,30,3.0
2026-07-13T14:40:13Z,2026-07-13 16:40,90,9.0,20,2.0
2026-07-13T14:45:18Z,2026-07-13 16:45,90,9.0,20,2.0
2026-07-13T14:50:23Z,2026-07-13 16:50,90,9.0,20,2.0
2026-07-13T14:55:29Z,2026-07-13 16:55,90,9.0,20,2.0
2026-07-13T15:00:34Z,2026-07-13 17:00,90,9.0,20,2.0
2026-07-13T15:05:38Z,2026-07-13 17:05,90,9.0,20,2.0
2026-07-13T15:10:43Z,2026-07-13 17:10,90,9.0,20,2.0
2026-07-13T15:15:48Z,2026-07-13 17:15,90,9.0,20,2.0
2026-07-13T15:20:53Z,2026-07-13 17:20,90,9.0,20,2.0
2026-07-13T15:25:59Z,2026-07-13 17:25,90,9.0,20,2.0
2026-07-13T15:31:04Z,2026-07-13 17:31,90,9.0,20,2.0
2026-07-13T15:36:09Z,2026-07-13 17:36,50,5.0,20,2.0
2026-07-13T15:41:14Z,2026-07-13 17:41,50,5.0,20,2.0
2026-07-13T15:46:19Z,2026-07-13 17:46,50,5.0,20,2.0
2026-07-13T15:51:24Z,2026-07-13 17:51,50,5.0,20,2.0
2026-07-13T15:56:29Z,2026-07-13 17:56,50,5.0,20,2.0
2026-07-13T16:01:34Z,2026-07-13 18:01,50,5.0,10,1.0
2026-07-13T16:06:39Z,2026-07-13 18:06,40,4.0,10,1.0
2026-07-13T16:11:44Z,2026-07-13 18:11,40,4.0,0,
2026-07-13T16:16:54Z,2026-07-13 18:16,40,4.0,0,
2026-07-13T16:21:59Z,2026-07-13 18:21,40,4.0,0,
2026-07-13T16:27:03Z,2026-07-13 18:27,40,4.0,0,
2026-07-13T16:32:08Z,2026-07-13 18:32,30,3.0,0,
2026-07-13T16:37:14Z,2026-07-13 18:37,30,3.0,0,
2026-07-13T16:42:19Z,2026-07-13 18:42,30,3.0,0,
2026-07-13T16:47:24Z,2026-07-13 18:47,30,3.0,0,
2026-07-13T16:52:28Z,2026-07-13 18:52,30,3.0,0,
2026-07-13T16:57:33Z,2026-07-13 18:57,30,3.0,0,
2026-07-13T17:02:38Z,2026-07-13 19:02,30,3.0,0,
2026-07-13T17:07:43Z,2026-07-13 19:07,20,2.0,0,
2026-07-13T17:12:48Z,2026-07-13 19:12,20,2.0,0,
2026-07-13T17:13:02Z,2026-07-13 19:13,20,2.0,0,
2026-07-13T17:18:08Z,2026-07-13 19:18,20,2.0,0,
2026-07-13T17:23:16Z,2026-07-13 19:23,20,2.0,0,
2026-07-13T17:28:22Z,2026-07-13 19:28,10,1.0,0,
2026-07-13T17:33:28Z,2026-07-13 19:33,0,,0,
2026-07-13T17:38:38Z,2026-07-13 19:38,0,,0,
2026-07-13T17:43:43Z,2026-07-13 19:43,0,,0,
2026-07-13T17:48:49Z,2026-07-13 19:48,0,,0,
2026-07-13T17:53:55Z,2026-07-13 19:53,0,,0,
2026-07-13T17:59:01Z,2026-07-13 19:59,0,,0,
2026-07-13T18:04:07Z,2026-07-13 20:04,0,,0,
2026-07-13T18:09:14Z,2026-07-13 20:09,0,,0,
2026-07-13T18:14:19Z,2026-07-13 20:14,0,,0,
2026-07-13T18:19:25Z,2026-07-13 20:19,0,,0,
2026-07-13T18:24:31Z,2026-07-13 20:24,0,,0,
2026-07-13T18:29:37Z,2026-07-13 20:29,0,,0,
2026-07-13T18:34:42Z,2026-07-13 20:34,0,,0,
2026-07-13T18:39:48Z,2026-07-13 20:39,0,,0,
2026-07-13T18:44:54Z,2026-07-13 20:44,0,,0,
2026-07-13T18:49:59Z,2026-07-13 20:49,0,,0,
2026-07-13T18:55:08Z,2026-07-13 20:55,0,,0,
2026-07-13T19:00:14Z,2026-07-13 21:00,0,,0,
2026-07-13T19:05:20Z,2026-07-13 21:05,0,,0,
2026-07-13T19:10:26Z,2026-07-13 21:10,0,,0,
2026-07-13T19:15:32Z,2026-07-13 21:15,0,,0,
2026-07-13T19:20:38Z,2026-07-13 21:20,0,,0,
2026-07-13T19:25:43Z,2026-07-13 21:25,0,,0,
2026-07-13T19:30:49Z,2026-07-13 21:30,0,,0,
2026-07-13T19:35:55Z,2026-07-13 21:35,0,,0,
2026-07-13T19:41:01Z,2026-07-13 21:41,0,,0,
2026-07-13T19:46:07Z,2026-07-13 21:46,0,,0,
2026-07-13T19:51:13Z,2026-07-13 21:51,0,,0,
2026-07-13T19:56:18Z,2026-07-13 21:56,0,,0,
2026-07-13T20:01:24Z,2026-07-13 22:01,0,,0,
2026-07-13T20:01:38Z,2026-07-13 22:01,0,,0,
2026-07-13T20:06:43Z,2026-07-13 22:06,0,,0,
2026-07-13T20:11:48Z,2026-07-13 22:11,0,,0,
2026-07-13T20:16:53Z,2026-07-13 22:16,0,,0,
2026-07-13T20:21:58Z,2026-07-13 22:21,0,,0,
2026-07-13T20:27:04Z,2026-07-13 22:27,0,,0,
2026-07-13T20:32:09Z,2026-07-13 22:32,0,,0,
2026-07-13T20:37:14Z,2026-07-13 22:37,0,,0,
2026-07-13T20:42:19Z,2026-07-13 22:42,0,,0,
2026-07-13T20:47:24Z,2026-07-13 22:47,0,,0,
2026-07-13T20:52:29Z,2026-07-13 22:52,0,,0,
2026-07-13T20:57:34Z,2026-07-13 22:57,0,,0,
2026-07-13T21:02:40Z,2026-07-13 23:02,0,,0,
2026-07-13T21:07:45Z,2026-07-13 23:07,0,,0,
2026-07-13T21:12:50Z,2026-07-13 23:12,0,,0,
2026-07-13T21:17:55Z,2026-07-13 23:17,0,,0,
2026-07-13T21:23:00Z,2026-07-13 23:23,0,,0,
2026-07-13T21:28:07Z,2026-07-13 23:28,0,,0,
2026-07-13T21:33:12Z,2026-07-13 23:33,0,,0,
2026-07-13T21:38:17Z,2026-07-13 23:38,0,,0,
2026-07-13T21:43:22Z,2026-07-13 23:43,0,,0,
2026-07-13T21:48:27Z,2026-07-13 23:48,0,,0,
2026-07-13T21:53:32Z,2026-07-13 23:53,0,,0,
2026-07-13T21:58:37Z,2026-07-13 23:58,0,,0,
2026-07-13T22:03:42Z,2026-07-14 00:03,0,,0,
2026-07-13T22:08:47Z,2026-07-14 00:08,0,,0,
2026-07-13T22:13:52Z,2026-07-14 00:13,0,,0,
2026-07-13T22:18:57Z,2026-07-14 00:18,0,,0,
2026-07-13T22:24:02Z,2026-07-14 00:24,0,,0,
2026-07-13T22:29:07Z,2026-07-14 00:29,0,,0,
2026-07-13T22:34:12Z,2026-07-14 00:34,0,,0,
2026-07-13T22:39:17Z,2026-07-14 00:39,0,,0,
2026-07-13T22:44:22Z,2026-07-14 00:44,0,,0,
2026-07-13T22:49:27Z,2026-07-14 00:49,0,,0,
2026-07-13T22:49:38Z,2026-07-14 00:49,0,,0,
2026-07-13T22:54:43Z,2026-07-14 00:54,0,,0,
2026-07-13T22:59:47Z,2026-07-14 00:59,0,,0,
2026-07-13T23:04:51Z,2026-07-14 01:04,0,,0,
2026-07-13T23:09:55Z,2026-07-14 01:09,0,,0,
2026-07-13T23:15:00Z,2026-07-14 01:15,0,,0,
2026-07-13T23:20:07Z,2026-07-14 01:20,0,,0,
2026-07-13T23:25:12Z,2026-07-14 01:25,0,,0,
2026-07-13T23:30:16Z,2026-07-14 01:30,0,,0,
2026-07-13T23:35:21Z,2026-07-14 01:35,0,,0,
2026-07-13T23:40:26Z,2026-07-14 01:40,0,,0,
2026-07-13T23:45:30Z,2026-07-14 01:45,0,,0,
2026-07-13T23:50:35Z,2026-07-14 01:50,0,,0,
2026-07-13T23:55:40Z,2026-07-14 01:55,0,,0,
2026-07-14T00:00:45Z,2026-07-14 02:00,0,,0,
2026-07-14T00:05:49Z,2026-07-14 02:05,0,,0,
2026-07-14T00:10:54Z,2026-07-14 02:10,0,,0,
2026-07-14T00:15:58Z,2026-07-14 02:15,0,,0,
2026-07-14T00:21:03Z,2026-07-14 02:21,0,,0,
2026-07-14T00:26:12Z,2026-07-14 02:26,0,,0,
2026-07-14T00:31:18Z,2026-07-14 02:31,0,,0,
2026-07-14T00:36:23Z,2026-07-14 02:36,0,,0,
2026-07-14T00:41:28Z,2026-07-14 02:41,0,,0,
2026-07-14T00:46:34Z,2026-07-14 02:46,0,,0,
2026-07-14T00:51:39Z,2026-07-14 02:51,0,,0,
2026-07-14T00:56:43Z,2026-07-14 02:56,0,,0,
2026-07-14T01:01:48Z,2026-07-14 03:01,0,,0,
2026-07-14T01:06:53Z,2026-07-14 03:06,0,,0,
2026-07-14T01:11:58Z,2026-07-14 03:11,0,,0,
2026-07-14T01:17:03Z,2026-07-14 03:17,0,,0,
2026-07-14T01:22:08Z,2026-07-14 03:22,0,,0,
2026-07-14T01:27:13Z,2026-07-14 03:27,0,,0,
2026-07-14T01:32:17Z,2026-07-14 03:32,0,,0,
2026-07-14T01:37:22Z,2026-07-14 03:37,0,,0,
2026-07-14T01:37:33Z,2026-07-14 03:37,0,,0,
2026-07-14T01:42:38Z,2026-07-14 03:42,0,,0,
2026-07-14T01:47:42Z,2026-07-14 03:47,0,,0,
2026-07-14T01:52:47Z,2026-07-14 03:52,0,,0,
2026-07-14T01:57:51Z,2026-07-14 03:57,0,,0,
2026-07-14T02:02:55Z,2026-07-14 04:02,0,,0,
2026-07-14T02:08:00Z,2026-07-14 04:08,0,,0,
2026-07-14T02:13:05Z,2026-07-14 04:13,0,,0,
2026-07-14T02:18:09Z,2026-07-14 04:18,0,,0,
2026-07-14T02:23:14Z,2026-07-14 04:23,0,,0,
2026-07-14T02:28:18Z,2026-07-14 04:28,0,,0,
2026-07-14T02:33:23Z,2026-07-14 04:33,0,,0,
2026-07-14T02:38:27Z,2026-07-14 04:38,0,,0,
2026-07-14T02:43:32Z,2026-07-14 04:43,0,,0,
2026-07-14T02:48:36Z,2026-07-14 04:48,0,,0,
2026-07-14T02:53:41Z,2026-07-14 04:53,0,,0,
2026-07-14T02:58:46Z,2026-07-14 04:58,0,,0,
2026-07-14T03:03:50Z,2026-07-14 05:03,0,,0,
2026-07-14T03:08:55Z,2026-07-14 05:08,0,,0,
2026-07-14T03:13:59Z,2026-07-14 05:13,0,,0,
2026-07-14T03:19:04Z,2026-07-14 05:19,0,,0,
2026-07-14T03:24:09Z,2026-07-14 05:24,0,,0,
2026-07-14T03:29:13Z,2026-07-14 05:29,0,,0,
2026-07-14T03:34:18Z,2026-07-14 05:34,0,,0,
2026-07-14T03:39:22Z,2026-07-14 05:39,0,,0,
2026-07-14T03:44:27Z,2026-07-14 05:44,0,,0,
2026-07-14T03:49:31Z,2026-07-14 05:49,0,,0,
2026-07-14T03:54:36Z,2026-07-14 05:54,0,,0,
2026-07-14T03:59:40Z,2026-07-14 05:59,0,,0,
2026-07-14T04:04:45Z,2026-07-14 06:04,0,,0,
2026-07-14T04:09:50Z,2026-07-14 06:09,0,,0,
2026-07-14T04:14:55Z,2026-07-14 06:14,0,,0,
2026-07-14T04:19:59Z,2026-07-14 06:19,0,,0,
2026-07-14T04:25:05Z,2026-07-14 06:25,0,,0,
2026-07-14T04:25:15Z,2026-07-14 06:25,0,,0,
2026-07-14T04:30:20Z,2026-07-14 06:30,0,,0,
2026-07-14T04:35:25Z,2026-07-14 06:35,0,,0,
2026-07-14T04:40:30Z,2026-07-14 06:40,0,,0,
2026-07-14T04:45:34Z,2026-07-14 06:45,0,,0,
2026-07-14T04:50:39Z,2026-07-14 06:50,0,,0,
2026-07-14T04:55:43Z,2026-07-14 06:55,0,,0,
2026-07-14T05:00:48Z,2026-07-14 07:00,0,,0,
2026-07-14T05:05:53Z,2026-07-14 07:05,0,,0,
2026-07-14T05:10:58Z,2026-07-14 07:10,0,,0,
2026-07-14T05:16:02Z,2026-07-14 07:16,0,,0,
2026-07-14T05:21:07Z,2026-07-14 07:21,0,,0,
2026-07-14T05:26:12Z,2026-07-14 07:26,0,,0,
2026-07-14T05:31:17Z,2026-07-14 07:31,0,,0,
2026-07-14T05:36:23Z,2026-07-14 07:36,0,,0,
2026-07-14T05:41:27Z,2026-07-14 07:41,0,,0,
2026-07-14T05:46:32Z,2026-07-14 07:46,0,,0,
2026-07-14T05:51:37Z,2026-07-14 07:51,0,,0,
2026-07-14T05:56:42Z,2026-07-14 07:56,0,,0,
2026-07-14T06:01:46Z,2026-07-14 08:01,0,,0,
2026-07-14T06:06:51Z,2026-07-14 08:06,0,,0,
2026-07-14T06:11:56Z,2026-07-14 08:11,0,,0,
2026-07-14T06:17:00Z,2026-07-14 08:17,0,,0,
2026-07-14T06:22:05Z,2026-07-14 08:22,0,,0,
2026-07-14T06:27:10Z,2026-07-14 08:27,0,,0,
2026-07-14T06:32:16Z,2026-07-14 08:32,0,,0,
2026-07-14T06:37:21Z,2026-07-14 08:37,0,,0,
2026-07-14T06:42:26Z,2026-07-14 08:42,0,,0,
2026-07-14T06:47:31Z,2026-07-14 08:47,0,,0,
2026-07-14T06:52:36Z,2026-07-14 08:52,0,,0,
2026-07-14T06:57:41Z,2026-07-14 08:57,0,,0,
2026-07-14T07:02:45Z,2026-07-14 09:02,0,,0,
2026-07-14T07:07:50Z,2026-07-14 09:07,0,,0,
2026-07-14T07:12:55Z,2026-07-14 09:12,0,,0,
2026-07-14T07:13:06Z,2026-07-14 09:13,0,,0,
2026-07-14T07:18:10Z,2026-07-14 09:18,0,,0,
2026-07-14T07:23:15Z,2026-07-14 09:23,0,,0,
2026-07-14T07:28:20Z,2026-07-14 09:28,0,,0,
2026-07-14T07:33:25Z,2026-07-14 09:33,0,,0,
2026-07-14T07:38:30Z,2026-07-14 09:38,0,,0,
2026-07-14T07:43:34Z,2026-07-14 09:43,0,,0,
2026-07-14T07:48:39Z,2026-07-14 09:48,0,,0,
2026-07-14T07:53:43Z,2026-07-14 09:53,0,,0,
2026-07-14T07:58:48Z,2026-07-14 09:58,0,,0,
2026-07-14T08:03:53Z,2026-07-14 10:03,0,,0,
2026-07-14T08:08:57Z,2026-07-14 10:08,0,,0,
2026-07-14T08:14:02Z,2026-07-14 10:14,0,,0,
2026-07-14T08:19:07Z,2026-07-14 10:19,0,,0,
2026-07-14T08:24:12Z,2026-07-14 10:24,20,2.0,0,
2026-07-14T08:29:21Z,2026-07-14 10:29,20,2.0,0,
2026-07-14T08:34:25Z,2026-07-14 10:34,20,2.0,0,
2026-07-14T08:39:31Z,2026-07-14 10:39,20,2.0,0,
2026-07-14T08:44:36Z,2026-07-14 10:44,20,2.0,0,
2026-07-14T08:49:40Z,2026-07-14 10:49,20,2.0,0,
2026-07-14T08:54:45Z,2026-07-14 10:54,20,2.0,0,
2026-07-14T08:59:50Z,2026-07-14 10:59,20,2.0,0,
2026-07-14T09:04:55Z,2026-07-14 11:04,20,2.0,0,
2026-07-14T09:09:59Z,2026-07-14 11:09,20,2.0,0,
2026-07-14T09:15:04Z,2026-07-14 11:15,30,3.0,0,
2026-07-14T09:20:10Z,2026-07-14 11:20,30,3.0,0,
2026-07-14T09:25:15Z,2026-07-14 11:25,30,3.0,0,
2026-07-14T09:30:20Z,2026-07-14 11:30,30,3.0,0,
2026-07-14T09:35:25Z,2026-07-14 11:35,30,3.0,0,
2026-07-14T09:40:30Z,2026-07-14 11:40,30,3.0,0,
2026-07-14T09:45:35Z,2026-07-14 11:45,30,3.0,0,
2026-07-14T09:50:40Z,2026-07-14 11:50,30,3.0,0,
2026-07-14T09:55:44Z,2026-07-14 11:55,30,3.0,0,
2026-07-14T10:00:49Z,2026-07-14 12:00,30,3.0,0,
2026-07-14T10:01:03Z,2026-07-14 12:01,30,3.0,0,
2026-07-14T10:06:09Z,2026-07-14 12:06,30,3.0,10,1.0
2026-07-14T10:11:15Z,2026-07-14 12:11,40,4.0,20,2.0
2026-07-14T10:16:24Z,2026-07-14 12:16,40,4.0,20,2.0
2026-07-14T10:21:30Z,2026-07-14 12:21,40,4.0,20,2.0
2026-07-14T10:26:35Z,2026-07-14 12:26,40,4.0,20,2.0
2026-07-14T10:31:41Z,2026-07-14 12:31,40,4.0,20,2.0
2026-07-14T10:36:47Z,2026-07-14 12:36,40,4.0,20,2.0
2026-07-14T10:41:53Z,2026-07-14 12:41,40,4.0,20,2.0
2026-07-14T10:46:59Z,2026-07-14 12:46,40,4.0,20,2.0
2026-07-14T10:52:05Z,2026-07-14 12:52,40,4.0,20,2.0
2026-07-14T10:57:11Z,2026-07-14 12:57,40,4.0,20,2.0
2026-07-14T11:02:16Z,2026-07-14 13:02,40,4.0,20,2.0
2026-07-14T11:07:22Z,2026-07-14 13:07,40,4.0,20,2.0
2026-07-14T11:12:28Z,2026-07-14 13:12,40,4.0,20,2.0
2026-07-14T11:17:34Z,2026-07-14 13:17,50,5.0,30,3.0
2026-07-14T11:22:39Z,2026-07-14 13:22,50,5.0,30,3.0
2026-07-14T11:27:45Z,2026-07-14 13:27,50,5.0,30,3.0
2026-07-14T11:32:51Z,2026-07-14 13:32,50,5.0,30,3.0
2026-07-14T11:37:57Z,2026-07-14 13:37,50,5.0,30,3.0
2026-07-14T11:43:02Z,2026-07-14 13:43,50,5.0,30,3.0
2026-07-14T11:48:08Z,2026-07-14 13:48,50,5.0,30,3.0
2026-07-14T11:53:14Z,2026-07-14 13:53,50,5.0,30,3.0
2026-07-14T11:58:20Z,2026-07-14 13:58,50,5.0,30,3.0
2026-07-14T12:03:26Z,2026-07-14 14:03,50,5.0,30,3.0
2026-07-14T12:08:33Z,2026-07-14 14:08,50,5.0,30,3.0
2026-07-14T12:13:38Z,2026-07-14 14:13,50,5.0,30,3.0
2026-07-14T12:18:44Z,2026-07-14 14:18,50,5.0,30,3.0
2026-07-14T12:23:50Z,2026-07-14 14:23,50,5.0,30,3.0
2026-07-14T12:28:56Z,2026-07-14 14:28,50,5.0,30,3.0
2026-07-14T12:34:01Z,2026-07-14 14:34,50,5.0,30,3.0
2026-07-14T12:39:07Z,2026-07-14 14:39,50,5.0,30,3.0
2026-07-14T12:44:13Z,2026-07-14 14:44,50,5.0,30,3.0
2026-07-14T12:49:20Z,2026-07-14 14:49,50,5.0,30,3.0
2026-07-14T12:49:34Z,2026-07-14 14:49,50,5.0,30,3.0
2026-07-14T12:54:40Z,2026-07-14 14:54,50,5.0,30,3.0
2026-07-14T12:59:45Z,2026-07-14 14:59,50,5.0,30,3.0
2026-07-14T13:04:51Z,2026-07-14 15:04,50,5.0,30,3.0
2026-07-14T13:09:57Z,2026-07-14 15:09,50,5.0,30,3.0
2026-07-14T13:15:03Z,2026-07-14 15:15,50,5.0,30,3.0
2026-07-14T13:20:08Z,2026-07-14 15:20,50,5.0,30,3.0
2026-07-14T13:25:14Z,2026-07-14 15:25,50,5.0,30,3.0
2026-07-14T13:30:20Z,2026-07-14 15:30,50,5.0,30,3.0
2026-07-14T13:35:26Z,2026-07-14 15:35,50,5.0,30,3.0
2026-07-14T13:40:32Z,2026-07-14 15:40,50,5.0,20,2.0
2026-07-14T13:45:37Z,2026-07-14 15:45,50,5.0,20,2.0
2026-07-14T13:50:43Z,2026-07-14 15:50,50,5.0,20,2.0
2026-07-14T13:55:50Z,2026-07-14 15:55,50,5.0,20,2.0
2026-07-14T14:00:55Z,2026-07-14 16:00,50,5.0,20,2.0
2026-07-14T14:06:01Z,2026-07-14 16:06,50,5.0,20,2.0
2026-07-14T14:11:09Z,2026-07-14 16:11,50,5.0,20,2.0
2026-07-14T14:16:15Z,2026-07-14 16:16,50,5.0,20,2.0
2026-07-14T14:21:21Z,2026-07-14 16:21,50,5.0,20,2.0
2026-07-14T14:26:27Z,2026-07-14 16:26,50,5.0,20,2.0
2026-07-14T14:31:33Z,2026-07-14 16:31,50,5.0,20,2.0
2026-07-14T14:36:39Z,2026-07-14 16:36,50,5.0,20,2.0
2026-07-14T14:41:45Z,2026-07-14 16:41,50,5.0,20,2.0
2026-07-14T14:46:50Z,2026-07-14 16:46,40,4.0,20,2.0
2026-07-14T14:51:56Z,2026-07-14 16:51,40,4.0,20,2.0
2026-07-14T14:57:03Z,2026-07-14 16:57,40,4.0,20,2.0
2026-07-14T15:02:09Z,2026-07-14 17:02,30,3.0,20,2.0
2026-07-14T15:07:15Z,2026-07-14 17:07,30,3.0,20,2.0
2026-07-14T15:12:21Z,2026-07-14 17:12,30,3.0,20,2.0
2026-07-14T15:17:28Z,2026-07-14 17:17,20,2.0,20,2.0
2026-07-14T15:22:34Z,2026-07-14 17:22,20,2.0,10,1.0
2026-07-14T15:27:40Z,2026-07-14 17:27,20,2.0,10,1.0
2026-07-14T15:32:46Z,2026-07-14 17:32,20,2.0,10,1.0
2026-07-14T15:37:52Z,2026-07-14 17:37,10,1.0,10,1.0
2026-07-14T15:38:05Z,2026-07-14 17:38,10,1.0,10,1.0
2026-07-14T15:43:13Z,2026-07-14 17:43,10,1.0,10,1.0
2026-07-14T15:48:19Z,2026-07-14 17:48,0,,10,1.0
2026-07-14T15:53:26Z,2026-07-14 17:53,0,,10,1.0
2026-07-14T15:58:31Z,2026-07-14 17:58,0,,0,
2026-07-14T16:03:38Z,2026-07-14 18:03,0,,0,
2026-07-14T16:08:44Z,2026-07-14 18:08,0,,20,2.0
2026-07-14T16:13:50Z,2026-07-14 18:13,0,,20,2.0
2026-07-14T16:18:56Z,2026-07-14 18:18,0,,20,2.0
2026-07-14T16:24:02Z,2026-07-14 18:24,0,,20,2.0
2026-07-14T16:29:08Z,2026-07-14 18:29,0,,20,2.0
2026-07-14T16:34:14Z,2026-07-14 18:34,0,,10,1.0
2026-07-14T16:39:20Z,2026-07-14 18:39,0,,10,1.0
2026-07-14T16:44:26Z,2026-07-14 18:44,0,,10,1.0
2026-07-14T16:49:31Z,2026-07-14 18:49,0,,10,1.0
2026-07-14T16:54:37Z,2026-07-14 18:54,0,,10,1.0
2026-07-14T16:59:43Z,2026-07-14 18:59,0,,0,
2026-07-14T17:04:49Z,2026-07-14 19:04,0,,0,
2026-07-14T17:09:55Z,2026-07-14 19:09,0,,0,
2026-07-14T17:15:00Z,2026-07-14 19:15,0,,0,
2026-07-14T17:20:08Z,2026-07-14 19:20,0,,0,
2026-07-14T17:25:15Z,2026-07-14 19:25,0,,0,
2026-07-14T17:30:21Z,2026-07-14 19:30,0,,0,
2026-07-14T17:35:27Z,2026-07-14 19:35,0,,0,
2026-07-14T17:40:33Z,2026-07-14 19:40,0,,0,
2026-07-14T17:45:39Z,2026-07-14 19:45,0,,0,
2026-07-14T17:50:45Z,2026-07-14 19:50,0,,0,
2026-07-14T17:55:51Z,2026-07-14 19:55,0,,0,
2026-07-14T18:00:57Z,2026-07-14 20:00,0,,0,
2026-07-14T18:06:03Z,2026-07-14 20:06,0,,0,
2026-07-14T18:11:08Z,2026-07-14 20:11,0,,0,
2026-07-14T18:16:15Z,2026-07-14 20:16,0,,0,
2026-07-14T18:21:20Z,2026-07-14 20:21,0,,0,
2026-07-14T18:26:26Z,2026-07-14 20:26,0,,0,
2026-07-14T18:26:38Z,2026-07-14 20:26,0,,0,
2026-07-14T18:31:43Z,2026-07-14 20:31,0,,0,
2026-07-14T18:36:47Z,2026-07-14 20:36,0,,0,
2026-07-14T18:41:52Z,2026-07-14 20:41,0,,0,
2026-07-14T18:46:57Z,2026-07-14 20:46,0,,0,
2026-07-14T18:52:02Z,2026-07-14 20:52,0,,0,
2026-07-14T18:57:06Z,2026-07-14 20:57,0,,0,
2026-07-14T19:02:11Z,2026-07-14 21:02,0,,0,
2026-07-14T19:07:16Z,2026-07-14 21:07,0,,0,
2026-07-14T19:12:23Z,2026-07-14 21:12,0,,0,
2026-07-14T19:17:27Z,2026-07-14 21:17,0,,0,
2026-07-14T19:22:32Z,2026-07-14 21:22,0,,0,
2026-07-14T19:27:37Z,2026-07-14 21:27,0,,0,
2026-07-14T19:32:42Z,2026-07-14 21:32,0,,0,
2026-07-14T19:37:46Z,2026-07-14 21:37,0,,0,
2026-07-14T19:42:51Z,2026-07-14 21:42,0,,0,
2026-07-14T19:47:55Z,2026-07-14 21:47,0,,0,
2026-07-14T19:53:00Z,2026-07-14 21:53,0,,0,
2026-07-14T19:58:05Z,2026-07-14 21:58,0,,0,
2026-07-14T20:03:09Z,2026-07-14 22:03,0,,0,
2026-07-14T20:08:14Z,2026-07-14 22:08,0,,0,
2026-07-14T20:13:19Z,2026-07-14 22:13,0,,0,
2026-07-14T20:18:24Z,2026-07-14 22:18,0,,0,
2026-07-14T20:23:28Z,2026-07-14 22:23,0,,0,
2026-07-14T20:28:33Z,2026-07-14 22:28,0,,0,
2026-07-14T20:33:37Z,2026-07-14 22:33,0,,0,
2026-07-14T20:38:42Z,2026-07-14 22:38,0,,0,
2026-07-14T20:43:47Z,2026-07-14 22:43,0,,0,
2026-07-14T20:48:52Z,2026-07-14 22:48,0,,0,
2026-07-14T20:53:56Z,2026-07-14 22:53,0,,0,
2026-07-14T20:59:01Z,2026-07-14 22:59,0,,0,
2026-07-14T21:04:07Z,2026-07-14 23:04,0,,0,
2026-07-14T21:09:11Z,2026-07-14 23:09,0,,0,
2026-07-14T21:14:17Z,2026-07-14 23:14,0,,0,
2026-07-14T21:14:29Z,2026-07-14 23:14,0,,0,
2026-07-14T21:19:34Z,2026-07-14 23:19,0,,0,
2026-07-14T21:24:39Z,2026-07-14 23:24,0,,0,
2026-07-14T21:29:45Z,2026-07-14 23:29,0,,0,
2026-07-14T21:34:50Z,2026-07-14 23:34,0,,0,
2026-07-14T21:39:55Z,2026-07-14 23:39,0,,0,
2026-07-14T21:45:00Z,2026-07-14 23:45,0,,0,
2026-07-14T21:50:05Z,2026-07-14 23:50,0,,0,
2026-07-14T21:55:10Z,2026-07-14 23:55,0,,0,
2026-07-14T22:00:16Z,2026-07-15 00:00,0,,0,
2026-07-14T22:05:21Z,2026-07-15 00:05,0,,0,
2026-07-14T22:10:26Z,2026-07-15 00:10,0,,0,
2026-07-14T22:15:31Z,2026-07-15 00:15,0,,0,
2026-07-14T22:20:36Z,2026-07-15 00:20,0,,0,
2026-07-14T22:25:41Z,2026-07-15 00:25,0,,0,
2026-07-14T22:30:48Z,2026-07-15 00:30,0,,0,
2026-07-14T22:35:53Z,2026-07-15 00:35,0,,0,
2026-07-14T22:40:58Z,2026-07-15 00:40,0,,0,
2026-07-14T22:46:03Z,2026-07-15 00:46,0,,0,
2026-07-14T22:51:09Z,2026-07-15 00:51,0,,0,
2026-07-14T22:56:13Z,2026-07-15 00:56,0,,0,
2026-07-14T23:01:17Z,2026-07-15 01:01,0,,0,
2026-07-14T23:06:22Z,2026-07-15 01:06,0,,0,
2026-07-14T23:11:27Z,2026-07-15 01:11,0,,0,
2026-07-14T23:16:32Z,2026-07-15 01:16,0,,0,
2026-07-14T23:21:37Z,2026-07-15 01:21,0,,0,
2026-07-14T23:26:42Z,2026-07-15 01:26,0,,0,
2026-07-14T23:31:47Z,2026-07-15 01:31,0,,0,
2026-07-14T23:36:52Z,2026-07-15 01:36,0,,0,
2026-07-14T23:41:57Z,2026-07-15 01:41,0,,0,
2026-07-14T23:47:02Z,2026-07-15 01:47,0,,0,
2026-07-14T23:52:07Z,2026-07-15 01:52,0,,0,
2026-07-14T23:57:12Z,2026-07-15 01:57,0,,0,
2026-07-15T00:02:17Z,2026-07-15 02:02,0,,0,
2026-07-15T00:02:28Z,2026-07-15 02:02,0,,0,
2026-07-15T00:07:34Z,2026-07-15 02:07,0,,0,
2026-07-15T00:12:39Z,2026-07-15 02:12,0,,0,
2026-07-15T00:17:43Z,2026-07-15 02:17,0,,0,
2026-07-15T00:22:49Z,2026-07-15 02:22,0,,0,
2026-07-15T00:27:54Z,2026-07-15 02:27,0,,0,
2026-07-15T00:32:58Z,2026-07-15 02:32,0,,0,
2026-07-15T00:38:04Z,2026-07-15 02:38,0,,0,
2026-07-15T00:43:08Z,2026-07-15 02:43,0,,0,
2026-07-15T00:48:13Z,2026-07-15 02:48,0,,0,
2026-07-15T00:53:18Z,2026-07-15 02:53,0,,0,
2026-07-15T00:58:23Z,2026-07-15 02:58,0,,0,
2026-07-15T01:03:28Z,2026-07-15 03:03,0,,0,
2026-07-15T01:08:33Z,2026-07-15 03:08,0,,0,
2026-07-15T01:13:38Z,2026-07-15 03:13,0,,0,
2026-07-15T01:18:43Z,2026-07-15 03:18,0,,0,
2026-07-15T01:23:47Z,2026-07-15 03:23,0,,0,
2026-07-15T01:28:52Z,2026-07-15 03:28,0,,0,
2026-07-15T01:33:57Z,2026-07-15 03:33,0,,0,
2026-07-15T01:39:02Z,2026-07-15 03:39,0,,0,
2026-07-15T01:44:07Z,2026-07-15 03:44,0,,0,
2026-07-15T01:49:13Z,2026-07-15 03:49,0,,0,
2026-07-15T01:54:18Z,2026-07-15 03:54,0,,0,
2026-07-15T01:59:22Z,2026-07-15 03:59,0,,0,
2026-07-15T02:04:27Z,2026-07-15 04:04,0,,0,
2026-07-15T02:09:32Z,2026-07-15 04:09,0,,0,
2026-07-15T02:14:37Z,2026-07-15 04:14,0,,0,
2026-07-15T02:19:42Z,2026-07-15 04:19,0,,0,
2026-07-15T02:24:48Z,2026-07-15 04:24,0,,0,
2026-07-15T02:29:53Z,2026-07-15 04:29,0,,0,
2026-07-15T02:34:57Z,2026-07-15 04:34,0,,0,
2026-07-15T02:40:02Z,2026-07-15 04:40,0,,0,
2026-07-15T02:45:08Z,2026-07-15 04:45,0,,0,
2026-07-15T02:50:13Z,2026-07-15 04:50,0,,0,
2026-07-15T02:50:23Z,2026-07-15 04:50,0,,0,
2026-07-15T02:55:28Z,2026-07-15 04:55,0,,0,
2026-07-15T03:00:33Z,2026-07-15 05:00,0,,0,
2026-07-15T03:05:38Z,2026-07-15 05:05,0,,0,
2026-07-15T03:10:43Z,2026-07-15 05:10,0,,0,
2026-07-15T03:15:48Z,2026-07-15 05:15,0,,0,
2026-07-15T03:20:52Z,2026-07-15 05:20,0,,0,
2026-07-15T03:25:58Z,2026-07-15 05:25,0,,0,
2026-07-15T03:31:03Z,2026-07-15 05:31,0,,0,
2026-07-15T03:36:07Z,2026-07-15 05:36,0,,0,
2026-07-15T03:41:12Z,2026-07-15 05:41,0,,0,
2026-07-15T03:46:17Z,2026-07-15 05:46,0,,0,
2026-07-15T03:51:22Z,2026-07-15 05:51,0,,0,
2026-07-15T03:56:26Z,2026-07-15 05:56,0,,0,
2026-07-15T04:01:31Z,2026-07-15 06:01,0,,0,
2026-07-15T04:06:35Z,2026-07-15 06:06,0,,0,
2026-07-15T04:11:40Z,2026-07-15 06:11,0,,0,
2026-07-15T04:16:45Z,2026-07-15 06:16,0,,0,
2026-07-15T04:21:49Z,2026-07-15 06:21,0,,0,
2026-07-15T04:26:54Z,2026-07-15 06:26,0,,0,
2026-07-15T04:31:58Z,2026-07-15 06:31,0,,0,
2026-07-15T04:37:03Z,2026-07-15 06:37,0,,0,
2026-07-15T04:42:08Z,2026-07-15 06:42,0,,0,
2026-07-15T04:47:13Z,2026-07-15 06:47,0,,0,
2026-07-15T04:52:17Z,2026-07-15 06:52,0,,0,
2026-07-15T04:57:22Z,2026-07-15 06:57,0,,0,
2026-07-15T05:02:27Z,2026-07-15 07:02,0,,0,
2026-07-15T05:07:31Z,2026-07-15 07:07,0,,0,
2026-07-15T05:12:36Z,2026-07-15 07:12,0,,0,
2026-07-15T05:17:41Z,2026-07-15 07:17,0,,0,
2026-07-15T05:22:46Z,2026-07-15 07:22,0,,0,
2026-07-15T05:27:50Z,2026-07-15 07:27,0,,0,
2026-07-15T05:32:55Z,2026-07-15 07:32,0,,0,
2026-07-15T05:37:59Z,2026-07-15 07:37,0,,0,
2026-07-15T05:38:14Z,2026-07-15 07:38,0,,0,
2026-07-15T05:43:20Z,2026-07-15 07:43,0,,0,
2026-07-15T05:48:26Z,2026-07-15 07:48,0,,0,
2026-07-15T05:53:31Z,2026-07-15 07:53,0,,0,
2026-07-15T05:58:37Z,2026-07-15 07:58,0,,0,
2026-07-15T06:03:43Z,2026-07-15 08:03,0,,0,
2026-07-15T06:08:49Z,2026-07-15 08:08,0,,0,
2026-07-15T06:13:55Z,2026-07-15 08:13,0,,0,
2026-07-15T06:19:00Z,2026-07-15 08:19,0,,0,
2026-07-15T06:24:08Z,2026-07-15 08:24,0,,0,
2026-07-15T06:29:14Z,2026-07-15 08:29,0,,0,
2026-07-15T06:34:22Z,2026-07-15 08:34,0,,0,
2026-07-15T06:39:29Z,2026-07-15 08:39,0,,0,
2026-07-15T06:44:35Z,2026-07-15 08:44,0,,0,
2026-07-15T06:49:40Z,2026-07-15 08:49,0,,0,
2026-07-15T06:54:46Z,2026-07-15 08:54,0,,0,
2026-07-15T06:59:52Z,2026-07-15 08:59,0,,0,
2026-07-15T07:04:57Z,2026-07-15 09:04,0,,0,
2026-07-15T07:10:04Z,2026-07-15 09:10,0,,0,
2026-07-15T07:15:10Z,2026-07-15 09:15,0,,0,
2026-07-15T07:20:16Z,2026-07-15 09:20,0,,0,
2026-07-15T07:25:22Z,2026-07-15 09:25,0,,0,
2026-07-15T07:30:28Z,2026-07-15 09:30,0,,0,
2026-07-15T07:35:36Z,2026-07-15 09:35,0,,0,
2026-07-15T07:40:43Z,2026-07-15 09:40,0,,0,
2026-07-15T07:45:49Z,2026-07-15 09:45,10,1.0,0,
2026-07-15T07:50:55Z,2026-07-15 09:50,10,1.0,0,
2026-07-15T07:56:00Z,2026-07-15 09:56,10,1.0,0,
2026-07-15T08:01:07Z,2026-07-15 10:01,10,1.0,0,
2026-07-15T08:06:14Z,2026-07-15 10:06,10,1.0,0,
2026-07-15T08:11:20Z,2026-07-15 10:11,10,1.0,0,
2026-07-15T08:16:26Z,2026-07-15 10:16,20,2.0,0,
2026-07-15T08:21:35Z,2026-07-15 10:21,20,2.0,0,
2026-07-15T08:26:41Z,2026-07-15 10:26,20,2.0,0,
2026-07-15T08:26:52Z,2026-07-15 10:26,20,2.0,0,
2026-07-15T08:31:57Z,2026-07-15 10:31,20,2.0,0,
2026-07-15T08:37:02Z,2026-07-15 10:37,20,2.0,0,
2026-07-15T08:42:06Z,2026-07-15 10:42,20,2.0,0,
2026-07-15T08:47:12Z,2026-07-15 10:47,30,3.0,0,
2026-07-15T08:52:17Z,2026-07-15 10:52,30,3.0,0,
2026-07-15T08:57:21Z,2026-07-15 10:57,30,3.0,0,
2026-07-15T09:02:26Z,2026-07-15 11:02,30,3.0,0,
2026-07-15T09:07:31Z,2026-07-15 11:07,30,3.0,0,
2026-07-15T09:12:36Z,2026-07-15 11:12,30,3.0,0,
2026-07-15T09:17:41Z,2026-07-15 11:17,30,3.0,0,
2026-07-15T09:22:46Z,2026-07-15 11:22,30,3.0,0,
2026-07-15T09:27:50Z,2026-07-15 11:27,40,4.0,0,
2026-07-15T09:32:55Z,2026-07-15 11:32,40,4.0,0,
2026-07-15T09:38:00Z,2026-07-15 11:38,40,4.0,0,
2026-07-15T09:43:05Z,2026-07-15 11:43,40,4.0,0,
2026-07-15T09:48:09Z,2026-07-15 11:48,40,4.0,0,
2026-07-15T09:53:14Z,2026-07-15 11:53,40,4.0,0,
2026-07-15T09:58:20Z,2026-07-15 11:58,40,4.0,0,
2026-07-15T10:03:25Z,2026-07-15 12:03,40,4.0,0,
2026-07-15T10:08:30Z,2026-07-15 12:08,40,4.0,0,
2026-07-15T10:13:34Z,2026-07-15 12:13,40,4.0,0,
2026-07-15T10:18:39Z,2026-07-15 12:18,40,4.0,0,
2026-07-15T10:23:44Z,2026-07-15 12:23,40,4.0,0,
2026-07-15T10:28:48Z,2026-07-15 12:28,40,4.0,0,
2026-07-15T10:33:53Z,2026-07-15 12:33,40,4.0,0,
2026-07-15T10:38:57Z,2026-07-15 12:38,50,5.0,0,
2026-07-15T10:44:02Z,2026-07-15 12:44,50,5.0,0,
2026-07-15T10:49:07Z,2026-07-15 12:49,50,5.0,0,
2026-07-15T10:54:15Z,2026-07-15 12:54,50,5.0,0,
2026-07-15T10:59:20Z,2026-07-15 12:59,50,5.0,0,
2026-07-15T11:04:25Z,2026-07-15 13:04,50,5.0,0,
2026-07-15T11:09:29Z,2026-07-15 13:09,50,5.0,0,
2026-07-15T11:14:34Z,2026-07-15 13:14,50,5.0,0,
2026-07-15T11:14:48Z,2026-07-15 13:14,50,5.0,0,
2026-07-15T11:19:54Z,2026-07-15 13:19,50,5.0,0,
2026-07-15T11:25:00Z,2026-07-15 13:25,50,5.0,0,
2026-07-15T11:30:12Z,2026-07-15 13:30,50,5.0,0,
2026-07-15T11:35:18Z,2026-07-15 13:35,50,5.0,0,
2026-07-15T11:40:24Z,2026-07-15 13:40,50,5.0,0,
2026-07-15T11:45:31Z,2026-07-15 13:45,50,5.0,0,
2026-07-15T11:50:37Z,2026-07-15 13:50,50,5.0,0,
2026-07-15T11:55:43Z,2026-07-15 13:55,50,5.0,0,
2026-07-15T12:00:49Z,2026-07-15 14:00,50,5.0,0,
2026-07-15T12:05:55Z,2026-07-15 14:05,50,5.0,0,
2026-07-15T12:11:01Z,2026-07-15 14:11,50,5.0,0,
2026-07-15T12:16:07Z,2026-07-15 14:16,50,5.0,0,
2026-07-15T12:21:13Z,2026-07-15 14:21,50,5.0,0,
2026-07-15T12:26:20Z,2026-07-15 14:26,50,5.0,0,
2026-07-15T12:31:27Z,2026-07-15 14:31,50,5.0,0,
2026-07-15T12:36:33Z,2026-07-15 14:36,50,5.0,0,
2026-07-15T12:41:39Z,2026-07-15 14:41,50,5.0,0,
2026-07-15T12:46:46Z,2026-07-15 14:46,50,5.0,0,
2026-07-15T12:51:52Z,2026-07-15 14:51,50,5.0,0,
2026-07-15T12:56:57Z,2026-07-15 14:56,50,5.0,0,
2026-07-15T13:02:04Z,2026-07-15 15:02,50,5.0,0,
2026-07-15T13:07:10Z,2026-07-15 15:07,50,5.0,0,
2026-07-15T13:12:16Z,2026-07-15 15:12,50,5.0,0,
2026-07-15T13:17:22Z,2026-07-15 15:17,50,5.0,0,
2026-07-15T13:22:28Z,2026-07-15 15:22,50,5.0,0,
2026-07-15T13:27:34Z,2026-07-15 15:27,50,5.0,0,
2026-07-15T13:32:40Z,2026-07-15 15:32,50,5.0,0,
2026-07-15T13:37:46Z,2026-07-15 15:37,50,5.0,0,
2026-07-15T13:42:51Z,2026-07-15 15:42,50,5.0,0,
2026-07-15T13:47:57Z,2026-07-15 15:47,50,5.0,0,
2026-07-15T13:53:03Z,2026-07-15 15:53,50,5.0,0,
2026-07-15T13:58:09Z,2026-07-15 15:58,50,5.0,0,
2026-07-15T14:03:15Z,2026-07-15 16:03,50,5.0,0,
2026-07-15T14:03:29Z,2026-07-15 16:03,50,5.0,0,
2026-07-15T14:08:34Z,2026-07-15 16:08,50,5.0,0,
2026-07-15T14:13:39Z,2026-07-15 16:13,50,5.0,0,
2026-07-15T14:18:43Z,2026-07-15 16:18,50,5.0,0,
2026-07-15T14:23:48Z,2026-07-15 16:23,50,5.0,10,1.0
2026-07-15T14:28:53Z,2026-07-15 16:28,50,5.0,10,1.0
2026-07-15T14:33:58Z,2026-07-15 16:33,50,5.0,20,2.0
2026-07-15T14:39:07Z,2026-07-15 16:39,50,5.0,20,2.0
2026-07-15T14:44:12Z,2026-07-15 16:44,50,5.0,20,2.0
2026-07-15T14:49:17Z,2026-07-15 16:49,40,4.0,20,2.0
2026-07-15T14:54:22Z,2026-07-15 16:54,40,4.0,20,2.0
2026-07-15T14:59:27Z,2026-07-15 16:59,30,3.0,20,2.0
2026-07-15T15:04:32Z,2026-07-15 17:04,30,3.0,20,2.0
2026-07-15T15:09:36Z,2026-07-15 17:09,30,3.0,20,2.0
2026-07-15T15:14:42Z,2026-07-15 17:14,30,3.0,20,2.0
2026-07-15T15:19:47Z,2026-07-15 17:19,30,3.0,20,2.0
2026-07-15T15:24:51Z,2026-07-15 17:24,30,3.0,20,2.0
2026-07-15T15:29:56Z,2026-07-15 17:29,30,3.0,20,2.0
2026-07-15T15:35:01Z,2026-07-15 17:35,30,3.0,20,2.0
2026-07-15T15:40:06Z,2026-07-15 17:40,30,3.0,20,2.0
2026-07-15T15:45:11Z,2026-07-15 17:45,30,3.0,20,2.0
2026-07-15T15:50:16Z,2026-07-15 17:50,30,3.0,10,1.0
2026-07-15T15:55:21Z,2026-07-15 17:55,30,3.0,10,1.0
2026-07-15T16:00:33Z,2026-07-15 18:00,30,3.0,10,1.0
2026-07-15T16:05:38Z,2026-07-15 18:05,20,2.0,10,1.0
2026-07-15T16:10:43Z,2026-07-15 18:10,20,2.0,10,1.0
2026-07-15T16:15:48Z,2026-07-15 18:15,20,2.0,0,
2026-07-15T16:20:53Z,2026-07-15 18:20,10,1.0,0,
2026-07-15T16:25:58Z,2026-07-15 18:25,10,1.0,0,
2026-07-15T16:31:03Z,2026-07-15 18:31,10,1.0,0,
2026-07-15T16:36:08Z,2026-07-15 18:36,0,,0,
2026-07-15T16:41:14Z,2026-07-15 18:41,0,,0,
2026-07-15T16:46:19Z,2026-07-15 18:46,0,,0,
2026-07-15T16:51:25Z,2026-07-15 18:51,0,,0,
2026-07-15T16:51:40Z,2026-07-15 18:51,0,,0,
2026-07-15T16:56:46Z,2026-07-15 18:56,0,,0,
2026-07-15T17:01:52Z,2026-07-15 19:01,0,,0,
2026-07-15T17:06:58Z,2026-07-15 19:06,0,,0,
2026-07-15T17:12:06Z,2026-07-15 19:12,0,,0,
2026-07-15T17:17:11Z,2026-07-15 19:17,0,,0,
2026-07-15T17:22:18Z,2026-07-15 19:22,0,,0,
2026-07-15T17:27:24Z,2026-07-15 19:27,0,,0,
2026-07-15T17:32:30Z,2026-07-15 19:32,0,,0,
2026-07-15T17:37:35Z,2026-07-15 19:37,0,,0,
2026-07-15T17:42:41Z,2026-07-15 19:42,0,,0,
2026-07-15T17:47:47Z,2026-07-15 19:47,0,,0,
2026-07-15T17:52:53Z,2026-07-15 19:52,0,,0,
2026-07-15T17:57:59Z,2026-07-15 19:57,0,,0,
2026-07-15T18:03:05Z,2026-07-15 20:03,0,,0,
2026-07-15T18:08:12Z,2026-07-15 20:08,0,,0,
2026-07-15T18:13:18Z,2026-07-15 20:13,0,,0,
2026-07-15T18:18:24Z,2026-07-15 20:18,0,,0,
2026-07-15T18:23:30Z,2026-07-15 20:23,0,,0,
2026-07-15T18:28:36Z,2026-07-15 20:28,0,,0,
2026-07-15T18:33:41Z,2026-07-15 20:33,0,,0,
2026-07-15T18:38:47Z,2026-07-15 20:38,0,,0,
2026-07-15T18:43:53Z,2026-07-15 20:43,0,,0,
2026-07-15T18:48:59Z,2026-07-15 20:48,0,,0,
2026-07-15T18:54:04Z,2026-07-15 20:54,0,,0,
2026-07-15T18:59:10Z,2026-07-15 20:59,0,,0,
2026-07-15T19:04:17Z,2026-07-15 21:04,0,,0,
2026-07-15T19:09:22Z,2026-07-15 21:09,0,,0,
2026-07-15T19:14:28Z,2026-07-15 21:14,0,,0,
2026-07-15T19:19:34Z,2026-07-15 21:19,0,,0,
2026-07-15T19:24:40Z,2026-07-15 21:24,0,,0,
2026-07-15T19:29:45Z,2026-07-15 21:29,0,,0,
2026-07-15T19:34:51Z,2026-07-15 21:34,0,,0,
2026-07-15T19:39:57Z,2026-07-15 21:39,0,,0,
2026-07-15T19:40:10Z,2026-07-15 21:40,0,,0,
2026-07-15T19:45:15Z,2026-07-15 21:45,0,,0,
2026-07-15T19:50:21Z,2026-07-15 21:50,0,,0,
2026-07-15T19:55:26Z,2026-07-15 21:55,0,,0,
2026-07-15T20:00:31Z,2026-07-15 22:00,0,,0,
2026-07-15T20:05:36Z,2026-07-15 22:05,0,,0,
2026-07-15T20:10:41Z,2026-07-15 22:10,0,,0,
2026-07-15T20:15:46Z,2026-07-15 22:15,0,,0,
2026-07-15T20:20:51Z,2026-07-15 22:20,0,,0,
2026-07-15T20:25:56Z,2026-07-15 22:25,0,,0,
2026-07-15T20:31:01Z,2026-07-15 22:31,0,,0,
2026-07-15T20:36:06Z,2026-07-15 22:36,0,,0,
2026-07-15T20:41:11Z,2026-07-15 22:41,0,,0,
2026-07-15T20:46:16Z,2026-07-15 22:46,0,,0,
2026-07-15T20:51:21Z,2026-07-15 22:51,0,,0,
2026-07-15T20:56:26Z,2026-07-15 22:56,0,,0,
2026-07-15T21:01:31Z,2026-07-15 23:01,0,,0,
2026-07-15T21:06:37Z,2026-07-15 23:06,0,,0,
2026-07-15T21:11:41Z,2026-07-15 23:11,0,,0,
2026-07-15T21:16:46Z,2026-07-15 23:16,0,,0,
2026-07-15T21:21:51Z,2026-07-15 23:21,0,,0,
2026-07-15T21:26:56Z,2026-07-15 23:26,0,,0,
2026-07-15T21:32:01Z,2026-07-15 23:32,0,,0,
2026-07-15T21:37:06Z,2026-07-15 23:37,0,,0,
2026-07-15T21:42:11Z,2026-07-15 23:42,0,,0,
2026-07-15T21:47:16Z,2026-07-15 23:47,0,,0,
2026-07-15T21:52:21Z,2026-07-15 23:52,0,,0,
2026-07-15T21:57:26Z,2026-07-15 23:57,0,,0,
2026-07-15T22:02:31Z,2026-07-16 00:02,0,,0,
2026-07-15T22:07:36Z,2026-07-16 00:07,0,,0,
2026-07-15T22:12:41Z,2026-07-16 00:12,0,,0,
2026-07-15T22:17:46Z,2026-07-16 00:17,0,,0,
2026-07-15T22:22:49Z,2026-07-16 00:22,0,,0,
2026-07-15T22:27:54Z,2026-07-16 00:27,0,,0,
2026-07-15T22:28:16Z,2026-07-16 00:28,0,,0,
2026-07-15T22:33:21Z,2026-07-16 00:33,0,,0,
2026-07-15T22:38:26Z,2026-07-16 00:38,0,,0,
2026-07-15T22:43:32Z,2026-07-16 00:43,0,,0,
2026-07-15T22:48:38Z,2026-07-16 00:48,0,,0,
2026-07-15T22:53:44Z,2026-07-16 00:53,0,,0,
2026-07-15T22:58:48Z,2026-07-16 00:58,0,,0,
2026-07-15T23:03:52Z,2026-07-16 01:03,0,,0,
2026-07-15T23:08:58Z,2026-07-16 01:08,0,,0,
2026-07-15T23:14:04Z,2026-07-16 01:14,0,,0,
2026-07-15T23:19:09Z,2026-07-16 01:19,0,,0,
2026-07-15T23:24:15Z,2026-07-16 01:24,0,,0,
2026-07-15T23:29:20Z,2026-07-16 01:29,0,,0,
2026-07-15T23:34:26Z,2026-07-16 01:34,0,,0,
2026-07-15T23:39:32Z,2026-07-16 01:39,0,,0,
2026-07-15T23:44:37Z,2026-07-16 01:44,0,,0,
2026-07-15T23:49:42Z,2026-07-16 01:49,0,,0,
2026-07-15T23:54:48Z,2026-07-16 01:54,0,,0,
2026-07-15T23:59:53Z,2026-07-16 01:59,0,,0,
2026-07-16T00:04:59Z,2026-07-16 02:04,0,,0,
2026-07-16T00:10:09Z,2026-07-16 02:10,0,,0,
2026-07-16T00:15:15Z,2026-07-16 02:15,0,,0,
2026-07-16T00:20:21Z,2026-07-16 02:20,0,,0,
2026-07-16T00:25:48Z,2026-07-16 02:25,0,,0,
2026-07-16T00:30:53Z,2026-07-16 02:30,0,,0,
2026-07-16T00:36:00Z,2026-07-16 02:36,0,,0,
2026-07-16T00:41:06Z,2026-07-16 02:41,0,,0,
2026-07-16T00:46:12Z,2026-07-16 02:46,0,,0,
2026-07-16T00:51:18Z,2026-07-16 02:51,0,,0,
2026-07-16T00:56:23Z,2026-07-16 02:56,0,,0,
2026-07-16T01:01:29Z,2026-07-16 03:01,0,,0,
2026-07-16T01:06:35Z,2026-07-16 03:06,0,,0,
2026-07-16T01:11:40Z,2026-07-16 03:11,0,,0,
2026-07-16T01:16:46Z,2026-07-16 03:16,0,,0,
2026-07-16T01:16:58Z,2026-07-16 03:16,0,,0,
2026-07-16T01:22:03Z,2026-07-16 03:22,0,,0,
2026-07-16T01:27:08Z,2026-07-16 03:27,0,,0,
2026-07-16T01:32:13Z,2026-07-16 03:32,0,,0,
2026-07-16T01:37:18Z,2026-07-16 03:37,0,,0,
2026-07-16T01:42:23Z,2026-07-16 03:42,0,,0,
2026-07-16T01:47:28Z,2026-07-16 03:47,0,,0,
2026-07-16T01:52:33Z,2026-07-16 03:52,0,,0,
2026-07-16T01:57:37Z,2026-07-16 03:57,0,,0,
2026-07-16T02:02:42Z,2026-07-16 04:02,0,,0,
2026-07-16T02:07:46Z,2026-07-16 04:07,0,,0,
2026-07-16T02:12:51Z,2026-07-16 04:12,0,,0,
2026-07-16T02:17:56Z,2026-07-16 04:17,0,,0,
2026-07-16T02:23:01Z,2026-07-16 04:23,0,,0,
2026-07-16T02:28:05Z,2026-07-16 04:28,0,,0,
2026-07-16T02:33:10Z,2026-07-16 04:33,0,,0,
2026-07-16T02:38:15Z,2026-07-16 04:38,0,,0,
2026-07-16T02:43:19Z,2026-07-16 04:43,0,,0,
2026-07-16T02:48:24Z,2026-07-16 04:48,0,,0,
2026-07-16T02:53:29Z,2026-07-16 04:53,0,,0,
2026-07-16T02:58:34Z,2026-07-16 04:58,0,,0,
2026-07-16T03:03:38Z,2026-07-16 05:03,0,,0,
2026-07-16T03:08:43Z,2026-07-16 05:08,0,,0,
2026-07-16T03:13:48Z,2026-07-16 05:13,0,,0,
2026-07-16T03:18:53Z,2026-07-16 05:18,0,,0,
2026-07-16T03:23:58Z,2026-07-16 05:23,0,,0,
2026-07-16T03:29:03Z,2026-07-16 05:29,0,,0,
2026-07-16T03:34:08Z,2026-07-16 05:34,0,,0,
2026-07-16T03:39:13Z,2026-07-16 05:39,0,,0,
2026-07-16T03:44:17Z,2026-07-16 05:44,0,,0,
2026-07-16T03:49:22Z,2026-07-16 05:49,0,,0,
2026-07-16T03:54:27Z,2026-07-16 05:54,0,,0,
2026-07-16T03:59:31Z,2026-07-16 05:59,0,,0,
2026-07-16T04:04:36Z,2026-07-16 06:04,0,,0,
2026-07-16T04:04:46Z,2026-07-16 06:04,0,,0,
2026-07-16T04:09:51Z,2026-07-16 06:09,0,,0,
2026-07-16T04:14:55Z,2026-07-16 06:14,0,,0,
2026-07-16T04:20:00Z,2026-07-16 06:20,0,,0,
2026-07-16T04:25:10Z,2026-07-16 06:25,0,,0,
2026-07-16T04:30:14Z,2026-07-16 06:30,0,,0,
2026-07-16T04:35:19Z,2026-07-16 06:35,0,,0,
2026-07-16T04:40:24Z,2026-07-16 06:40,0,,0,
2026-07-16T04:45:28Z,2026-07-16 06:45,0,,0,
2026-07-16T04:50:33Z,2026-07-16 06:50,0,,0,
2026-07-16T04:55:38Z,2026-07-16 06:55,0,,0,
2026-07-16T05:00:42Z,2026-07-16 07:00,0,,0,
2026-07-16T05:05:47Z,2026-07-16 07:05,0,,0,
2026-07-16T05:10:52Z,2026-07-16 07:10,0,,0,
2026-07-16T05:15:56Z,2026-07-16 07:15,0,,0,
2026-07-16T05:21:01Z,2026-07-16 07:21,0,,0,
2026-07-16T05:26:06Z,2026-07-16 07:26,0,,0,
2026-07-16T05:31:11Z,2026-07-16 07:31,0,,0,
2026-07-16T05:36:16Z,2026-07-16 07:36,0,,0,
2026-07-16T05:41:21Z,2026-07-16 07:41,0,,0,
2026-07-16T05:46:26Z,2026-07-16 07:46,0,,0,
2026-07-16T05:51:30Z,2026-07-16 07:51,0,,0,
2026-07-16T05:56:35Z,2026-07-16 07:56,0,,0,
2026-07-16T06:01:40Z,2026-07-16 08:01,0,,0,
2026-07-16T06:06:44Z,2026-07-16 08:06,0,,0,
2026-07-16T06:11:50Z,2026-07-16 08:11,0,,0,
2026-07-16T06:16:55Z,2026-07-16 08:16,0,,0,
2026-07-16T06:22:00Z,2026-07-16 08:22,0,,0,
2026-07-16T06:27:05Z,2026-07-16 08:27,0,,0,
2026-07-16T06:32:10Z,2026-07-16 08:32,0,,0,
2026-07-16T06:37:16Z,2026-07-16 08:37,0,,0,
2026-07-16T06:42:21Z,2026-07-16 08:42,0,,0,
2026-07-16T06:47:26Z,2026-07-16 08:47,0,,0,
2026-07-16T06:52:31Z,2026-07-16 08:52,0,,0,
2026-07-16T06:52:42Z,2026-07-16 08:52,0,,0,
2026-07-16T06:57:47Z,2026-07-16 08:57,0,,0,
2026-07-16T07:02:52Z,2026-07-16 09:02,0,,0,
2026-07-16T07:07:57Z,2026-07-16 09:07,0,,0,
2026-07-16T07:13:02Z,2026-07-16 09:13,0,,0,
2026-07-16T07:18:07Z,2026-07-16 09:18,10,1.0,0,
2026-07-16T07:23:12Z,2026-07-16 09:23,10,1.0,0,
2026-07-16T07:28:17Z,2026-07-16 09:28,10,1.0,0,
2026-07-16T07:33:22Z,2026-07-16 09:33,10,1.0,0,
2026-07-16T07:38:27Z,2026-07-16 09:38,20,2.0,0,
2026-07-16T07:43:36Z,2026-07-16 09:43,20,2.0,0,
2026-07-16T07:48:42Z,2026-07-16 09:48,20,2.0,0,
2026-07-16T07:53:46Z,2026-07-16 09:53,20,2.0,0,
2026-07-16T07:58:51Z,2026-07-16 09:58,20,2.0,0,
2026-07-16T08:03:57Z,2026-07-16 10:03,20,2.0,0,
2026-07-16T08:09:02Z,2026-07-16 10:09,20,2.0,0,
2026-07-16T08:14:06Z,2026-07-16 10:14,20,2.0,0,
2026-07-16T08:19:12Z,2026-07-16 10:19,20,2.0,0,
2026-07-16T08:24:18Z,2026-07-16 10:24,20,2.0,0,
2026-07-16T08:29:22Z,2026-07-16 10:29,20,2.0,0,
2026-07-16T08:34:29Z,2026-07-16 10:34,20,2.0,0,
2026-07-16T08:39:33Z,2026-07-16 10:39,20,2.0,0,
2026-07-16T08:44:38Z,2026-07-16 10:44,30,3.0,0,
2026-07-16T08:49:43Z,2026-07-16 10:49,30,3.0,0,
2026-07-16T08:54:49Z,2026-07-16 10:54,30,3.0,0,
2026-07-16T08:59:53Z,2026-07-16 10:59,30,3.0,0,
2026-07-16T09:04:58Z,2026-07-16 11:04,30,3.0,0,
2026-07-16T09:10:04Z,2026-07-16 11:10,40,4.0,0,
2026-07-16T09:15:10Z,2026-07-16 11:15,40,4.0,0,
2026-07-16T09:20:15Z,2026-07-16 11:20,40,4.0,0,
2026-07-16T09:25:20Z,2026-07-16 11:25,40,4.0,0,
2026-07-16T09:30:25Z,2026-07-16 11:30,40,4.0,0,
2026-07-16T09:35:30Z,2026-07-16 11:35,40,4.0,0,
2026-07-16T09:40:35Z,2026-07-16 11:40,40,4.0,0,
2026-07-16T09:40:46Z,2026-07-16 11:40,40,4.0,0,
2026-07-16T09:45:51Z,2026-07-16 11:45,40,4.0,0,
2026-07-16T09:50:56Z,2026-07-16 11:50,40,4.0,0,
2026-07-16T09:56:01Z,2026-07-16 11:56,30,3.0,0,
2026-07-16T10:01:06Z,2026-07-16 12:01,30,3.0,0,
2026-07-16T10:06:11Z,2026-07-16 12:06,30,3.0,0,
2026-07-16T10:11:16Z,2026-07-16 12:11,30,3.0,0,
2026-07-16T10:16:21Z,2026-07-16 12:16,30,3.0,10,1.0
2026-07-16T10:21:26Z,2026-07-16 12:21,30,3.0,10,1.0
2026-07-16T10:26:30Z,2026-07-16 12:26,30,3.0,10,1.0
2026-07-16T10:31:36Z,2026-07-16 12:31,30,3.0,10,1.0
2026-07-16T10:36:41Z,2026-07-16 12:36,30,3.0,20,2.0
2026-07-16T10:41:49Z,2026-07-16 12:41,40,4.0,20,2.0
2026-07-16T10:46:55Z,2026-07-16 12:46,40,4.0,20,2.0
2026-07-16T10:52:00Z,2026-07-16 12:52,40,4.0,20,2.0
2026-07-16T10:57:05Z,2026-07-16 12:57,40,4.0,20,2.0
2026-07-16T11:02:09Z,2026-07-16 13:02,40,4.0,20,2.0
2026-07-16T11:07:15Z,2026-07-16 13:07,40,4.0,20,2.0
2026-07-16T11:12:20Z,2026-07-16 13:12,40,4.0,20,2.0
2026-07-16T11:17:25Z,2026-07-16 13:17,40,4.0,20,2.0
2026-07-16T11:22:30Z,2026-07-16 13:22,40,4.0,20,2.0
2026-07-16T11:27:35Z,2026-07-16 13:27,40,4.0,20,2.0
2026-07-16T11:32:40Z,2026-07-16 13:32,40,4.0,20,2.0
2026-07-16T11:37:45Z,2026-07-16 13:37,40,4.0,20,2.0
2026-07-16T11:42:49Z,2026-07-16 13:42,40,4.0,20,2.0
2026-07-16T11:47:54Z,2026-07-16 13:47,40,4.0,20,2.0
2026-07-16T11:52:59Z,2026-07-16 13:52,40,4.0,20,2.0
2026-07-16T11:58:04Z,2026-07-16 13:58,50,5.0,20,2.0
2026-07-16T12:03:09Z,2026-07-16 14:03,50,5.0,20,2.0
2026-07-16T12:08:13Z,2026-07-16 14:08,50,5.0,20,2.0
2026-07-16T12:13:18Z,2026-07-16 14:13,50,5.0,20,2.0
2026-07-16T12:18:25Z,2026-07-16 14:18,50,5.0,20,2.0
2026-07-16T12:23:30Z,2026-07-16 14:23,50,5.0,20,2.0
2026-07-16T12:28:36Z,2026-07-16 14:28,50,5.0,20,2.0
2026-07-16T12:28:46Z,2026-07-16 14:28,50,5.0,20,2.0
2026-07-16T12:33:51Z,2026-07-16 14:33,50,5.0,20,2.0
2026-07-16T12:38:56Z,2026-07-16 14:38,50,5.0,20,2.0
2026-07-16T12:44:00Z,2026-07-16 14:44,50,5.0,20,2.0
2026-07-16T12:49:05Z,2026-07-16 14:49,50,5.0,20,2.0
2026-07-16T12:54:10Z,2026-07-16 14:54,50,5.0,20,2.0
2026-07-16T12:59:15Z,2026-07-16 14:59,50,5.0,20,2.0
2026-07-16T13:04:20Z,2026-07-16 15:04,50,5.0,20,2.0
2026-07-16T13:09:25Z,2026-07-16 15:09,50,5.0,30,3.0
2026-07-16T13:14:30Z,2026-07-16 15:14,50,5.0,30,3.0
2026-07-16T13:19:35Z,2026-07-16 15:19,50,5.0,30,3.0
2026-07-16T13:24:39Z,2026-07-16 15:24,50,5.0,30,3.0
2026-07-16T13:29:45Z,2026-07-16 15:29,50,5.0,30,3.0
2026-07-16T13:34:50Z,2026-07-16 15:34,50,5.0,30,3.0
2026-07-16T13:39:54Z,2026-07-16 15:39,50,5.0,30,3.0
2026-07-16T13:44:59Z,2026-07-16 15:44,50,5.0,30,3.0
2026-07-16T13:50:07Z,2026-07-16 15:50,50,5.0,30,3.0
2026-07-16T13:55:12Z,2026-07-16 15:55,60,6.0,30,3.0
2026-07-16T14:00:24Z,2026-07-16 16:00,60,6.0,30,3.0
2026-07-16T14:05:29Z,2026-07-16 16:05,60,6.0,30,3.0
2026-07-16T14:10:35Z,2026-07-16 16:10,70,7.0,30,3.0
2026-07-16T14:15:40Z,2026-07-16 16:15,70,7.0,30,3.0
2026-07-16T14:20:45Z,2026-07-16 16:20,70,7.0,30,3.0
2026-07-16T14:25:51Z,2026-07-16 16:25,70,7.0,30,3.0
2026-07-16T14:31:00Z,2026-07-16 16:31,70,7.0,30,3.0
2026-07-16T14:36:05Z,2026-07-16 16:36,70,7.0,30,3.0
2026-07-16T14:41:10Z,2026-07-16 16:41,70,7.0,30,3.0
2026-07-16T14:46:16Z,2026-07-16 16:46,70,7.0,30,3.0
2026-07-16T14:51:21Z,2026-07-16 16:51,70,7.0,30,3.0
2026-07-16T14:56:26Z,2026-07-16 16:56,70,7.0,30,3.0
2026-07-16T15:01:32Z,2026-07-16 17:01,70,7.0,30,3.0
2026-07-16T15:06:37Z,2026-07-16 17:06,70,7.0,30,3.0
2026-07-16T15:11:42Z,2026-07-16 17:11,70,7.0,30,3.0
2026-07-16T15:16:47Z,2026-07-16 17:16,80,8.0,30,3.0
2026-07-16T15:17:01Z,2026-07-16 17:17,80,8.0,30,3.0
2026-07-16T15:22:08Z,2026-07-16 17:22,80,8.0,30,3.0
2026-07-16T15:27:14Z,2026-07-16 17:27,80,8.0,30,3.0
2026-07-16T15:32:20Z,2026-07-16 17:32,80,8.0,30,3.0
2026-07-16T15:37:26Z,2026-07-16 17:37,70,7.0,30,3.0
2026-07-16T15:42:32Z,2026-07-16 17:42,70,7.0,30,3.0
2026-07-16T15:47:38Z,2026-07-16 17:47,70,7.0,30,3.0
2026-07-16T15:52:44Z,2026-07-16 17:52,70,7.0,30,3.0
2026-07-16T15:57:50Z,2026-07-16 17:57,70,7.0,30,3.0
2026-07-16T16:02:55Z,2026-07-16 18:02,70,7.0,30,3.0
2026-07-16T16:08:01Z,2026-07-16 18:08,70,7.0,30,3.0
2026-07-16T16:13:07Z,2026-07-16 18:13,70,7.0,30,3.0
2026-07-16T16:18:13Z,2026-07-16 18:18,60,6.0,30,3.0
2026-07-16T16:23:20Z,2026-07-16 18:23,60,6.0,30,3.0
2026-07-16T16:28:26Z,2026-07-16 18:28,60,6.0,30,3.0
2026-07-16T16:33:32Z,2026-07-16 18:33,60,6.0,30,3.0
2026-07-16T16:38:37Z,2026-07-16 18:38,60,6.0,20,2.0
2026-07-16T16:43:45Z,2026-07-16 18:43,60,6.0,20,2.0
2026-07-16T16:48:51Z,2026-07-16 18:48,60,6.0,20,2.0
2026-07-16T16:53:56Z,2026-07-16 18:53,60,6.0,20,2.0
2026-07-16T16:59:02Z,2026-07-16 18:59,70,7.0,20,2.0
2026-07-16T17:04:09Z,2026-07-16 19:04,60,6.0,20,2.0
2026-07-16T17:09:15Z,2026-07-16 19:09,60,6.0,20,2.0
2026-07-16T17:14:22Z,2026-07-16 19:14,60,6.0,10,1.0
2026-07-16T17:19:27Z,2026-07-16 19:19,60,6.0,10,1.0
2026-07-16T17:24:33Z,2026-07-16 19:24,60,6.0,10,1.0
2026-07-16T17:29:38Z,2026-07-16 19:29,60,6.0,10,1.0
2026-07-16T17:34:44Z,2026-07-16 19:34,60,6.0,0,
2026-07-16T17:39:50Z,2026-07-16 19:39,60,6.0,0,
2026-07-16T17:44:56Z,2026-07-16 19:44,60,6.0,0,
2026-07-16T17:50:01Z,2026-07-16 19:50,60,6.0,0,
2026-07-16T17:55:09Z,2026-07-16 19:55,60,6.0,0,
2026-07-16T18:00:16Z,2026-07-16 20:00,60,6.0,0,
2026-07-16T18:05:22Z,2026-07-16 20:05,60,6.0,0,
2026-07-16T18:05:35Z,2026-07-16 20:05,60,6.0,0,
2026-07-16T18:10:40Z,2026-07-16 20:10,60,6.0,0,
2026-07-16T18:15:45Z,2026-07-16 20:15,60,6.0,0,
2026-07-16T18:20:49Z,2026-07-16 20:20,50,5.0,0,
2026-07-16T18:25:54Z,2026-07-16 20:25,50,5.0,0,
2026-07-16T18:30:59Z,2026-07-16 20:30,50,5.0,0,
2026-07-16T18:36:05Z,2026-07-16 20:36,50,5.0,0,
2026-07-16T18:41:10Z,2026-07-16 20:41,50,5.0,0,
2026-07-16T18:46:14Z,2026-07-16 20:46,50,5.0,0,
2026-07-16T18:51:19Z,2026-07-16 20:51,50,5.0,0,
2026-07-16T18:56:24Z,2026-07-16 20:56,50,5.0,0,
2026-07-16T19:01:28Z,2026-07-16 21:01,50,5.0,0,
2026-07-16T19:06:35Z,2026-07-16 21:06,40,4.0,0,
2026-07-16T19:11:39Z,2026-07-16 21:11,40,4.0,0,
2026-07-16T19:16:44Z,2026-07-16 21:16,40,4.0,0,
2026-07-16T19:21:49Z,2026-07-16 21:21,40,4.0,0,
2026-07-16T19:26:53Z,2026-07-16 21:26,40,4.0,0,
2026-07-16T19:31:58Z,2026-07-16 21:31,40,4.0,0,
2026-07-16T19:37:02Z,2026-07-16 21:37,40,4.0,0,
2026-07-16T19:42:07Z,2026-07-16 21:42,40,4.0,0,
2026-07-16T19:47:12Z,2026-07-16 21:47,40,4.0,0,
2026-07-16T19:52:17Z,2026-07-16 21:52,40,4.0,0,
2026-07-16T19:57:23Z,2026-07-16 21:57,30,3.0,0,
2026-07-16T20:02:27Z,2026-07-16 22:02,30,3.0,0,
2026-07-16T20:07:32Z,2026-07-16 22:07,30,3.0,0,
2026-07-16T20:12:37Z,2026-07-16 22:12,30,3.0,0,
2026-07-16T20:17:41Z,2026-07-16 22:17,30,3.0,0,
2026-07-16T20:22:46Z,2026-07-16 22:22,30,3.0,0,
2026-07-16T20:27:50Z,2026-07-16 22:27,30,3.0,0,
2026-07-16T20:32:55Z,2026-07-16 22:32,30,3.0,0,
2026-07-16T20:37:59Z,2026-07-16 22:37,0,,0,
2026-07-16T20:43:04Z,2026-07-16 22:43,0,,0,
2026-07-16T20:48:09Z,2026-07-16 22:48,0,,0,
2026-07-16T20:53:14Z,2026-07-16 22:53,0,,0,
2026-07-16T20:53:26Z,2026-07-16 22:53,0,,0,
2026-07-16T20:58:32Z,2026-07-16 22:58,0,,0,
2026-07-16T21:03:41Z,2026-07-16 23:03,0,,0,
2026-07-16T21:08:47Z,2026-07-16 23:08,0,,0,
2026-07-16T21:13:52Z,2026-07-16 23:13,0,,0,
2026-07-16T21:18:58Z,2026-07-16 23:18,0,,0,
2026-07-16T21:24:07Z,2026-07-16 23:24,0,,0,
2026-07-16T21:29:12Z,2026-07-16 23:29,0,,0,
2026-07-16T21:34:18Z,2026-07-16 23:34,0,,0,
2026-07-16T21:39:24Z,2026-07-16 23:39,0,,0,
2026-07-16T21:44:30Z,2026-07-16 23:44,0,,0,
2026-07-16T21:49:35Z,2026-07-16 23:49,0,,0,
2026-07-16T21:54:41Z,2026-07-16 23:54,0,,0,
2026-07-16T21:59:46Z,2026-07-16 23:59,0,,0,
2026-07-16T22:04:52Z,2026-07-17 00:04,0,,0,
2026-07-16T22:09:58Z,2026-07-17 00:09,0,,0,
2026-07-16T22:15:06Z,2026-07-17 00:15,0,,0,
2026-07-16T22:20:12Z,2026-07-17 00:20,0,,0,
2026-07-16T22:25:17Z,2026-07-17 00:25,0,,0,
2026-07-16T22:30:23Z,2026-07-17 00:30,0,,0,
2026-07-16T22:35:28Z,2026-07-17 00:35,0,,0,
2026-07-16T22:40:34Z,2026-07-17 00:40,0,,0,
2026-07-16T22:45:40Z,2026-07-17 00:45,0,,0,
2026-07-16T22:50:45Z,2026-07-17 00:50,0,,0,
2026-07-16T22:55:51Z,2026-07-17 00:55,0,,0,
2026-07-16T23:00:56Z,2026-07-17 01:00,0,,0,
2026-07-16T23:06:01Z,2026-07-17 01:06,0,,0,
2026-07-16T23:11:07Z,2026-07-17 01:11,0,,0,
2026-07-16T23:16:13Z,2026-07-17 01:16,0,,0,
2026-07-16T23:21:19Z,2026-07-17 01:21,0,,0,
2026-07-16T23:26:24Z,2026-07-17 01:26,0,,0,
2026-07-16T23:31:30Z,2026-07-17 01:31,0,,0,
2026-07-16T23:36:35Z,2026-07-17 01:36,0,,0,
2026-07-16T23:41:41Z,2026-07-17 01:41,0,,0,
2026-07-16T23:41:53Z,2026-07-17 01:41,0,,0,
2026-07-16T23:46:58Z,2026-07-17 01:46,0,,0,
2026-07-16T23:52:03Z,2026-07-17 01:52,0,,0,
2026-07-16T23:57:08Z,2026-07-17 01:57,0,,0,
2026-07-17T00:02:12Z,2026-07-17 02:02,0,,0,
2026-07-17T00:07:17Z,2026-07-17 02:07,0,,0,
2026-07-17T00:12:24Z,2026-07-17 02:12,0,,0,
2026-07-17T00:17:30Z,2026-07-17 02:17,0,,0,
2026-07-17T00:22:35Z,2026-07-17 02:22,0,,0,
2026-07-17T00:27:40Z,2026-07-17 02:27,0,,0,
2026-07-17T00:32:45Z,2026-07-17 02:32,0,,0,
2026-07-17T00:37:50Z,2026-07-17 02:37,0,,0,
2026-07-17T00:42:56Z,2026-07-17 02:42,0,,0,
2026-07-17T00:48:01Z,2026-07-17 02:48,0,,0,
2026-07-17T00:53:06Z,2026-07-17 02:53,0,,0,
2026-07-17T00:58:11Z,2026-07-17 02:58,0,,0,
2026-07-17T01:03:16Z,2026-07-17 03:03,0,,0,
2026-07-17T01:08:21Z,2026-07-17 03:08,0,,0,
2026-07-17T01:13:25Z,2026-07-17 03:13,0,,0,
2026-07-17T01:18:30Z,2026-07-17 03:18,0,,0,
2026-07-17T01:23:35Z,2026-07-17 03:23,0,,0,
2026-07-17T01:28:40Z,2026-07-17 03:28,0,,0,
2026-07-17T01:33:45Z,2026-07-17 03:33,0,,0,
2026-07-17T01:38:50Z,2026-07-17 03:38,0,,0,
2026-07-17T01:43:55Z,2026-07-17 03:43,0,,0,
2026-07-17T01:48:59Z,2026-07-17 03:48,0,,0,
2026-07-17T01:54:05Z,2026-07-17 03:54,0,,0,
2026-07-17T01:59:09Z,2026-07-17 03:59,0,,0,
2026-07-17T02:04:14Z,2026-07-17 04:04,0,,0,
2026-07-17T02:09:19Z,2026-07-17 04:09,0,,0,
2026-07-17T02:14:24Z,2026-07-17 04:14,0,,0,
2026-07-17T02:19:29Z,2026-07-17 04:19,0,,0,
2026-07-17T02:24:34Z,2026-07-17 04:24,0,,0,
2026-07-17T02:29:38Z,2026-07-17 04:29,0,,0,
2026-07-17T02:30:00Z,2026-07-17 04:30,0,,0,
2026-07-17T02:35:07Z,2026-07-17 04:35,0,,0,
2026-07-17T02:40:13Z,2026-07-17 04:40,0,,0,
2026-07-17T02:45:18Z,2026-07-17 04:45,0,,0,
2026-07-17T02:50:24Z,2026-07-17 04:50,0,,0,
2026-07-17T02:55:30Z,2026-07-17 04:55,0,,0,
2026-07-17T03:00:35Z,2026-07-17 05:00,0,,0,
2026-07-17T03:05:40Z,2026-07-17 05:05,0,,0,
2026-07-17T03:10:46Z,2026-07-17 05:10,0,,0,
2026-07-17T03:15:52Z,2026-07-17 05:15,0,,0,
2026-07-17T03:20:57Z,2026-07-17 05:20,0,,0,
2026-07-17T03:26:03Z,2026-07-17 05:26,0,,0,
2026-07-17T03:31:08Z,2026-07-17 05:31,0,,0,
2026-07-17T03:36:14Z,2026-07-17 05:36,0,,0,
2026-07-17T03:41:19Z,2026-07-17 05:41,0,,0,
2026-07-17T03:46:24Z,2026-07-17 05:46,0,,0,
2026-07-17T03:51:30Z,2026-07-17 05:51,0,,0,
2026-07-17T03:56:35Z,2026-07-17 05:56,0,,0,
2026-07-17T04:01:41Z,2026-07-17 06:01,0,,0,
2026-07-17T04:06:46Z,2026-07-17 06:06,0,,0,
2026-07-17T04:11:52Z,2026-07-17 06:11,0,,0,
2026-07-17T04:16:57Z,2026-07-17 06:16,0,,0,
2026-07-17T04:22:02Z,2026-07-17 06:22,0,,0,
2026-07-17T04:27:08Z,2026-07-17 06:27,10,1.0,0,
2026-07-17T04:32:14Z,2026-07-17 06:32,10,1.0,0,
2026-07-17T04:37:20Z,2026-07-17 06:37,20,2.0,0,
2026-07-17T04:42:28Z,2026-07-17 06:42,20,2.0,0,
2026-07-17T04:47:34Z,2026-07-17 06:47,20,2.0,0,
2026-07-17T04:52:39Z,2026-07-17 06:52,20,2.0,0,
2026-07-17T04:57:45Z,2026-07-17 06:57,20,2.0,0,
2026-07-17T05:02:52Z,2026-07-17 07:02,20,2.0,0,
2026-07-17T05:07:58Z,2026-07-17 07:07,30,3.0,0,
2026-07-17T05:13:03Z,2026-07-17 07:13,30,3.0,0,
2026-07-17T05:18:08Z,2026-07-17 07:18,30,3.0,0,
2026-07-17T05:18:23Z,2026-07-17 07:18,30,3.0,0,
2026-07-17T05:23:29Z,2026-07-17 07:23,30,3.0,0,
2026-07-17T05:28:34Z,2026-07-17 07:28,30,3.0,0,
2026-07-17T05:33:39Z,2026-07-17 07:33,30,3.0,0,
2026-07-17T05:38:45Z,2026-07-17 07:38,40,4.0,0,
2026-07-17T05:43:50Z,2026-07-17 07:43,40,4.0,0,
2026-07-17T05:48:55Z,2026-07-17 07:48,40,4.0,0,
2026-07-17T05:54:01Z,2026-07-17 07:54,40,4.0,0,
2026-07-17T05:59:07Z,2026-07-17 07:59,40,4.0,0,
2026-07-17T06:04:13Z,2026-07-17 08:04,40,4.0,0,
2026-07-17T06:09:20Z,2026-07-17 08:09,40,4.0,0,
2026-07-17T06:14:25Z,2026-07-17 08:14,40,4.0,0,
2026-07-17T06:19:31Z,2026-07-17 08:19,40,4.0,0,
2026-07-17T06:24:39Z,2026-07-17 08:24,40,4.0,0,
2026-07-17T06:29:45Z,2026-07-17 08:29,40,4.0,0,
2026-07-17T06:34:51Z,2026-07-17 08:34,40,4.0,0,
2026-07-17T06:39:56Z,2026-07-17 08:39,40,4.0,0,
2026-07-17T06:45:02Z,2026-07-17 08:45,40,4.0,0,
2026-07-17T06:50:07Z,2026-07-17 08:50,40,4.0,0,
2026-07-17T06:55:13Z,2026-07-17 08:55,40,4.0,0,
2026-07-17T07:00:19Z,2026-07-17 09:00,40,4.0,0,
2026-07-17T07:05:24Z,2026-07-17 09:05,40,4.0,0,
2026-07-17T07:10:30Z,2026-07-17 09:10,40,4.0,0,
2026-07-17T07:15:36Z,2026-07-17 09:15,40,4.0,0,
2026-07-17T07:20:41Z,2026-07-17 09:20,40,4.0,0,
2026-07-17T07:25:47Z,2026-07-17 09:25,40,4.0,0,
2026-07-17T07:30:54Z,2026-07-17 09:30,40,4.0,0,
2026-07-17T07:35:59Z,2026-07-17 09:35,40,4.0,0,
2026-07-17T07:41:05Z,2026-07-17 09:41,40,4.0,0,
2026-07-17T07:46:11Z,2026-07-17 09:46,50,5.0,0,
2026-07-17T07:51:16Z,2026-07-17 09:51,50,5.0,0,
2026-07-17T07:56:22Z,2026-07-17 09:56,50,5.0,0,
2026-07-17T08:01:28Z,2026-07-17 10:01,50,5.0,0,
2026-07-17T08:06:34Z,2026-07-17 10:06,50,5.0,0,
2026-07-17T08:06:47Z,2026-07-17 10:06,50,5.0,0,
2026-07-17T08:11:53Z,2026-07-17 10:11,50,5.0,0,
2026-07-17T08:16:58Z,2026-07-17 10:16,50,5.0,0,
2026-07-17T08:22:04Z,2026-07-17 10:22,50,5.0,0,
2026-07-17T08:27:09Z,2026-07-17 10:27,50,5.0,0,
2026-07-17T08:32:15Z,2026-07-17 10:32,50,5.0,0,
2026-07-17T08:37:20Z,2026-07-17 10:37,50,5.0,10,1.0
2026-07-17T08:42:26Z,2026-07-17 10:42,30,3.0,10,1.0
2026-07-17T08:47:32Z,2026-07-17 10:47,30,3.0,10,1.0
2026-07-17T08:52:37Z,2026-07-17 10:52,30,3.0,10,1.0
2026-07-17T08:57:43Z,2026-07-17 10:57,30,3.0,10,1.0
2026-07-17T09:02:48Z,2026-07-17 11:02,30,3.0,20,2.0
2026-07-17T09:07:57Z,2026-07-17 11:07,30,3.0,20,2.0
2026-07-17T09:13:03Z,2026-07-17 11:13,30,3.0,20,2.0
2026-07-17T09:18:08Z,2026-07-17 11:18,30,3.0,20,2.0
2026-07-17T09:23:14Z,2026-07-17 11:23,30,3.0,20,2.0
2026-07-17T09:28:20Z,2026-07-17 11:28,30,3.0,30,3.0
2026-07-17T09:33:25Z,2026-07-17 11:33,30,3.0,30,3.0
2026-07-17T09:38:31Z,2026-07-17 11:38,30,3.0,30,3.0
2026-07-17T09:43:36Z,2026-07-17 11:43,30,3.0,30,3.0
2026-07-17T09:48:41Z,2026-07-17 11:48,40,4.0,30,3.0
2026-07-17T09:53:47Z,2026-07-17 11:53,40,4.0,30,3.0
2026-07-17T09:58:54Z,2026-07-17 11:58,40,4.0,30,3.0
2026-07-17T10:03:59Z,2026-07-17 12:03,40,4.0,30,3.0
2026-07-17T10:09:05Z,2026-07-17 12:09,70,7.0,30,3.0
2026-07-17T10:14:13Z,2026-07-17 12:14,70,7.0,40,4.0
2026-07-17T10:19:21Z,2026-07-17 12:19,70,7.0,40,4.0
2026-07-17T10:24:26Z,2026-07-17 12:24,70,7.0,40,4.0
2026-07-17T10:29:32Z,2026-07-17 12:29,90,9.0,40,4.0
2026-07-17T10:34:37Z,2026-07-17 12:34,90,9.0,40,4.0
2026-07-17T10:39:43Z,2026-07-17 12:39,90,9.0,40,4.0
2026-07-17T10:44:49Z,2026-07-17 12:44,90,9.0,40,4.0
2026-07-17T10:49:54Z,2026-07-17 12:49,90,9.0,40,4.0
2026-07-17T10:55:00Z,2026-07-17 12:55,90,9.0,40,4.0
2026-07-17T10:55:15Z,2026-07-17 12:55,90,9.0,40,4.0
2026-07-17T11:00:21Z,2026-07-17 13:00,110,11.0,40,4.0
2026-07-17T11:05:27Z,2026-07-17 13:05,110,11.0,40,4.0
2026-07-17T11:10:32Z,2026-07-17 13:10,110,11.0,40,4.0
2026-07-17T11:15:39Z,2026-07-17 13:15,110,11.0,40,4.0
2026-07-17T11:20:45Z,2026-07-17 13:20,110,11.0,40,4.0
2026-07-17T11:25:51Z,2026-07-17 13:25,110,11.0,40,4.0
2026-07-17T11:30:57Z,2026-07-17 13:30,110,11.0,40,4.0
2026-07-17T11:36:02Z,2026-07-17 13:36,110,11.0,40,4.0
2026-07-17T11:41:08Z,2026-07-17 13:41,110,11.0,40,4.0
2026-07-17T11:46:14Z,2026-07-17 13:46,110,11.0,40,4.0
2026-07-17T11:51:20Z,2026-07-17 13:51,110,11.0,40,4.0
2026-07-17T11:56:25Z,2026-07-17 13:56,110,11.0,40,4.0
2026-07-17T12:01:32Z,2026-07-17 14:01,110,11.0,40,4.0
2026-07-17T12:06:38Z,2026-07-17 14:06,110,11.0,40,4.0
2026-07-17T12:11:44Z,2026-07-17 14:11,110,11.0,40,4.0
2026-07-17T12:16:50Z,2026-07-17 14:16,110,11.0,40,4.0
2026-07-17T12:21:57Z,2026-07-17 14:21,110,11.0,40,4.0
2026-07-17T12:27:03Z,2026-07-17 14:27,110,11.0,40,4.0
2026-07-17T12:32:08Z,2026-07-17 14:32,110,11.0,40,4.0
2026-07-17T12:37:14Z,2026-07-17 14:37,110,11.0,40,4.0
2026-07-17T12:42:20Z,2026-07-17 14:42,110,11.0,40,4.0
2026-07-17T12:47:26Z,2026-07-17 14:47,110,11.0,40,4.0
2026-07-17T12:52:31Z,2026-07-17 14:52,110,11.0,40,4.0
2026-07-17T12:57:37Z,2026-07-17 14:57,110,11.0,40,4.0
2026-07-17T13:02:43Z,2026-07-17 15:02,110,11.0,40,4.0
2026-07-17T13:07:49Z,2026-07-17 15:07,110,11.0,40,4.0
2026-07-17T13:12:55Z,2026-07-17 15:12,110,11.0,40,4.0
2026-07-17T13:18:01Z,2026-07-17 15:18,110,11.0,40,4.0
2026-07-17T13:23:06Z,2026-07-17 15:23,110,11.0,40,4.0
2026-07-17T13:28:12Z,2026-07-17 15:28,110,11.0,40,4.0
2026-07-17T13:33:18Z,2026-07-17 15:33,110,11.0,40,4.0
2026-07-17T13:38:24Z,2026-07-17 15:38,110,11.0,40,4.0
2026-07-17T13:43:30Z,2026-07-17 15:43,110,11.0,40,4.0
2026-07-17T13:43:45Z,2026-07-17 15:43,110,11.0,40,4.0
2026-07-17T13:48:50Z,2026-07-17 15:48,110,11.0,40,4.0
2026-07-17T13:53:56Z,2026-07-17 15:53,110,11.0,40,4.0
2026-07-17T13:59:02Z,2026-07-17 15:59,110,11.0,40,4.0
2026-07-17T14:04:08Z,2026-07-17 16:04,110,11.0,40,4.0
2026-07-17T14:09:14Z,2026-07-17 16:09,110,11.0,40,4.0
2026-07-17T14:14:20Z,2026-07-17 16:14,110,11.0,40,4.0
2026-07-17T14:19:26Z,2026-07-17 16:19,110,11.0,40,4.0
2026-07-17T14:24:32Z,2026-07-17 16:24,90,9.0,30,3.0
2026-07-17T14:29:37Z,2026-07-17 16:29,90,9.0,30,3.0
2026-07-17T14:34:43Z,2026-07-17 16:34,90,9.0,30,3.0
2026-07-17T14:39:49Z,2026-07-17 16:39,90,9.0,30,3.0
2026-07-17T14:44:57Z,2026-07-17 16:44,90,9.0,30,3.0
2026-07-17T14:50:03Z,2026-07-17 16:50,90,9.0,30,3.0
2026-07-17T14:55:09Z,2026-07-17 16:55,90,9.0,30,3.0
2026-07-17T15:00:15Z,2026-07-17 17:00,90,9.0,30,3.0
2026-07-17T15:05:21Z,2026-07-17 17:05,90,9.0,30,3.0
2026-07-17T15:10:27Z,2026-07-17 17:10,90,9.0,30,3.0
2026-07-17T15:15:33Z,2026-07-17 17:15,90,9.0,30,3.0
2026-07-17T15:20:38Z,2026-07-17 17:20,70,7.0,30,3.0
2026-07-17T15:25:44Z,2026-07-17 17:25,70,7.0,30,3.0
2026-07-17T15:30:50Z,2026-07-17 17:30,70,7.0,30,3.0
2026-07-17T15:35:56Z,2026-07-17 17:35,70,7.0,30,3.0
2026-07-17T15:41:01Z,2026-07-17 17:41,70,7.0,30,3.0
2026-07-17T15:46:08Z,2026-07-17 17:46,70,7.0,30,3.0
2026-07-17T15:51:13Z,2026-07-17 17:51,60,6.0,20,2.0
2026-07-17T15:56:19Z,2026-07-17 17:56,60,6.0,20,2.0
2026-07-17T16:01:25Z,2026-07-17 18:01,60,6.0,20,2.0
2026-07-17T16:06:30Z,2026-07-17 18:06,60,6.0,20,2.0
2026-07-17T16:11:36Z,2026-07-17 18:11,60,6.0,20,2.0
2026-07-17T16:16:42Z,2026-07-17 18:16,60,6.0,20,2.0
2026-07-17T16:21:47Z,2026-07-17 18:21,60,6.0,20,2.0
2026-07-17T16:26:53Z,2026-07-17 18:26,60,6.0,20,2.0
2026-07-17T16:31:59Z,2026-07-17 18:31,60,6.0,20,2.0
2026-07-17T16:32:12Z,2026-07-17 18:32,60,6.0,20,2.0
2026-07-17T16:37:17Z,2026-07-17 18:37,50,5.0,10,1.0
2026-07-17T16:42:21Z,2026-07-17 18:42,50,5.0,10,1.0
2026-07-17T16:47:26Z,2026-07-17 18:47,50,5.0,10,1.0
2026-07-17T16:52:30Z,2026-07-17 18:52,50,5.0,10,1.0
2026-07-17T16:57:35Z,2026-07-17 18:57,50,5.0,10,1.0
2026-07-17T17:02:40Z,2026-07-17 19:02,50,5.0,10,1.0
2026-07-17T17:07:45Z,2026-07-17 19:07,50,5.0,10,1.0
2026-07-17T17:12:50Z,2026-07-17 19:12,50,5.0,0,
2026-07-17T17:17:55Z,2026-07-17 19:17,50,5.0,0,
2026-07-17T17:23:00Z,2026-07-17 19:23,50,5.0,0,
2026-07-17T17:28:07Z,2026-07-17 19:28,50,5.0,0,
2026-07-17T17:33:11Z,2026-07-17 19:33,50,5.0,0,
2026-07-17T17:38:21Z,2026-07-17 19:38,50,5.0,0,
2026-07-17T17:43:25Z,2026-07-17 19:43,50,5.0,0,
2026-07-17T17:48:30Z,2026-07-17 19:48,50,5.0,0,
2026-07-17T17:53:35Z,2026-07-17 19:53,50,5.0,0,
2026-07-17T17:58:39Z,2026-07-17 19:58,50,5.0,0,
2026-07-17T18:03:44Z,2026-07-17 20:03,50,5.0,0,
2026-07-17T18:08:48Z,2026-07-17 20:08,50,5.0,0,
2026-07-17T18:13:53Z,2026-07-17 20:13,50,5.0,0,
2026-07-17T18:18:58Z,2026-07-17 20:18,50,5.0,0,
2026-07-17T18:24:02Z,2026-07-17 20:24,50,5.0,0,
2026-07-17T18:29:07Z,2026-07-17 20:29,50,5.0,0,
2026-07-17T18:34:12Z,2026-07-17 20:34,50,5.0,0,
2026-07-17T18:39:17Z,2026-07-17 20:39,50,5.0,0,
2026-07-17T18:44:22Z,2026-07-17 20:44,50,5.0,0,
2026-07-17T18:49:26Z,2026-07-17 20:49,50,5.0,0,
2026-07-17T18:54:31Z,2026-07-17 20:54,50,5.0,0,
2026-07-17T18:59:35Z,2026-07-17 20:59,50,5.0,0,
2026-07-17T19:04:40Z,2026-07-17 21:04,50,5.0,0,
2026-07-17T19:09:45Z,2026-07-17 21:09,50,5.0,0,
2026-07-17T19:14:50Z,2026-07-17 21:14,50,5.0,0,
2026-07-17T19:19:54Z,2026-07-17 21:19,50,5.0,0,
2026-07-17T19:20:07Z,2026-07-17 21:20,50,5.0,0,
2026-07-17T19:25:12Z,2026-07-17 21:25,50,5.0,0,
2026-07-17T19:30:19Z,2026-07-17 21:30,50,5.0,0,
2026-07-17T19:35:23Z,2026-07-17 21:35,50,5.0,0,
2026-07-17T19:40:28Z,2026-07-17 21:40,50,5.0,0,
2026-07-17T19:45:38Z,2026-07-17 21:45,50,5.0,0,
2026-07-17T19:50:42Z,2026-07-17 21:50,50,5.0,0,
2026-07-17T19:55:47Z,2026-07-17 21:55,50,5.0,0,
2026-07-17T20:00:52Z,2026-07-17 22:00,50,5.0,0,
2026-07-17T20:05:56Z,2026-07-17 22:05,50,5.0,0,
2026-07-17T20:11:01Z,2026-07-17 22:11,50,5.0,0,
2026-07-17T20:16:05Z,2026-07-17 22:16,50,5.0,0,
2026-07-17T20:21:10Z,2026-07-17 22:21,50,5.0,0,
2026-07-17T20:26:15Z,2026-07-17 22:26,50,5.0,0,
2026-07-17T20:31:20Z,2026-07-17 22:31,50,5.0,0,
2026-07-17T20:36:25Z,2026-07-17 22:36,50,5.0,0,
2026-07-17T20:41:29Z,2026-07-17 22:41,50,5.0,0,
2026-07-17T20:46:34Z,2026-07-17 22:46,50,5.0,0,
2026-07-17T20:51:39Z,2026-07-17 22:51,50,5.0,0,
2026-07-17T20:56:44Z,2026-07-17 22:56,50,5.0,0,
2026-07-17T21:01:48Z,2026-07-17 23:01,50,5.0,0,
2026-07-17T21:06:53Z,2026-07-17 23:06,50,5.0,0,
2026-07-17T21:11:57Z,2026-07-17 23:11,50,5.0,0,
2026-07-17T21:17:02Z,2026-07-17 23:17,50,5.0,0,
2026-07-17T21:22:06Z,2026-07-17 23:22,50,5.0,0,
2026-07-17T21:27:12Z,2026-07-17 23:27,50,5.0,0,
2026-07-17T21:32:16Z,2026-07-17 23:32,50,5.0,0,
2026-07-17T21:37:21Z,2026-07-17 23:37,50,5.0,0,
2026-07-17T21:42:26Z,2026-07-17 23:42,50,5.0,0,
2026-07-17T21:47:30Z,2026-07-17 23:47,50,5.0,0,
2026-07-17T21:52:35Z,2026-07-17 23:52,50,5.0,0,
2026-07-17T21:57:39Z,2026-07-17 23:57,70,7.0,0,
2026-07-17T22:02:44Z,2026-07-18 00:02,70,7.0,0,
2026-07-17T22:07:48Z,2026-07-18 00:07,70,7.0,0,
2026-07-17T22:07:59Z,2026-07-18 00:07,70,7.0,0,
2026-07-17T22:13:04Z,2026-07-18 00:13,70,7.0,0,
2026-07-17T22:18:09Z,2026-07-18 00:18,70,7.0,0,
2026-07-17T22:23:13Z,2026-07-18 00:23,70,7.0,0,
2026-07-17T22:28:18Z,2026-07-18 00:28,0,,0,
2026-07-17T22:33:22Z,2026-07-18 00:33,0,,0,
2026-07-17T22:38:27Z,2026-07-18 00:38,70,7.0,0,
2026-07-17T22:43:32Z,2026-07-18 00:43,70,7.0,0,
2026-07-17T22:48:36Z,2026-07-18 00:48,70,7.0,0,
2026-07-17T22:53:42Z,2026-07-18 00:53,70,7.0,0,
2026-07-17T22:58:46Z,2026-07-18 00:58,70,7.0,0,
2026-07-17T23:03:51Z,2026-07-18 01:03,70,7.0,0,
2026-07-17T23:08:56Z,2026-07-18 01:08,70,7.0,0,
2026-07-17T23:14:01Z,2026-07-18 01:14,70,7.0,0,
2026-07-17T23:19:05Z,2026-07-18 01:19,70,7.0,0,
2026-07-17T23:24:10Z,2026-07-18 01:24,70,7.0,0,
2026-07-17T23:29:15Z,2026-07-18 01:29,70,7.0,0,
2026-07-17T23:34:19Z,2026-07-18 01:34,70,7.0,0,
2026-07-17T23:39:24Z,2026-07-18 01:39,70,7.0,0,
2026-07-17T23:44:29Z,2026-07-18 01:44,70,7.0,0,
2026-07-17T23:49:34Z,2026-07-18 01:49,70,7.0,0,
2026-07-17T23:54:38Z,2026-07-18 01:54,70,7.0,0,
2026-07-17T23:59:43Z,2026-07-18 01:59,70,7.0,0,
2026-07-18T00:04:47Z,2026-07-18 02:04,70,7.0,0,
2026-07-18T00:09:52Z,2026-07-18 02:09,70,7.0,0,
2026-07-18T00:14:57Z,2026-07-18 02:14,70,7.0,0,
2026-07-18T00:20:02Z,2026-07-18 02:20,70,7.0,0,
2026-07-18T00:25:08Z,2026-07-18 02:25,70,7.0,0,
2026-07-18T00:30:13Z,2026-07-18 02:30,70,7.0,0,
2026-07-18T00:35:18Z,2026-07-18 02:35,70,7.0,0,
2026-07-18T00:40:23Z,2026-07-18 02:40,70,7.0,0,
2026-07-18T00:45:28Z,2026-07-18 02:45,70,7.0,0,
2026-07-18T00:50:33Z,2026-07-18 02:50,70,7.0,0,
2026-07-18T00:55:37Z,2026-07-18 02:55,70,7.0,0,
2026-07-18T00:55:49Z,2026-07-18 02:55,70,7.0,0,
2026-07-18T01:00:54Z,2026-07-18 03:00,70,7.0,0,
2026-07-18T01:05:59Z,2026-07-18 03:05,70,7.0,0,
2026-07-18T01:11:05Z,2026-07-18 03:11,80,8.0,0,
2026-07-18T01:16:13Z,2026-07-18 03:16,80,8.0,0,
2026-07-18T01:21:18Z,2026-07-18 03:21,80,8.0,0,
2026-07-18T01:26:24Z,2026-07-18 03:26,80,8.0,0,
2026-07-18T01:31:29Z,2026-07-18 03:31,80,8.0,0,
2026-07-18T01:36:34Z,2026-07-18 03:36,80,8.0,0,
2026-07-18T01:41:39Z,2026-07-18 03:41,80,8.0,0,
2026-07-18T01:46:45Z,2026-07-18 03:46,90,9.0,0,
2026-07-18T01:51:50Z,2026-07-18 03:51,90,9.0,0,
2026-07-18T01:56:56Z,2026-07-18 03:56,90,9.0,0,
2026-07-18T02:02:01Z,2026-07-18 04:02,90,9.0,0,
2026-07-18T02:07:06Z,2026-07-18 04:07,90,9.0,0,
2026-07-18T02:12:12Z,2026-07-18 04:12,100,10.0,0,
2026-07-18T02:17:17Z,2026-07-18 04:17,100,10.0,0,
2026-07-18T02:22:22Z,2026-07-18 04:22,100,10.0,0,
2026-07-18T02:27:28Z,2026-07-18 04:27,100,10.0,0,
2026-07-18T02:32:33Z,2026-07-18 04:32,100,10.0,0,
2026-07-18T02:37:38Z,2026-07-18 04:37,110,11.0,0,
2026-07-18T02:42:43Z,2026-07-18 04:42,120,12.0,0,
2026-07-18T02:47:49Z,2026-07-18 04:47,120,12.0,0,
2026-07-18T02:52:54Z,2026-07-18 04:52,120,12.0,0,
2026-07-18T02:57:59Z,2026-07-18 04:57,130,13.0,0,
2026-07-18T03:03:05Z,2026-07-18 05:03,130,13.0,0,
2026-07-18T03:08:10Z,2026-07-18 05:08,130,13.0,0,
2026-07-18T03:13:16Z,2026-07-18 05:13,130,13.0,0,
2026-07-18T03:18:21Z,2026-07-18 05:18,130,13.0,0,
2026-07-18T03:23:27Z,2026-07-18 05:23,130,13.0,0,
2026-07-18T03:28:32Z,2026-07-18 05:28,130,13.0,0,
2026-07-18T03:33:37Z,2026-07-18 05:33,140,14.0,0,
2026-07-18T03:38:42Z,2026-07-18 05:38,140,14.0,0,
2026-07-18T03:43:48Z,2026-07-18 05:43,140,14.0,0,
2026-07-18T03:50:16Z,2026-07-18 05:50,140,14.0,0,
2026-07-18T03:55:21Z,2026-07-18 05:55,140,14.0,0,
2026-07-18T04:00:25Z,2026-07-18 06:00,140,14.0,0,
2026-07-18T04:05:30Z,2026-07-18 06:05,140,14.0,0,
2026-07-18T04:10:34Z,2026-07-18 06:10,140,14.0,0,
2026-07-18T04:15:39Z,2026-07-18 06:15,140,14.0,0,
2026-07-18T04:20:44Z,2026-07-18 06:20,140,14.0,0,
2026-07-18T04:25:48Z,2026-07-18 06:25,150,15.0,0,
2026-07-18T04:30:53Z,2026-07-18 06:30,0,,0,
2026-07-18T04:35:57Z,2026-07-18 06:35,150,15.0,0,
2026-07-18T04:41:01Z,2026-07-18 06:41,150,15.0,0,
2026-07-18T04:46:08Z,2026-07-18 06:46,150,15.0,0,
2026-07-18T04:51:13Z,2026-07-18 06:51,150,15.0,0,
2026-07-18T04:56:17Z,2026-07-18 06:56,150,15.0,0,
2026-07-18T05:01:22Z,2026-07-18 07:01,150,15.0,0,
2026-07-18T05:06:26Z,2026-07-18 07:06,150,15.0,0,
2026-07-18T05:11:31Z,2026-07-18 07:11,150,15.0,0,
2026-07-18T05:16:35Z,2026-07-18 07:16,150,15.0,0,
2026-07-18T05:21:39Z,2026-07-18 07:21,150,15.0,0,
2026-07-18T05:26:44Z,2026-07-18 07:26,150,15.0,0,
2026-07-18T05:31:48Z,2026-07-18 07:31,150,15.0,0,
2026-07-18T05:36:53Z,2026-07-18 07:36,150,15.0,0,
2026-07-18T05:41:57Z,2026-07-18 07:41,150,15.0,0,
2026-07-18T05:47:02Z,2026-07-18 07:47,150,15.0,0,
2026-07-18T05:52:06Z,2026-07-18 07:52,150,15.0,0,
2026-07-18T05:57:11Z,2026-07-18 07:57,170,17.0,0,
2026-07-18T06:02:16Z,2026-07-18 08:02,170,17.0,0,
2026-07-18T06:07:22Z,2026-07-18 08:07,170,17.0,0,
2026-07-18T06:12:26Z,2026-07-18 08:12,170,17.0,0,
2026-07-18T06:17:31Z,2026-07-18 08:17,180,20.0,0,
2026-07-18T06:22:35Z,2026-07-18 08:22,180,20.0,0,
2026-07-18T06:27:40Z,2026-07-18 08:27,180,20.0,0,
2026-07-18T06:32:46Z,2026-07-18 08:32,180,20.0,0,
2026-07-18T06:37:50Z,2026-07-18 08:37,180,20.0,0,
2026-07-18T06:38:06Z,2026-07-18 08:38,180,20.0,0,
2026-07-18T06:43:11Z,2026-07-18 08:43,180,20.0,0,
2026-07-18T06:48:17Z,2026-07-18 08:48,180,20.0,0,
2026-07-18T06:53:23Z,2026-07-18 08:53,180,20.0,0,
2026-07-18T06:58:28Z,2026-07-18 08:58,180,20.0,0,
2026-07-18T07:03:34Z,2026-07-18 09:03,180,20.0,10,1.0
2026-07-18T07:08:39Z,2026-07-18 09:08,180,20.0,20,2.0
2026-07-18T07:13:45Z,2026-07-18 09:13,180,20.0,20,2.0
2026-07-18T07:18:51Z,2026-07-18 09:18,180,20.0,20,2.0
2026-07-18T07:23:56Z,2026-07-18 09:23,180,20.0,20,2.0
2026-07-18T07:29:02Z,2026-07-18 09:29,180,20.0,20,2.0
2026-07-18T07:34:07Z,2026-07-18 09:34,180,20.0,20,2.0
2026-07-18T07:39:13Z,2026-07-18 09:39,180,20.0,20,2.0
2026-07-18T07:44:18Z,2026-07-18 09:44,180,20.0,20,2.0
2026-07-18T07:49:24Z,2026-07-18 09:49,180,20.0,20,2.0
2026-07-18T07:54:29Z,2026-07-18 09:54,180,20.0,20,2.0
2026-07-18T07:59:35Z,2026-07-18 09:59,200,20.0,20,2.0
2026-07-18T08:04:41Z,2026-07-18 10:04,200,20.0,20,2.0
2026-07-18T08:09:46Z,2026-07-18 10:09,200,20.0,20,2.0
2026-07-18T08:14:52Z,2026-07-18 10:14,200,20.0,20,2.0
2026-07-18T08:19:57Z,2026-07-18 10:19,200,20.0,20,2.0
2026-07-18T08:25:03Z,2026-07-18 10:25,200,20.0,30,3.0
2026-07-18T08:30:14Z,2026-07-18 10:30,200,20.0,30,3.0
2026-07-18T08:35:20Z,2026-07-18 10:35,200,20.0,30,3.0
2026-07-18T08:40:25Z,2026-07-18 10:40,200,20.0,30,3.0
2026-07-18T08:45:31Z,2026-07-18 10:45,200,20.0,30,3.0
2026-07-18T08:50:38Z,2026-07-18 10:50,200,20.0,30,3.0
2026-07-18T08:55:43Z,2026-07-18 10:55,200,20.0,30,3.0
2026-07-18T09:00:49Z,2026-07-18 11:00,200,20.0,30,3.0
2026-07-18T09:05:55Z,2026-07-18 11:05,200,20.0,30,3.0
2026-07-18T09:11:00Z,2026-07-18 11:11,200,20.0,40,4.0
2026-07-18T09:16:07Z,2026-07-18 11:16,200,20.0,40,4.0
2026-07-18T09:21:13Z,2026-07-18 11:21,200,20.0,40,4.0
2026-07-18T09:26:18Z,2026-07-18 11:26,200,20.0,40,4.0
2026-07-18T09:26:31Z,2026-07-18 11:26,200,20.0,40,4.0
2026-07-18T09:31:37Z,2026-07-18 11:31,200,20.0,40,4.0
2026-07-18T09:36:42Z,2026-07-18 11:36,200,20.0,40,4.0
2026-07-18T09:41:49Z,2026-07-18 11:41,180,18.0,40,4.0
2026-07-18T09:46:54Z,2026-07-18 11:46,180,18.0,40,4.0
2026-07-18T09:51:59Z,2026-07-18 11:51,180,18.0,40,4.0
2026-07-18T09:57:04Z,2026-07-18 11:57,180,18.0,40,4.0
2026-07-18T10:02:10Z,2026-07-18 12:02,180,18.0,40,4.0
2026-07-18T10:07:15Z,2026-07-18 12:07,180,18.0,40,4.0
2026-07-18T10:12:21Z,2026-07-18 12:12,180,18.0,40,4.0
2026-07-18T10:17:26Z,2026-07-18 12:17,180,18.0,40,4.0
2026-07-18T10:22:32Z,2026-07-18 12:22,180,18.0,40,4.0
2026-07-18T10:27:37Z,2026-07-18 12:27,180,18.0,40,4.0
2026-07-18T10:32:42Z,2026-07-18 12:32,180,18.0,40,4.0
2026-07-18T10:37:48Z,2026-07-18 12:37,180,18.0,40,4.0
2026-07-18T10:42:53Z,2026-07-18 12:42,180,18.0,40,4.0
2026-07-18T10:47:59Z,2026-07-18 12:47,180,18.0,40,4.0
2026-07-18T10:53:04Z,2026-07-18 12:53,180,18.0,40,4.0
2026-07-18T10:58:13Z,2026-07-18 12:58,180,18.0,40,4.0
2026-07-18T11:03:18Z,2026-07-18 13:03,180,18.0,40,4.0
2026-07-18T11:08:24Z,2026-07-18 13:08,180,18.0,40,4.0
2026-07-18T11:13:29Z,2026-07-18 13:13,180,18.0,40,4.0
2026-07-18T11:18:35Z,2026-07-18 13:18,180,18.0,40,4.0
2026-07-18T11:23:40Z,2026-07-18 13:23,180,18.0,40,4.0
2026-07-18T11:28:46Z,2026-07-18 13:28,180,18.0,40,4.0
2026-07-18T11:33:51Z,2026-07-18 13:33,180,18.0,40,4.0
2026-07-18T11:38:56Z,2026-07-18 13:38,180,18.0,40,4.0
2026-07-18T11:44:01Z,2026-07-18 13:44,180,18.0,40,4.0
2026-07-18T11:49:07Z,2026-07-18 13:49,180,18.0,40,4.0
2026-07-18T11:54:13Z,2026-07-18 13:54,180,18.0,40,4.0
2026-07-18T11:59:19Z,2026-07-18 13:59,180,18.0,40,4.0
2026-07-18T12:04:24Z,2026-07-18 14:04,180,18.0,40,4.0
2026-07-18T12:09:30Z,2026-07-18 14:09,180,18.0,40,4.0
2026-07-18T12:14:35Z,2026-07-18 14:14,180,18.0,40,4.0
2026-07-18T12:14:48Z,2026-07-18 14:14,180,18.0,40,4.0
2026-07-18T12:19:54Z,2026-07-18 14:19,180,18.0,40,4.0
2026-07-18T12:24:59Z,2026-07-18 14:24,180,18.0,40,4.0
2026-07-18T12:30:08Z,2026-07-18 14:30,180,18.0,40,4.0
2026-07-18T12:35:14Z,2026-07-18 14:35,180,18.0,40,4.0
2026-07-18T12:40:20Z,2026-07-18 14:40,180,18.0,40,4.0
2026-07-18T12:45:25Z,2026-07-18 14:45,180,18.0,40,4.0
2026-07-18T12:50:30Z,2026-07-18 14:50,180,18.0,40,4.0
2026-07-18T12:55:36Z,2026-07-18 14:55,180,18.0,40,4.0
2026-07-18T13:00:41Z,2026-07-18 15:00,180,18.0,40,4.0
2026-07-18T13:05:47Z,2026-07-18 15:05,180,18.0,40,4.0
2026-07-18T13:10:52Z,2026-07-18 15:10,180,18.0,40,4.0
2026-07-18T13:15:57Z,2026-07-18 15:15,180,18.0,40,4.0
2026-07-18T13:21:04Z,2026-07-18 15:21,180,18.0,40,4.0
2026-07-18T13:26:12Z,2026-07-18 15:26,180,18.0,40,4.0
2026-07-18T13:31:19Z,2026-07-18 15:31,180,18.0,40,4.0
2026-07-18T13:36:25Z,2026-07-18 15:36,180,18.0,50,5.0
2026-07-18T13:41:30Z,2026-07-18 15:41,180,18.0,50,5.0
2026-07-18T13:46:36Z,2026-07-18 15:46,180,18.0,50,5.0
2026-07-18T13:51:41Z,2026-07-18 15:51,180,18.0,50,5.0
2026-07-18T13:56:46Z,2026-07-18 15:56,180,18.0,50,5.0
2026-07-18T14:01:52Z,2026-07-18 16:01,180,18.0,50,5.0
2026-07-18T14:06:57Z,2026-07-18 16:06,180,18.0,50,5.0
2026-07-18T14:12:04Z,2026-07-18 16:12,180,18.0,50,5.0
2026-07-18T14:17:10Z,2026-07-18 16:17,180,18.0,50,5.0
2026-07-18T14:22:15Z,2026-07-18 16:22,180,18.0,50,5.0
2026-07-18T14:27:20Z,2026-07-18 16:27,180,18.0,50,5.0
2026-07-18T14:32:26Z,2026-07-18 16:32,180,18.0,50,5.0
2026-07-18T14:37:31Z,2026-07-18 16:37,180,18.0,40,4.0
2026-07-18T14:42:37Z,2026-07-18 16:42,180,18.0,40,4.0
2026-07-18T14:47:42Z,2026-07-18 16:47,150,17.0,40,4.0
2026-07-18T14:57:53Z,2026-07-18 16:57,150,17.0,40,4.0
2026-07-18T15:02:58Z,2026-07-18 17:02,150,17.0,40,4.0
2026-07-18T15:03:10Z,2026-07-18 17:03,150,17.0,40,4.0
2026-07-18T15:08:14Z,2026-07-18 17:08,150,17.0,30,3.0
2026-07-18T15:13:19Z,2026-07-18 17:13,150,17.0,30,3.0
2026-07-18T15:18:23Z,2026-07-18 17:18,150,17.0,30,3.0
2026-07-18T15:23:28Z,2026-07-18 17:23,150,17.0,30,3.0
2026-07-18T15:28:32Z,2026-07-18 17:28,150,17.0,30,3.0
2026-07-18T15:33:37Z,2026-07-18 17:33,150,17.0,30,3.0
2026-07-18T15:38:41Z,2026-07-18 17:38,150,17.0,30,3.0
2026-07-18T15:43:46Z,2026-07-18 17:43,150,17.0,30,3.0
2026-07-18T15:48:50Z,2026-07-18 17:48,150,17.0,30,3.0
2026-07-18T15:53:55Z,2026-07-18 17:53,150,17.0,30,3.0
2026-07-18T15:58:59Z,2026-07-18 17:58,150,17.0,30,3.0
2026-07-18T16:04:09Z,2026-07-18 18:04,150,17.0,30,3.0
2026-07-18T16:09:14Z,2026-07-18 18:09,150,17.0,30,3.0
2026-07-18T16:14:19Z,2026-07-18 18:14,150,17.0,30,3.0
2026-07-18T16:19:23Z,2026-07-18 18:19,150,17.0,30,3.0
2026-07-18T16:24:28Z,2026-07-18 18:24,150,17.0,30,3.0
2026-07-18T16:29:32Z,2026-07-18 18:29,150,17.0,30,3.0
2026-07-18T16:34:37Z,2026-07-18 18:34,150,17.0,30,3.0
2026-07-18T16:39:41Z,2026-07-18 18:39,150,17.0,30,3.0
2026-07-18T16:44:46Z,2026-07-18 18:44,150,17.0,30,3.0
2026-07-18T16:49:50Z,2026-07-18 18:49,150,17.0,30,3.0
2026-07-18T16:54:56Z,2026-07-18 18:54,160,16.0,30,3.0
2026-07-18T17:00:00Z,2026-07-18 19:00,160,16.0,30,3.0
2026-07-18T17:05:08Z,2026-07-18 19:05,160,16.0,30,3.0
2026-07-18T17:10:13Z,2026-07-18 19:10,160,16.0,30,3.0
2026-07-18T17:15:17Z,2026-07-18 19:15,140,15.0,30,3.0
2026-07-18T17:20:22Z,2026-07-18 19:20,140,15.0,20,2.0
2026-07-18T17:25:26Z,2026-07-18 19:25,140,15.0,20,2.0
2026-07-18T17:30:32Z,2026-07-18 19:30,130,13.0,20,2.0
2026-07-18T17:35:37Z,2026-07-18 19:35,130,13.0,20,2.0
2026-07-18T17:40:41Z,2026-07-18 19:40,130,13.0,20,2.0
2026-07-18T17:45:46Z,2026-07-18 19:45,120,12.0,20,2.0
2026-07-18T17:50:50Z,2026-07-18 19:50,100,10.0,20,2.0
2026-07-18T17:51:00Z,2026-07-18 19:51,100,10.0,20,2.0
2026-07-18T17:56:09Z,2026-07-18 19:56,100,10.0,20,2.0
2026-07-18T18:01:14Z,2026-07-18 20:01,100,10.0,20,2.0
2026-07-18T18:06:18Z,2026-07-18 20:06,100,10.0,20,2.0
2026-07-18T18:11:22Z,2026-07-18 20:11,100,10.0,20,2.0
2026-07-18T18:16:27Z,2026-07-18 20:16,100,10.0,20,2.0
2026-07-18T18:21:31Z,2026-07-18 20:21,100,10.0,20,2.0
2026-07-18T18:26:36Z,2026-07-18 20:26,100,10.0,20,2.0
2026-07-18T18:31:40Z,2026-07-18 20:31,100,10.0,20,2.0
2026-07-18T18:36:45Z,2026-07-18 20:36,100,10.0,10,1.0
2026-07-18T18:41:49Z,2026-07-18 20:41,100,10.0,10,1.0
2026-07-18T18:46:54Z,2026-07-18 20:46,90,9.0,10,1.0
2026-07-18T18:51:58Z,2026-07-18 20:51,90,9.0,0,
2026-07-18T18:57:03Z,2026-07-18 20:57,90,9.0,0,
2026-07-18T19:02:08Z,2026-07-18 21:02,90,9.0,0,
2026-07-18T19:07:13Z,2026-07-18 21:07,50,5.0,0,
2026-07-18T19:12:17Z,2026-07-18 21:12,50,5.0,0,
2026-07-18T19:17:22Z,2026-07-18 21:17,50,5.0,0,
2026-07-18T19:22:27Z,2026-07-18 21:22,50,5.0,0,
2026-07-18T19:27:31Z,2026-07-18 21:27,50,5.0,0,
2026-07-18T19:32:36Z,2026-07-18 21:32,50,5.0,0,
2026-07-18T19:37:40Z,2026-07-18 21:37,40,4.0,0,
2026-07-18T19:42:44Z,2026-07-18 21:42,40,4.0,0,
2026-07-18T19:47:49Z,2026-07-18 21:47,40,4.0,0,
2026-07-18T19:52:53Z,2026-07-18 21:52,40,4.0,0,
2026-07-18T19:57:58Z,2026-07-18 21:57,40,4.0,0,
2026-07-18T20:03:02Z,2026-07-18 22:03,40,4.0,0,
2026-07-18T20:08:07Z,2026-07-18 22:08,30,3.0,0,
2026-07-18T20:13:11Z,2026-07-18 22:13,30,3.0,0,
2026-07-18T20:18:16Z,2026-07-18 22:18,30,3.0,0,
2026-07-18T20:23:20Z,2026-07-18 22:23,30,3.0,0,
2026-07-18T20:28:24Z,2026-07-18 22:28,30,3.0,0,
2026-07-18T20:33:29Z,2026-07-18 22:33,30,3.0,0,
2026-07-18T20:38:33Z,2026-07-18 22:38,0,,0,
2026-07-18T20:38:47Z,2026-07-18 22:38,0,,0,
2026-07-18T20:43:52Z,2026-07-18 22:43,0,,0,
2026-07-18T20:48:58Z,2026-07-18 22:48,0,,0,
2026-07-18T20:54:04Z,2026-07-18 22:54,0,,0,
2026-07-18T20:59:09Z,2026-07-18 22:59,0,,0,
2026-07-18T21:04:19Z,2026-07-18 23:04,0,,0,
2026-07-18T21:09:24Z,2026-07-18 23:09,30,3.0,20,2.0
2026-07-18T21:14:30Z,2026-07-18 23:14,30,3.0,20,2.0
2026-07-18T21:19:36Z,2026-07-18 23:19,30,3.0,20,2.0
2026-07-18T21:24:41Z,2026-07-18 23:24,30,3.0,20,2.0
2026-07-18T21:29:46Z,2026-07-18 23:29,30,3.0,20,2.0
2026-07-18T21:34:52Z,2026-07-18 23:34,30,3.0,10,1.0
2026-07-18T21:39:57Z,2026-07-18 23:39,30,3.0,10,1.0
2026-07-18T21:45:03Z,2026-07-18 23:45,30,3.0,10,1.0
2026-07-18T21:50:12Z,2026-07-18 23:50,30,3.0,0,
2026-07-18T21:55:18Z,2026-07-18 23:55,30,3.0,0,
2026-07-18T22:00:23Z,2026-07-19 00:00,30,3.0,0,
2026-07-18T22:05:29Z,2026-07-19 00:05,30,3.0,0,
2026-07-18T22:10:34Z,2026-07-19 00:10,30,3.0,0,
2026-07-18T22:15:44Z,2026-07-19 00:15,30,3.0,0,
2026-07-18T22:20:50Z,2026-07-19 00:20,30,3.0,0,
2026-07-18T22:25:55Z,2026-07-19 00:25,30,3.0,0,
2026-07-18T22:31:00Z,2026-07-19 00:31,0,,0,
2026-07-18T22:36:06Z,2026-07-19 00:36,30,3.0,0,
2026-07-18T22:41:11Z,2026-07-19 00:41,10,1.0,0,
2026-07-18T22:46:17Z,2026-07-19 00:46,0,,0,
2026-07-18T22:51:23Z,2026-07-19 00:51,0,,0,
2026-07-18T22:56:28Z,2026-07-19 00:56,0,,0,
2026-07-18T23:01:32Z,2026-07-19 01:01,0,,0,
2026-07-18T23:06:37Z,2026-07-19 01:06,0,,0,
2026-07-18T23:11:47Z,2026-07-19 01:11,0,,0,
2026-07-18T23:16:52Z,2026-07-19 01:16,0,,0,
2026-07-18T23:21:57Z,2026-07-19 01:21,0,,0,
2026-07-18T23:27:03Z,2026-07-19 01:27,0,,0,
2026-07-18T23:27:17Z,2026-07-19 01:27,0,,0,
2026-07-18T23:32:22Z,2026-07-19 01:32,0,,0,
2026-07-18T23:37:26Z,2026-07-19 01:37,0,,0,
2026-07-18T23:42:31Z,2026-07-19 01:42,0,,0,
2026-07-18T23:47:35Z,2026-07-19 01:47,0,,0,
2026-07-18T23:52:40Z,2026-07-19 01:52,0,,0,
2026-07-18T23:57:44Z,2026-07-19 01:57,0,,0,
2026-07-19T00:02:49Z,2026-07-19 02:02,0,,0,
2026-07-19T00:07:53Z,2026-07-19 02:07,0,,0,
2026-07-19T00:12:58Z,2026-07-19 02:12,0,,0,
2026-07-19T00:18:03Z,2026-07-19 02:18,0,,0,
2026-07-19T00:23:07Z,2026-07-19 02:23,0,,0,
2026-07-19T00:28:12Z,2026-07-19 02:28,0,,0,
2026-07-19T00:33:17Z,2026-07-19 02:33,0,,0,
2026-07-19T00:38:21Z,2026-07-19 02:38,0,,0,
2026-07-19T00:43:26Z,2026-07-19 02:43,0,,0,
2026-07-19T00:48:30Z,2026-07-19 02:48,0,,0,
2026-07-19T00:53:35Z,2026-07-19 02:53,0,,0,
2026-07-19T00:58:39Z,2026-07-19 02:58,0,,0,
2026-07-19T01:03:44Z,2026-07-19 03:03,0,,0,
2026-07-19T01:08:49Z,2026-07-19 03:08,0,,0,
2026-07-19T01:13:53Z,2026-07-19 03:13,0,,0,
2026-07-19T01:18:58Z,2026-07-19 03:18,0,,0,
2026-07-19T01:24:02Z,2026-07-19 03:24,0,,0,
2026-07-19T01:29:07Z,2026-07-19 03:29,0,,0,
2026-07-19T01:34:12Z,2026-07-19 03:34,0,,0,
2026-07-19T01:39:16Z,2026-07-19 03:39,0,,0,
2026-07-19T01:44:21Z,2026-07-19 03:44,0,,0,
2026-07-19T01:49:25Z,2026-07-19 03:49,0,,0,
2026-07-19T01:54:30Z,2026-07-19 03:54,0,,0,
2026-07-19T01:59:34Z,2026-07-19 03:59,0,,0,
2026-07-19T02:04:39Z,2026-07-19 04:04,0,,0,
2026-07-19T02:09:44Z,2026-07-19 04:09,0,,0,
2026-07-19T02:14:48Z,2026-07-19 04:14,0,,0,
2026-07-19T02:15:02Z,2026-07-19 04:15,0,,0,
2026-07-19T02:20:11Z,2026-07-19 04:20,0,,0,
2026-07-19T02:25:16Z,2026-07-19 04:25,0,,0,
2026-07-19T02:30:22Z,2026-07-19 04:30,0,,0,
2026-07-19T02:35:29Z,2026-07-19 04:35,0,,0,
2026-07-19T02:40:34Z,2026-07-19 04:40,10,1.0,0,
2026-07-19T02:45:39Z,2026-07-19 04:45,10,1.0,0,
2026-07-19T02:50:44Z,2026-07-19 04:50,10,1.0,0,
2026-07-19T02:55:50Z,2026-07-19 04:55,20,2.0,0,
2026-07-19T03:01:01Z,2026-07-19 05:01,20,2.0,0,
2026-07-19T03:06:07Z,2026-07-19 05:06,20,2.0,0,
2026-07-19T03:11:12Z,2026-07-19 05:11,20,2.0,0,
2026-07-19T03:16:18Z,2026-07-19 05:16,20,2.0,0,
2026-07-19T03:21:23Z,2026-07-19 05:21,30,3.0,0,
2026-07-19T03:26:28Z,2026-07-19 05:26,30,3.0,0,
2026-07-19T03:31:34Z,2026-07-19 05:31,40,4.0,0,
2026-07-19T03:36:39Z,2026-07-19 05:36,40,4.0,0,
2026-07-19T03:41:45Z,2026-07-19 05:41,40,4.0,0,
2026-07-19T03:46:50Z,2026-07-19 05:46,40,4.0,0,
2026-07-19T03:51:55Z,2026-07-19 05:51,40,4.0,0,
2026-07-19T03:57:02Z,2026-07-19 05:57,50,5.0,0,
2026-07-19T04:02:07Z,2026-07-19 06:02,50,5.0,0,
2026-07-19T04:07:13Z,2026-07-19 06:07,60,6.0,0,
2026-07-19T04:12:26Z,2026-07-19 06:12,60,6.0,0,
2026-07-19T04:17:31Z,2026-07-19 06:17,60,6.0,0,
2026-07-19T04:22:36Z,2026-07-19 06:22,60,6.0,0,
2026-07-19T04:27:41Z,2026-07-19 06:27,60,6.0,0,
2026-07-19T04:32:47Z,2026-07-19 06:32,60,6.0,0,
2026-07-19T04:37:53Z,2026-07-19 06:37,60,6.0,0,
2026-07-19T04:42:58Z,2026-07-19 06:42,60,6.0,0,
2026-07-19T04:48:05Z,2026-07-19 06:48,60,6.0,0,
2026-07-19T04:53:10Z,2026-07-19 06:53,60,6.0,0,
2026-07-19T04:58:16Z,2026-07-19 06:58,60,6.0,0,
2026-07-19T05:03:21Z,2026-07-19 07:03,60,6.0,0,
2026-07-19T05:03:34Z,2026-07-19 07:03,60,6.0,0,
2026-07-19T05:08:39Z,2026-07-19 07:08,60,6.0,0,
2026-07-19T05:13:43Z,2026-07-19 07:13,60,6.0,0,
2026-07-19T05:18:48Z,2026-07-19 07:18,60,6.0,0,
2026-07-19T05:23:53Z,2026-07-19 07:23,70,7.0,0,
2026-07-19T05:28:58Z,2026-07-19 07:28,70,7.0,0,
2026-07-19T05:34:03Z,2026-07-19 07:34,70,7.0,0,
2026-07-19T05:39:07Z,2026-07-19 07:39,70,7.0,0,
2026-07-19T05:44:12Z,2026-07-19 07:44,70,7.0,0,
2026-07-19T05:49:17Z,2026-07-19 07:49,70,7.0,0,
2026-07-19T05:54:23Z,2026-07-19 07:54,70,7.0,0,
2026-07-19T05:59:27Z,2026-07-19 07:59,70,7.0,0,
2026-07-19T06:04:32Z,2026-07-19 08:04,70,7.0,0,
2026-07-19T06:09:37Z,2026-07-19 08:09,70,7.0,0,
2026-07-19T06:14:41Z,2026-07-19 08:14,70,7.0,0,
2026-07-19T06:19:46Z,2026-07-19 08:19,70,7.0,0,
2026-07-19T06:24:51Z,2026-07-19 08:24,70,7.0,0,
2026-07-19T06:29:56Z,2026-07-19 08:29,80,8.0,0,
2026-07-19T06:35:01Z,2026-07-19 08:35,80,8.0,0,
2026-07-19T06:40:07Z,2026-07-19 08:40,80,8.0,0,
2026-07-19T06:45:12Z,2026-07-19 08:45,90,9.0,0,
2026-07-19T06:50:17Z,2026-07-19 08:50,100,10.0,0,
2026-07-19T06:55:21Z,2026-07-19 08:55,100,10.0,0,
2026-07-19T07:00:26Z,2026-07-19 09:00,100,10.0,0,
2026-07-19T07:05:31Z,2026-07-19 09:05,100,10.0,0,
2026-07-19T07:10:36Z,2026-07-19 09:10,100,10.0,0,
2026-07-19T07:15:40Z,2026-07-19 09:15,100,10.0,0,
2026-07-19T07:20:45Z,2026-07-19 09:20,100,10.0,0,
2026-07-19T07:25:49Z,2026-07-19 09:25,100,10.0,0,
2026-07-19T07:30:54Z,2026-07-19 09:30,100,10.0,0,
2026-07-19T07:35:59Z,2026-07-19 09:35,100,10.0,0,
2026-07-19T07:41:03Z,2026-07-19 09:41,100,10.0,0,
2026-07-19T07:46:08Z,2026-07-19 09:46,100,10.0,0,
2026-07-19T07:51:13Z,2026-07-19 09:51,100,10.0,0,
2026-07-19T07:51:27Z,2026-07-19 09:51,100,10.0,0,
2026-07-19T07:56:32Z,2026-07-19 09:56,100,10.0,0,
2026-07-19T08:01:38Z,2026-07-19 10:01,100,10.0,10,1.0
2026-07-19T08:06:43Z,2026-07-19 10:06,100,10.0,10,1.0
2026-07-19T08:11:48Z,2026-07-19 10:11,100,10.0,10,1.0
2026-07-19T08:16:53Z,2026-07-19 10:16,100,10.0,10,1.0
2026-07-19T08:21:59Z,2026-07-19 10:21,100,10.0,20,2.0
2026-07-19T08:27:08Z,2026-07-19 10:27,100,10.0,20,2.0
2026-07-19T08:32:14Z,2026-07-19 10:32,100,10.0,20,2.0
2026-07-19T08:37:19Z,2026-07-19 10:37,100,10.0,30,3.0
2026-07-19T08:42:24Z,2026-07-19 10:42,100,10.0,30,3.0
2026-07-19T08:47:30Z,2026-07-19 10:47,100,10.0,30,3.0
2026-07-19T08:52:35Z,2026-07-19 10:52,100,10.0,30,3.0
2026-07-19T08:57:40Z,2026-07-19 10:57,100,10.0,30,3.0
2026-07-19T09:02:46Z,2026-07-19 11:02,100,10.0,30,3.0
2026-07-19T09:07:52Z,2026-07-19 11:07,100,10.0,30,3.0
2026-07-19T09:12:59Z,2026-07-19 11:12,110,11.0,30,3.0
2026-07-19T09:18:05Z,2026-07-19 11:18,110,11.0,40,4.0
2026-07-19T09:23:13Z,2026-07-19 11:23,110,11.0,40,4.0
2026-07-19T09:28:19Z,2026-07-19 11:28,120,12.0,40,4.0
2026-07-19T09:33:24Z,2026-07-19 11:33,120,12.0,40,4.0
2026-07-19T09:38:29Z,2026-07-19 11:38,120,12.0,40,4.0
2026-07-19T09:43:35Z,2026-07-19 11:43,120,12.0,40,4.0
2026-07-19T09:48:40Z,2026-07-19 11:48,120,12.0,40,4.0
2026-07-19T09:53:45Z,2026-07-19 11:53,140,14.0,40,4.0
2026-07-19T09:58:50Z,2026-07-19 11:58,140,14.0,40,4.0
2026-07-19T10:03:56Z,2026-07-19 12:03,140,14.0,40,4.0
2026-07-19T10:09:01Z,2026-07-19 12:09,140,14.0,40,4.0
2026-07-19T10:14:09Z,2026-07-19 12:14,140,14.0,40,4.0
2026-07-19T10:19:14Z,2026-07-19 12:19,140,14.0,40,4.0
2026-07-19T10:24:20Z,2026-07-19 12:24,140,14.0,40,4.0
2026-07-19T10:29:25Z,2026-07-19 12:29,140,14.0,40,4.0
2026-07-19T10:34:30Z,2026-07-19 12:34,140,14.0,40,4.0
2026-07-19T10:39:35Z,2026-07-19 12:39,140,14.0,40,4.0
2026-07-19T10:39:48Z,2026-07-19 12:39,140,14.0,40,4.0
2026-07-19T10:44:52Z,2026-07-19 12:44,140,14.0,40,4.0
2026-07-19T10:49:57Z,2026-07-19 12:49,140,14.0,40,4.0
2026-07-19T10:55:02Z,2026-07-19 12:55,140,14.0,40,4.0
2026-07-19T11:00:14Z,2026-07-19 13:00,140,14.0,40,4.0
2026-07-19T11:05:19Z,2026-07-19 13:05,140,14.0,40,4.0
2026-07-19T11:10:23Z,2026-07-19 13:10,140,14.0,40,4.0
2026-07-19T11:15:28Z,2026-07-19 13:15,140,14.0,30,3.0
2026-07-19T11:20:32Z,2026-07-19 13:20,140,14.0,30,3.0
2026-07-19T11:25:36Z,2026-07-19 13:25,140,14.0,30,3.0
2026-07-19T11:30:41Z,2026-07-19 13:30,140,14.0,30,3.0
2026-07-19T11:35:45Z,2026-07-19 13:35,140,14.0,30,3.0
2026-07-19T11:40:50Z,2026-07-19 13:40,140,14.0,30,3.0
2026-07-19T11:45:54Z,2026-07-19 13:45,140,14.0,30,3.0
2026-07-19T11:50:58Z,2026-07-19 13:50,140,14.0,30,3.0
2026-07-19T11:56:05Z,2026-07-19 13:56,140,14.0,30,3.0
2026-07-19T12:01:09Z,2026-07-19 14:01,140,14.0,40,4.0
2026-07-19T12:06:14Z,2026-07-19 14:06,140,14.0,40,4.0
2026-07-19T12:11:18Z,2026-07-19 14:11,140,14.0,40,4.0
2026-07-19T12:16:23Z,2026-07-19 14:16,140,14.0,40,4.0
2026-07-19T12:21:27Z,2026-07-19 14:21,140,14.0,40,4.0
2026-07-19T12:26:32Z,2026-07-19 14:26,140,14.0,40,4.0
2026-07-19T12:31:36Z,2026-07-19 14:31,140,14.0,40,4.0
2026-07-19T12:36:41Z,2026-07-19 14:36,140,14.0,40,4.0
2026-07-19T12:41:46Z,2026-07-19 14:41,140,14.0,40,4.0
2026-07-19T12:46:50Z,2026-07-19 14:46,140,14.0,40,4.0
2026-07-19T12:51:55Z,2026-07-19 14:51,140,14.0,40,4.0
2026-07-19T12:56:59Z,2026-07-19 14:56,140,14.0,30,3.0
2026-07-19T13:02:04Z,2026-07-19 15:02,140,14.0,30,3.0
2026-07-19T13:07:09Z,2026-07-19 15:07,140,14.0,30,3.0
2026-07-19T13:12:13Z,2026-07-19 15:12,140,14.0,30,3.0
2026-07-19T13:17:20Z,2026-07-19 15:17,140,14.0,30,3.0
2026-07-19T13:22:24Z,2026-07-19 15:22,140,14.0,30,3.0
2026-07-19T13:27:29Z,2026-07-19 15:27,140,14.0,30,3.0
2026-07-19T13:27:41Z,2026-07-19 15:27,140,14.0,30,3.0
2026-07-19T13:32:47Z,2026-07-19 15:32,140,14.0,30,3.0
2026-07-19T13:37:52Z,2026-07-19 15:37,140,14.0,30,3.0
2026-07-19T13:42:57Z,2026-07-19 15:42,140,14.0,30,3.0
2026-07-19T13:48:03Z,2026-07-19 15:48,140,14.0,30,3.0
2026-07-19T13:53:08Z,2026-07-19 15:53,140,14.0,30,3.0
2026-07-19T13:58:15Z,2026-07-19 15:58,140,14.0,30,3.0
2026-07-19T14:03:20Z,2026-07-19 16:03,140,14.0,30,3.0
2026-07-19T14:08:26Z,2026-07-19 16:08,140,14.0,30,3.0
2026-07-19T14:13:31Z,2026-07-19 16:13,140,14.0,30,3.0
2026-07-19T14:18:36Z,2026-07-19 16:18,140,14.0,30,3.0
2026-07-19T14:23:42Z,2026-07-19 16:23,130,13.0,30,3.0
2026-07-19T14:28:47Z,2026-07-19 16:28,130,13.0,30,3.0
2026-07-19T14:33:53Z,2026-07-19 16:33,130,13.0,30,3.0
2026-07-19T14:38:59Z,2026-07-19 16:38,130,13.0,30,3.0
2026-07-19T14:44:05Z,2026-07-19 16:44,130,13.0,30,3.0
2026-07-19T14:49:11Z,2026-07-19 16:49,130,13.0,30,3.0
2026-07-19T14:54:16Z,2026-07-19 16:54,130,13.0,30,3.0
2026-07-19T14:59:22Z,2026-07-19 16:59,130,13.0,30,3.0
2026-07-19T15:04:27Z,2026-07-19 17:04,130,13.0,30,3.0
2026-07-19T15:09:32Z,2026-07-19 17:09,130,13.0,30,3.0
2026-07-19T15:14:38Z,2026-07-19 17:14,120,12.0,30,3.0
2026-07-19T15:19:43Z,2026-07-19 17:19,120,12.0,30,3.0
2026-07-19T15:24:48Z,2026-07-19 17:24,120,12.0,30,3.0
2026-07-19T15:29:54Z,2026-07-19 17:29,110,11.0,30,3.0
2026-07-19T15:35:00Z,2026-07-19 17:35,100,10.0,30,3.0
2026-07-19T15:40:06Z,2026-07-19 17:40,100,10.0,30,3.0
2026-07-19T15:45:12Z,2026-07-19 17:45,90,9.0,30,3.0
2026-07-19T15:50:17Z,2026-07-19 17:50,90,9.0,30,3.0
2026-07-19T15:55:22Z,2026-07-19 17:55,90,9.0,30,3.0
2026-07-19T16:00:28Z,2026-07-19 18:00,90,9.0,30,3.0
2026-07-19T16:05:33Z,2026-07-19 18:05,90,9.0,30,3.0
2026-07-19T16:10:38Z,2026-07-19 18:10,90,9.0,30,3.0
2026-07-19T16:15:44Z,2026-07-19 18:15,90,9.0,30,3.0
2026-07-19T16:15:59Z,2026-07-19 18:15,90,9.0,30,3.0
2026-07-19T16:21:04Z,2026-07-19 18:21,90,9.0,30,3.0
2026-07-19T16:26:10Z,2026-07-19 18:26,90,9.0,30,3.0
2026-07-19T16:31:15Z,2026-07-19 18:31,70,7.0,30,3.0
2026-07-19T16:36:21Z,2026-07-19 18:36,70,7.0,30,3.0
2026-07-19T16:41:26Z,2026-07-19 18:41,70,7.0,30,3.0
2026-07-19T16:46:31Z,2026-07-19 18:46,70,7.0,30,3.0
2026-07-19T16:51:37Z,2026-07-19 18:51,60,6.0,30,3.0
2026-07-19T16:56:43Z,2026-07-19 18:56,50,5.0,30,3.0
2026-07-19T17:01:49Z,2026-07-19 19:01,40,4.0,20,2.0
2026-07-19T17:06:54Z,2026-07-19 19:06,40,4.0,20,2.0
2026-07-19T17:11:59Z,2026-07-19 19:11,40,4.0,20,2.0
2026-07-19T17:17:05Z,2026-07-19 19:17,40,4.0,20,2.0
2026-07-19T17:22:11Z,2026-07-19 19:22,40,4.0,20,2.0
2026-07-19T17:27:16Z,2026-07-19 19:27,30,3.0,20,2.0
2026-07-19T17:32:22Z,2026-07-19 19:32,30,3.0,20,2.0
2026-07-19T17:37:27Z,2026-07-19 19:37,30,3.0,20,2.0
2026-07-19T17:42:33Z,2026-07-19 19:42,30,3.0,20,2.0
2026-07-19T17:47:39Z,2026-07-19 19:47,30,3.0,20,2.0
2026-07-19T17:52:45Z,2026-07-19 19:52,20,2.0,20,2.0
2026-07-19T17:57:51Z,2026-07-19 19:57,20,2.0,20,2.0
2026-07-19T18:02:56Z,2026-07-19 20:02,10,1.0,10,1.0
2026-07-19T18:08:02Z,2026-07-19 20:08,10,1.0,10,1.0
2026-07-19T18:13:07Z,2026-07-19 20:13,10,1.0,10,1.0
2026-07-19T18:18:12Z,2026-07-19 20:18,0,,10,1.0
2026-07-19T18:23:18Z,2026-07-19 20:23,0,,10,1.0
2026-07-19T18:28:28Z,2026-07-19 20:28,0,,10,1.0
2026-07-19T18:33:34Z,2026-07-19 20:33,0,,10,1.0
2026-07-19T18:38:40Z,2026-07-19 20:38,0,,10,1.0
2026-07-19T18:43:50Z,2026-07-19 20:43,0,,0,
2026-07-19T18:48:55Z,2026-07-19 20:48,0,,0,
2026-07-19T18:54:00Z,2026-07-19 20:54,0,,0,
2026-07-19T18:59:06Z,2026-07-19 20:59,0,,0,
2026-07-19T19:04:12Z,2026-07-19 21:04,0,,0,
2026-07-19T19:04:25Z,2026-07-19 21:04,0,,0,
2026-07-19T19:09:30Z,2026-07-19 21:09,0,,0,
2026-07-19T19:14:35Z,2026-07-19 21:14,0,,0,
2026-07-19T19:19:40Z,2026-07-19 21:19,0,,0,
2026-07-19T19:24:45Z,2026-07-19 21:24,0,,0,
2026-07-19T19:29:50Z,2026-07-19 21:29,0,,0,
2026-07-19T19:34:56Z,2026-07-19 21:34,0,,0,
2026-07-19T19:40:01Z,2026-07-19 21:40,0,,0,
2026-07-19T19:45:09Z,2026-07-19 21:45,0,,0,
2026-07-19T19:50:14Z,2026-07-19 21:50,0,,0,
2026-07-19T19:55:19Z,2026-07-19 21:55,0,,0,
2026-07-19T20:00:25Z,2026-07-19 22:00,0,,0,
2026-07-19T20:05:30Z,2026-07-19 22:05,0,,0,
2026-07-19T20:10:35Z,2026-07-19 22:10,0,,0,
2026-07-19T20:15:40Z,2026-07-19 22:15,0,,0,
2026-07-19T20:20:45Z,2026-07-19 22:20,0,,0,
2026-07-19T20:25:49Z,2026-07-19 22:25,0,,0,
2026-07-19T20:30:54Z,2026-07-19 22:30,0,,0,
2026-07-19T20:35:59Z,2026-07-19 22:35,0,,0,
2026-07-19T20:41:04Z,2026-07-19 22:41,0,,0,
2026-07-19T20:46:09Z,2026-07-19 22:46,0,,0,
2026-07-19T20:51:14Z,2026-07-19 22:51,0,,0,
2026-07-19T20:56:19Z,2026-07-19 22:56,0,,0,
2026-07-19T21:01:24Z,2026-07-19 23:01,0,,0,
2026-07-19T21:06:28Z,2026-07-19 23:06,0,,0,
2026-07-19T21:11:33Z,2026-07-19 23:11,0,,0,
2026-07-19T21:16:38Z,2026-07-19 23:16,0,,0,
2026-07-19T21:21:43Z,2026-07-19 23:21,0,,0,
2026-07-19T21:26:48Z,2026-07-19 23:26,0,,0,
2026-07-19T21:31:53Z,2026-07-19 23:31,0,,0,
2026-07-19T21:36:58Z,2026-07-19 23:36,0,,0,
2026-07-19T21:42:03Z,2026-07-19 23:42,0,,0,
2026-07-19T21:47:08Z,2026-07-19 23:47,0,,0,
2026-07-19T21:52:13Z,2026-07-19 23:52,0,,0,
2026-07-19T21:52:24Z,2026-07-19 23:52,0,,0,
2026-07-19T21:57:29Z,2026-07-19 23:57,0,,0,
2026-07-19T22:02:33Z,2026-07-20 00:02,0,,0,
2026-07-19T22:07:37Z,2026-07-20 00:07,0,,0,
2026-07-19T22:12:42Z,2026-07-20 00:12,0,,0,
2026-07-19T22:17:46Z,2026-07-20 00:17,0,,0,
2026-07-19T22:22:49Z,2026-07-20 00:22,0,,0,
2026-07-19T22:27:52Z,2026-07-20 00:27,0,,0,
2026-07-19T22:32:56Z,2026-07-20 00:32,0,,0,
2026-07-19T22:38:01Z,2026-07-20 00:38,0,,0,
2026-07-19T22:43:05Z,2026-07-20 00:43,0,,0,
2026-07-19T22:48:10Z,2026-07-20 00:48,0,,0,
2026-07-19T22:53:14Z,2026-07-20 00:53,0,,0,
2026-07-19T22:58:18Z,2026-07-20 00:58,0,,0,
2026-07-19T23:03:22Z,2026-07-20 01:03,0,,0,
2026-07-19T23:08:26Z,2026-07-20 01:08,0,,0,
2026-07-19T23:13:31Z,2026-07-20 01:13,0,,0,
2026-07-19T23:18:35Z,2026-07-20 01:18,0,,0,
2026-07-19T23:23:39Z,2026-07-20 01:23,0,,0,
2026-07-19T23:28:43Z,2026-07-20 01:28,0,,0,
2026-07-19T23:33:48Z,2026-07-20 01:33,0,,0,
2026-07-19T23:38:52Z,2026-07-20 01:38,0,,0,
2026-07-19T23:43:56Z,2026-07-20 01:43,0,,0,
2026-07-19T23:49:00Z,2026-07-20 01:49,0,,0,
2026-07-19T23:54:05Z,2026-07-20 01:54,0,,0,
2026-07-19T23:59:09Z,2026-07-20 01:59,0,,0,
2026-07-20T00:04:13Z,2026-07-20 02:04,0,,0,
2026-07-20T00:09:18Z,2026-07-20 02:09,0,,0,
2026-07-20T00:14:23Z,2026-07-20 02:14,0,,0,
2026-07-20T00:19:27Z,2026-07-20 02:19,0,,0,
2026-07-20T00:24:32Z,2026-07-20 02:24,0,,0,
2026-07-20T00:29:36Z,2026-07-20 02:29,0,,0,
2026-07-20T00:34:41Z,2026-07-20 02:34,0,,0,
2026-07-20T00:39:45Z,2026-07-20 02:39,0,,0,
2026-07-20T00:39:57Z,2026-07-20 02:39,0,,0,
2026-07-20T00:45:03Z,2026-07-20 02:45,0,,0,
2026-07-20T00:50:08Z,2026-07-20 02:50,0,,0,
2026-07-20T00:55:13Z,2026-07-20 02:55,0,,0,
2026-07-20T01:00:19Z,2026-07-20 03:00,0,,0,
2026-07-20T01:05:24Z,2026-07-20 03:05,0,,0,
2026-07-20T01:10:29Z,2026-07-20 03:10,0,,0,
2026-07-20T01:15:35Z,2026-07-20 03:15,0,,0,
2026-07-20T01:20:40Z,2026-07-20 03:20,0,,0,
2026-07-20T01:25:45Z,2026-07-20 03:25,0,,0,
2026-07-20T01:30:51Z,2026-07-20 03:30,0,,0,
2026-07-20T01:35:57Z,2026-07-20 03:35,0,,0,
2026-07-20T01:41:02Z,2026-07-20 03:41,0,,0,
2026-07-20T01:46:08Z,2026-07-20 03:46,0,,0,
2026-07-20T01:51:13Z,2026-07-20 03:51,0,,0,
2026-07-20T01:56:19Z,2026-07-20 03:56,0,,0,
2026-07-20T02:01:24Z,2026-07-20 04:01,0,,0,
2026-07-20T02:06:29Z,2026-07-20 04:06,0,,0,
2026-07-20T02:11:35Z,2026-07-20 04:11,0,,0,
2026-07-20T02:16:40Z,2026-07-20 04:16,0,,0,
2026-07-20T02:21:45Z,2026-07-20 04:21,0,,0,
2026-07-20T02:26:50Z,2026-07-20 04:26,0,,0,
2026-07-20T02:31:55Z,2026-07-20 04:31,0,,0,
2026-07-20T02:37:02Z,2026-07-20 04:37,0,,0,
2026-07-20T02:42:07Z,2026-07-20 04:42,0,,0,
2026-07-20T02:47:12Z,2026-07-20 04:47,0,,0,
2026-07-20T02:52:18Z,2026-07-20 04:52,0,,0,
2026-07-20T02:57:23Z,2026-07-20 04:57,0,,0,
2026-07-20T03:02:28Z,2026-07-20 05:02,0,,0,
2026-07-20T03:07:34Z,2026-07-20 05:07,0,,0,
2026-07-20T03:12:39Z,2026-07-20 05:12,0,,0,
2026-07-20T03:17:44Z,2026-07-20 05:17,0,,0,
2026-07-20T03:22:50Z,2026-07-20 05:22,0,,0,
2026-07-20T03:27:55Z,2026-07-20 05:27,0,,0,
2026-07-20T03:28:10Z,2026-07-20 05:28,0,,0,
2026-07-20T03:33:15Z,2026-07-20 05:33,0,,0,
2026-07-20T03:38:21Z,2026-07-20 05:38,0,,0,
2026-07-20T03:43:26Z,2026-07-20 05:43,0,,0,
2026-07-20T03:48:32Z,2026-07-20 05:48,0,,0,
2026-07-20T03:53:37Z,2026-07-20 05:53,0,,0,
2026-07-20T03:58:43Z,2026-07-20 05:58,10,1.0,0,
2026-07-20T04:03:48Z,2026-07-20 06:03,10,1.0,0,
2026-07-20T04:08:54Z,2026-07-20 06:08,20,2.0,0,
2026-07-20T04:14:09Z,2026-07-20 06:14,20,2.0,0,
2026-07-20T04:19:14Z,2026-07-20 06:19,20,2.0,0,
2026-07-20T04:24:20Z,2026-07-20 06:24,20,2.0,0,
2026-07-20T04:29:25Z,2026-07-20 06:29,20,2.0,0,
2026-07-20T04:34:31Z,2026-07-20 06:34,20,2.0,0,
2026-07-20T04:39:36Z,2026-07-20 06:39,20,2.0,0,
2026-07-20T04:44:41Z,2026-07-20 06:44,30,3.0,0,
2026-07-20T04:49:47Z,2026-07-20 06:49,30,3.0,0,
2026-07-20T04:54:52Z,2026-07-20 06:54,30,3.0,0,
2026-07-20T04:59:57Z,2026-07-20 06:59,30,3.0,0,
2026-07-20T05:05:03Z,2026-07-20 07:05,40,4.0,0,
2026-07-20T05:10:08Z,2026-07-20 07:10,40,4.0,0,
2026-07-20T05:15:15Z,2026-07-20 07:15,40,4.0,0,
2026-07-20T05:20:20Z,2026-07-20 07:20,40,4.0,0,
2026-07-20T05:25:26Z,2026-07-20 07:25,50,5.0,0,
2026-07-20T05:30:31Z,2026-07-20 07:30,50,5.0,0,
2026-07-20T05:35:37Z,2026-07-20 07:35,50,5.0,0,
2026-07-20T05:40:42Z,2026-07-20 07:40,50,5.0,0,
2026-07-20T05:45:48Z,2026-07-20 07:45,50,5.0,0,
2026-07-20T05:50:54Z,2026-07-20 07:50,50,5.0,0,
2026-07-20T05:56:00Z,2026-07-20 07:56,50,5.0,0,
2026-07-20T06:01:05Z,2026-07-20 08:01,50,5.0,0,
2026-07-20T06:06:11Z,2026-07-20 08:06,50,5.0,0,
2026-07-20T06:11:16Z,2026-07-20 08:11,50,5.0,0,
2026-07-20T06:16:22Z,2026-07-20 08:16,50,5.0,0,
2026-07-20T06:16:35Z,2026-07-20 08:16,50,5.0,0,
2026-07-20T06:21:40Z,2026-07-20 08:21,50,5.0,0,
2026-07-20T06:26:45Z,2026-07-20 08:26,50,5.0,0,
2026-07-20T06:31:50Z,2026-07-20 08:31,50,5.0,0,
2026-07-20T06:36:56Z,2026-07-20 08:36,50,5.0,0,
2026-07-20T06:42:01Z,2026-07-20 08:42,50,5.0,0,
2026-07-20T06:47:07Z,2026-07-20 08:47,50,5.0,0,
2026-07-20T06:52:12Z,2026-07-20 08:52,50,5.0,0,
2026-07-20T06:57:17Z,2026-07-20 08:57,50,5.0,0,
2026-07-20T07:02:22Z,2026-07-20 09:02,50,5.0,0,
2026-07-20T07:07:27Z,2026-07-20 09:07,50,5.0,0,
2026-07-20T07:12:32Z,2026-07-20 09:12,50,5.0,0,
2026-07-20T07:17:38Z,2026-07-20 09:17,60,6.0,0,
2026-07-20T07:22:48Z,2026-07-20 09:22,60,6.0,0,
2026-07-20T07:27:53Z,2026-07-20 09:27,60,6.0,0,
2026-07-20T07:32:58Z,2026-07-20 09:32,60,6.0,0,
2026-07-20T07:38:05Z,2026-07-20 09:38,60,6.0,0,
2026-07-20T07:43:11Z,2026-07-20 09:43,60,6.0,0,
2026-07-20T07:48:16Z,2026-07-20 09:48,60,6.0,0,
2026-07-20T07:53:21Z,2026-07-20 09:53,60,6.0,0,
2026-07-20T07:58:26Z,2026-07-20 09:58,60,6.0,0,
2026-07-20T08:03:31Z,2026-07-20 10:03,70,7.0,0,
2026-07-20T08:08:36Z,2026-07-20 10:08,70,7.0,0,
2026-07-20T08:13:41Z,2026-07-20 10:13,70,7.0,0,
2026-07-20T08:18:47Z,2026-07-20 10:18,80,8.0,0,
2026-07-20T08:23:52Z,2026-07-20 10:23,80,8.0,0,
2026-07-20T08:28:57Z,2026-07-20 10:28,90,9.0,0,
2026-07-20T08:34:02Z,2026-07-20 10:34,90,9.0,0,
2026-07-20T08:39:07Z,2026-07-20 10:39,90,9.0,0,
2026-07-20T08:44:12Z,2026-07-20 10:44,90,9.0,0,
2026-07-20T08:49:17Z,2026-07-20 10:49,90,9.0,0,
2026-07-20T08:54:22Z,2026-07-20 10:54,90,9.0,0,
2026-07-20T08:59:27Z,2026-07-20 10:59,90,9.0,20,2.0
2026-07-20T09:04:37Z,2026-07-20 11:04,90,9.0,20,2.0
2026-07-20T09:04:51Z,2026-07-20 11:04,90,9.0,20,2.0
2026-07-20T09:09:56Z,2026-07-20 11:09,110,11.0,20,2.0
2026-07-20T09:15:02Z,2026-07-20 11:15,110,11.0,30,3.0
2026-07-20T09:20:08Z,2026-07-20 11:20,110,11.0,30,3.0
2026-07-20T09:25:14Z,2026-07-20 11:25,110,11.0,30,3.0
2026-07-20T09:30:20Z,2026-07-20 11:30,110,11.0,30,3.0
2026-07-20T09:35:25Z,2026-07-20 11:35,110,11.0,40,4.0
2026-07-20T09:40:31Z,2026-07-20 11:40,110,11.0,40,4.0
2026-07-20T09:45:37Z,2026-07-20 11:45,110,11.0,40,4.0
2026-07-20T09:50:42Z,2026-07-20 11:50,110,11.0,40,4.0
2026-07-20T09:55:48Z,2026-07-20 11:55,110,11.0,40,4.0
2026-07-20T10:00:53Z,2026-07-20 12:00,110,11.0,40,4.0
2026-07-20T10:05:58Z,2026-07-20 12:05,110,11.0,40,4.0
2026-07-20T10:11:04Z,2026-07-20 12:11,110,11.0,40,4.0
2026-07-20T10:16:10Z,2026-07-20 12:16,110,11.0,40,4.0
2026-07-20T10:21:16Z,2026-07-20 12:21,120,12.0,40,4.0
2026-07-20T10:26:22Z,2026-07-20 12:26,130,13.0,40,4.0
2026-07-20T10:31:27Z,2026-07-20 12:31,140,14.0,40,4.0
2026-07-20T10:36:33Z,2026-07-20 12:36,140,14.0,40,4.0
2026-07-20T10:41:38Z,2026-07-20 12:41,150,15.0,40,4.0
2026-07-20T10:46:44Z,2026-07-20 12:46,160,16.0,40,4.0
2026-07-20T10:51:49Z,2026-07-20 12:51,160,16.0,40,4.0
2026-07-20T10:56:55Z,2026-07-20 12:56,170,17.0,40,4.0
2026-07-20T11:02:02Z,2026-07-20 13:02,170,17.0,50,5.0
2026-07-20T11:07:07Z,2026-07-20 13:07,170,17.0,50,5.0
2026-07-20T11:12:13Z,2026-07-20 13:12,180,18.0,50,5.0
2026-07-20T11:17:19Z,2026-07-20 13:17,180,18.0,50,5.0
2026-07-20T11:22:24Z,2026-07-20 13:22,180,18.0,50,5.0
2026-07-20T11:27:30Z,2026-07-20 13:27,180,18.0,50,5.0
2026-07-20T11:32:36Z,2026-07-20 13:32,180,18.0,50,5.0
2026-07-20T11:37:41Z,2026-07-20 13:37,180,18.0,50,5.0
2026-07-20T11:42:47Z,2026-07-20 13:42,180,18.0,50,5.0
2026-07-20T11:47:53Z,2026-07-20 13:47,180,18.0,50,5.0
2026-07-20T11:52:58Z,2026-07-20 13:52,180,18.0,50,5.0
2026-07-20T11:53:11Z,2026-07-20 13:53,180,18.0,50,5.0
2026-07-20T11:58:17Z,2026-07-20 13:58,180,18.0,50,5.0
2026-07-20T12:03:22Z,2026-07-20 14:03,180,18.0,50,5.0
2026-07-20T12:08:27Z,2026-07-20 14:08,180,18.0,50,5.0
2026-07-20T12:13:33Z,2026-07-20 14:13,180,18.0,50,5.0
2026-07-20T12:18:39Z,2026-07-20 14:18,180,18.0,50,5.0
2026-07-20T12:23:45Z,2026-07-20 14:23,180,18.0,50,5.0
2026-07-20T12:28:50Z,2026-07-20 14:28,180,18.0,50,5.0
2026-07-20T12:33:56Z,2026-07-20 14:33,180,18.0,50,5.0
2026-07-20T12:39:01Z,2026-07-20 14:39,180,18.0,50,5.0
2026-07-20T12:44:08Z,2026-07-20 14:44,180,18.0,50,5.0
2026-07-20T12:49:13Z,2026-07-20 14:49,180,18.0,50,5.0
2026-07-20T12:54:19Z,2026-07-20 14:54,180,18.0,50,5.0
2026-07-20T12:59:24Z,2026-07-20 14:59,180,18.0,50,5.0
2026-07-20T13:04:31Z,2026-07-20 15:04,180,18.0,50,5.0
2026-07-20T13:09:36Z,2026-07-20 15:09,180,18.0,50,5.0
2026-07-20T13:14:43Z,2026-07-20 15:14,180,18.0,50,5.0
2026-07-20T13:19:49Z,2026-07-20 15:19,180,18.0,50,5.0
2026-07-20T13:24:55Z,2026-07-20 15:24,180,18.0,50,5.0
2026-07-20T13:30:01Z,2026-07-20 15:30,180,18.0,50,5.0
2026-07-20T13:35:06Z,2026-07-20 15:35,180,18.0,50,5.0
2026-07-20T13:40:13Z,2026-07-20 15:40,180,18.0,50,5.0
2026-07-20T13:45:19Z,2026-07-20 15:45,180,18.0,50,5.0
2026-07-20T13:50:25Z,2026-07-20 15:50,180,18.0,50,5.0
2026-07-20T13:55:30Z,2026-07-20 15:55,180,18.0,50,5.0
2026-07-20T14:00:36Z,2026-07-20 16:00,180,18.0,50,5.0
2026-07-20T14:05:42Z,2026-07-20 16:05,180,18.0,50,5.0
2026-07-20T14:10:47Z,2026-07-20 16:10,180,18.0,50,5.0
2026-07-20T14:15:53Z,2026-07-20 16:15,180,18.0,50,5.0
2026-07-20T14:20:59Z,2026-07-20 16:20,180,18.0,50,5.0
2026-07-20T14:26:05Z,2026-07-20 16:26,180,18.0,50,5.0
2026-07-20T14:31:12Z,2026-07-20 16:31,190,19.0,50,5.0
2026-07-20T14:36:17Z,2026-07-20 16:36,190,19.0,50,5.0
2026-07-20T14:41:24Z,2026-07-20 16:41,190,19.0,50,5.0
2026-07-20T14:41:36Z,2026-07-20 16:41,190,19.0,50,5.0
2026-07-20T14:46:41Z,2026-07-20 16:46,190,19.0,50,5.0
2026-07-20T14:51:46Z,2026-07-20 16:51,190,19.0,50,5.0
2026-07-20T14:56:52Z,2026-07-20 16:56,180,18.0,50,5.0
2026-07-20T15:02:05Z,2026-07-20 17:02,180,18.0,50,5.0
2026-07-20T15:07:10Z,2026-07-20 17:07,180,18.0,50,5.0
2026-07-20T15:12:15Z,2026-07-20 17:12,180,18.0,50,5.0
2026-07-20T15:17:20Z,2026-07-20 17:17,180,18.0,50,5.0
2026-07-20T15:22:25Z,2026-07-20 17:22,180,18.0,40,4.0
2026-07-20T15:27:30Z,2026-07-20 17:27,180,18.0,40,4.0
2026-07-20T15:32:35Z,2026-07-20 17:32,180,18.0,40,4.0
2026-07-20T15:37:40Z,2026-07-20 17:37,180,18.0,40,4.0
2026-07-20T15:42:45Z,2026-07-20 17:42,180,18.0,40,4.0
2026-07-20T15:47:51Z,2026-07-20 17:47,180,18.0,40,4.0
2026-07-20T15:52:56Z,2026-07-20 17:52,180,18.0,40,4.0
2026-07-20T15:58:01Z,2026-07-20 17:58,180,18.0,30,3.0
2026-07-20T16:03:05Z,2026-07-20 18:03,160,16.0,30,3.0
2026-07-20T16:08:11Z,2026-07-20 18:08,160,16.0,30,3.0
2026-07-20T16:13:16Z,2026-07-20 18:13,140,14.0,30,3.0
2026-07-20T16:18:21Z,2026-07-20 18:18,140,14.0,30,3.0
2026-07-20T16:23:26Z,2026-07-20 18:23,140,14.0,30,3.0
2026-07-20T16:28:31Z,2026-07-20 18:28,130,13.0,30,3.0
2026-07-20T16:33:36Z,2026-07-20 18:33,130,13.0,30,3.0
2026-07-20T16:38:41Z,2026-07-20 18:38,120,12.0,30,3.0
2026-07-20T16:43:45Z,2026-07-20 18:43,120,12.0,30,3.0
2026-07-20T16:48:50Z,2026-07-20 18:48,100,10.0,30,3.0
2026-07-20T16:53:55Z,2026-07-20 18:53,100,10.0,20,2.0
2026-07-20T16:59:00Z,2026-07-20 18:59,100,10.0,20,2.0
2026-07-20T17:04:09Z,2026-07-20 19:04,100,10.0,10,1.0
2026-07-20T17:09:17Z,2026-07-20 19:09,100,10.0,10,1.0
2026-07-20T17:19:27Z,2026-07-20 19:19,90,9.0,10,1.0
2026-07-20T17:24:31Z,2026-07-20 19:24,90,9.0,0,
2026-07-20T17:29:36Z,2026-07-20 19:29,90,9.0,0,
2026-07-20T17:29:49Z,2026-07-20 19:29,90,9.0,0,
2026-07-20T17:34:55Z,2026-07-20 19:34,90,9.0,0,
2026-07-20T17:40:00Z,2026-07-20 19:40,90,9.0,0,
2026-07-20T17:45:06Z,2026-07-20 19:45,90,9.0,0,
2026-07-20T17:50:16Z,2026-07-20 19:50,80,8.0,0,
2026-07-20T17:55:21Z,2026-07-20 19:55,80,8.0,0,
2026-07-20T18:00:27Z,2026-07-20 20:00,80,8.0,0,
2026-07-20T18:05:33Z,2026-07-20 20:05,80,8.0,0,
2026-07-20T18:10:39Z,2026-07-20 20:10,70,7.0,0,
2026-07-20T18:15:44Z,2026-07-20 20:15,50,5.0,0,
2026-07-20T18:20:50Z,2026-07-20 20:20,50,5.0,0,
2026-07-20T18:25:55Z,2026-07-20 20:25,50,5.0,0,
2026-07-20T18:31:01Z,2026-07-20 20:31,40,4.0,0,
2026-07-20T18:36:07Z,2026-07-20 20:36,40,4.0,0,
2026-07-20T18:41:12Z,2026-07-20 20:41,40,4.0,0,
2026-07-20T18:46:18Z,2026-07-20 20:46,40,4.0,0,
2026-07-20T18:51:25Z,2026-07-20 20:51,20,2.0,0,
2026-07-20T18:56:31Z,2026-07-20 20:56,20,2.0,0,
2026-07-20T19:01:36Z,2026-07-20 21:01,20,2.0,0,
2026-07-20T19:06:41Z,2026-07-20 21:06,10,1.0,0,
2026-07-20T19:11:47Z,2026-07-20 21:11,10,1.0,0,
2026-07-20T19:16:53Z,2026-07-20 21:16,0,,0,
2026-07-20T19:21:58Z,2026-07-20 21:21,0,,0,
2026-07-20T19:27:04Z,2026-07-20 21:27,0,,0,
2026-07-20T19:32:09Z,2026-07-20 21:32,0,,0,
2026-07-20T19:37:15Z,2026-07-20 21:37,0,,0,
2026-07-20T19:42:24Z,2026-07-20 21:42,0,,0,
2026-07-20T19:47:29Z,2026-07-20 21:47,0,,0,
2026-07-20T19:52:35Z,2026-07-20 21:52,0,,0,
2026-07-20T19:57:40Z,2026-07-20 21:57,0,,0,
2026-07-20T20:02:45Z,2026-07-20 22:02,0,,0,
2026-07-20T20:07:51Z,2026-07-20 22:07,0,,0,
2026-07-20T20:12:57Z,2026-07-20 22:12,0,,0,
2026-07-20T20:18:02Z,2026-07-20 22:18,0,,0,
2026-07-20T20:18:16Z,2026-07-20 22:18,0,,0,
2026-07-20T20:23:22Z,2026-07-20 22:23,0,,0,
2026-07-20T20:28:27Z,2026-07-20 22:28,0,,0,
2026-07-20T20:33:33Z,2026-07-20 22:33,0,,0,
2026-07-20T20:38:38Z,2026-07-20 22:38,0,,0,
2026-07-20T20:43:44Z,2026-07-20 22:43,0,,0,
2026-07-20T20:48:49Z,2026-07-20 22:48,0,,0,
2026-07-20T20:53:55Z,2026-07-20 22:53,0,,0,
2026-07-20T20:59:00Z,2026-07-20 22:59,0,,0,
2026-07-20T21:04:07Z,2026-07-20 23:04,0,,0,
2026-07-20T21:09:13Z,2026-07-20 23:09,0,,0,
2026-07-20T21:14:18Z,2026-07-20 23:14,0,,0,
2026-07-20T21:19:24Z,2026-07-20 23:19,0,,0,
2026-07-20T21:24:30Z,2026-07-20 23:24,0,,0,
2026-07-20T21:29:35Z,2026-07-20 23:29,0,,0,
2026-07-20T21:34:41Z,2026-07-20 23:34,0,,0,
2026-07-20T21:39:46Z,2026-07-20 23:39,0,,0,
2026-07-20T21:44:52Z,2026-07-20 23:44,0,,0,
2026-07-20T21:49:57Z,2026-07-20 23:49,0,,0,
2026-07-20T21:55:02Z,2026-07-20 23:55,0,,0,
2026-07-20T22:00:14Z,2026-07-21 00:00,0,,0,
2026-07-20T22:05:19Z,2026-07-21 00:05,0,,0,
2026-07-20T22:10:25Z,2026-07-21 00:10,0,,0,
2026-07-20T22:15:31Z,2026-07-21 00:15,0,,0,
2026-07-20T22:20:38Z,2026-07-21 00:20,0,,0,
2026-07-20T22:25:43Z,2026-07-21 00:25,0,,0,
2026-07-20T22:30:48Z,2026-07-21 00:30,0,,0,
2026-07-20T22:35:55Z,2026-07-21 00:35,0,,0,
2026-07-20T22:41:01Z,2026-07-21 00:41,0,,0,
2026-07-20T22:46:07Z,2026-07-21 00:46,0,,0,
2026-07-20T22:51:13Z,2026-07-21 00:51,0,,0,
2026-07-20T22:56:18Z,2026-07-21 00:56,0,,0,
2026-07-20T23:01:23Z,2026-07-21 01:01,0,,0,
2026-07-20T23:06:29Z,2026-07-21 01:06,0,,0,
2026-07-20T23:06:41Z,2026-07-21 01:06,0,,0,
2026-07-20T23:11:45Z,2026-07-21 01:11,0,,0,
2026-07-20T23:16:50Z,2026-07-21 01:16,0,,0,
2026-07-20T23:21:54Z,2026-07-21 01:21,0,,0,
2026-07-20T23:26:59Z,2026-07-21 01:26,0,,0,
2026-07-20T23:32:04Z,2026-07-21 01:32,0,,0,
2026-07-20T23:37:09Z,2026-07-21 01:37,0,,0,
2026-07-20T23:42:13Z,2026-07-21 01:42,0,,0,
2026-07-20T23:47:18Z,2026-07-21 01:47,0,,0,
2026-07-20T23:52:22Z,2026-07-21 01:52,0,,0,
2026-07-20T23:57:28Z,2026-07-21 01:57,0,,0,
2026-07-21T00:02:33Z,2026-07-21 02:02,0,,0,
2026-07-21T00:07:38Z,2026-07-21 02:07,0,,0,
2026-07-21T00:12:42Z,2026-07-21 02:12,0,,0,
2026-07-21T00:17:47Z,2026-07-21 02:17,0,,0,
2026-07-21T00:22:51Z,2026-07-21 02:22,0,,0,
2026-07-21T00:27:56Z,2026-07-21 02:27,0,,0,
2026-07-21T00:33:00Z,2026-07-21 02:33,0,,0,
2026-07-21T00:38:07Z,2026-07-21 02:38,0,,0,
2026-07-21T00:43:12Z,2026-07-21 02:43,0,,0,
2026-07-21T00:48:16Z,2026-07-21 02:48,0,,0,
2026-07-21T00:53:21Z,2026-07-21 02:53,0,,0,
2026-07-21T00:58:26Z,2026-07-21 02:58,0,,0,
2026-07-21T01:03:30Z,2026-07-21 03:03,0,,0,
2026-07-21T01:08:35Z,2026-07-21 03:08,0,,0,
2026-07-21T01:13:40Z,2026-07-21 03:13,0,,0,
2026-07-21T01:18:44Z,2026-07-21 03:18,0,,0,
2026-07-21T01:23:49Z,2026-07-21 03:23,0,,0,
2026-07-21T01:28:53Z,2026-07-21 03:28,0,,0,
2026-07-21T01:33:57Z,2026-07-21 03:33,0,,0,
2026-07-21T01:39:02Z,2026-07-21 03:39,0,,0,
2026-07-21T01:44:07Z,2026-07-21 03:44,0,,0,
2026-07-21T01:49:11Z,2026-07-21 03:49,0,,0,
2026-07-21T01:54:16Z,2026-07-21 03:54,0,,0,
2026-07-21T01:54:28Z,2026-07-21 03:54,0,,0,
2026-07-21T01:59:32Z,2026-07-21 03:59,0,,0,
2026-07-21T02:04:38Z,2026-07-21 04:04,0,,0,
2026-07-21T02:09:43Z,2026-07-21 04:09,0,,0,
2026-07-21T02:14:48Z,2026-07-21 04:14,0,,0,
2026-07-21T02:19:54Z,2026-07-21 04:19,0,,0,
2026-07-21T02:24:59Z,2026-07-21 04:24,0,,0,
2026-07-21T02:30:07Z,2026-07-21 04:30,0,,0,
2026-07-21T02:35:15Z,2026-07-21 04:35,0,,0,
2026-07-21T02:40:20Z,2026-07-21 04:40,0,,0,
2026-07-21T02:45:26Z,2026-07-21 04:45,0,,0,
2026-07-21T02:50:31Z,2026-07-21 04:50,0,,0,
2026-07-21T02:55:36Z,2026-07-21 04:55,0,,0,
2026-07-21T03:00:41Z,2026-07-21 05:00,0,,0,
2026-07-21T03:05:46Z,2026-07-21 05:05,0,,0,
2026-07-21T03:10:51Z,2026-07-21 05:10,0,,0,
2026-07-21T03:15:56Z,2026-07-21 05:15,0,,0,
2026-07-21T03:21:02Z,2026-07-21 05:21,0,,0,
2026-07-21T03:26:07Z,2026-07-21 05:26,0,,0,
2026-07-21T03:31:12Z,2026-07-21 05:31,0,,0,
2026-07-21T03:36:17Z,2026-07-21 05:36,0,,0,
2026-07-21T03:41:23Z,2026-07-21 05:41,0,,0,
2026-07-21T03:46:27Z,2026-07-21 05:46,0,,0,
2026-07-21T03:51:33Z,2026-07-21 05:51,0,,0,
2026-07-21T03:56:38Z,2026-07-21 05:56,0,,0,
2026-07-21T04:01:43Z,2026-07-21 06:01,0,,0,
2026-07-21T04:06:49Z,2026-07-21 06:06,0,,0,
2026-07-21T04:11:54Z,2026-07-21 06:11,0,,0,
2026-07-21T04:17:00Z,2026-07-21 06:17,0,,0,
2026-07-21T04:22:05Z,2026-07-21 06:22,0,,0,
2026-07-21T04:27:10Z,2026-07-21 06:27,0,,0,
2026-07-21T04:32:16Z,2026-07-21 06:32,0,,0,
2026-07-21T04:37:21Z,2026-07-21 06:37,0,,0,
2026-07-21T04:42:26Z,2026-07-21 06:42,10,1.0,0,
2026-07-21T04:42:38Z,2026-07-21 06:42,10,1.0,0,
2026-07-21T04:47:42Z,2026-07-21 06:47,10,1.0,0,
2026-07-21T04:52:47Z,2026-07-21 06:52,10,1.0,0,
2026-07-21T04:57:52Z,2026-07-21 06:57,10,1.0,0,
2026-07-21T05:02:57Z,2026-07-21 07:02,10,1.0,0,
2026-07-21T05:08:01Z,2026-07-21 07:08,10,1.0,0,
2026-07-21T05:13:06Z,2026-07-21 07:13,10,1.0,0,
2026-07-21T05:18:11Z,2026-07-21 07:18,10,1.0,0,
2026-07-21T05:23:15Z,2026-07-21 07:23,10,1.0,0,
2026-07-21T05:28:20Z,2026-07-21 07:28,10,1.0,0,
2026-07-21T05:33:24Z,2026-07-21 07:33,10,1.0,0,
2026-07-21T05:38:29Z,2026-07-21 07:38,10,1.0,0,
2026-07-21T05:43:33Z,2026-07-21 07:43,10,1.0,0,
2026-07-21T05:48:38Z,2026-07-21 07:48,10,1.0,0,
2026-07-21T05:53:43Z,2026-07-21 07:53,10,1.0,0,
2026-07-21T05:58:48Z,2026-07-21 07:58,10,1.0,0,
2026-07-21T06:03:54Z,2026-07-21 08:03,10,1.0,0,
2026-07-21T06:08:58Z,2026-07-21 08:08,10,1.0,0,
2026-07-21T06:14:03Z,2026-07-21 08:14,10,1.0,0,
2026-07-21T06:19:08Z,2026-07-21 08:19,10,1.0,0,
2026-07-21T06:24:13Z,2026-07-21 08:24,10,1.0,0,
2026-07-21T06:29:17Z,2026-07-21 08:29,10,1.0,0,
2026-07-21T06:34:22Z,2026-07-21 08:34,10,1.0,0,
2026-07-21T06:39:26Z,2026-07-21 08:39,10,1.0,0,
2026-07-21T06:44:31Z,2026-07-21 08:44,10,1.0,0,
2026-07-21T06:49:35Z,2026-07-21 08:49,10,1.0,0,
2026-07-21T06:54:40Z,2026-07-21 08:54,0,,0,
2026-07-21T06:59:45Z,2026-07-21 08:59,0,,0,
2026-07-21T07:04:50Z,2026-07-21 09:04,0,,0,
2026-07-21T07:09:54Z,2026-07-21 09:09,0,,0,
2026-07-21T07:14:59Z,2026-07-21 09:14,0,,0,
2026-07-21T07:20:07Z,2026-07-21 09:20,0,,0,
2026-07-21T07:25:12Z,2026-07-21 09:25,0,,0,
2026-07-21T07:30:17Z,2026-07-21 09:30,0,,0,
2026-07-21T07:30:28Z,2026-07-21 09:30,0,,0,
2026-07-21T07:35:32Z,2026-07-21 09:35,0,,0,
2026-07-21T07:40:37Z,2026-07-21 09:40,0,,0,
2026-07-21T07:45:42Z,2026-07-21 09:45,0,,0,
2026-07-21T07:50:46Z,2026-07-21 09:50,0,,0,
2026-07-21T07:55:51Z,2026-07-21 09:55,0,,0,
2026-07-21T08:00:57Z,2026-07-21 10:00,0,,0,
2026-07-21T08:06:02Z,2026-07-21 10:06,0,,0,
2026-07-21T08:11:07Z,2026-07-21 10:11,0,,0,
2026-07-21T08:16:11Z,2026-07-21 10:16,0,,0,
2026-07-21T08:21:16Z,2026-07-21 10:21,0,,0,
2026-07-21T08:26:21Z,2026-07-21 10:26,0,,0,
2026-07-21T08:31:26Z,2026-07-21 10:31,0,,0,
2026-07-21T08:36:30Z,2026-07-21 10:36,10,1.0,0,
2026-07-21T08:41:35Z,2026-07-21 10:41,10,1.0,0,
2026-07-21T08:46:40Z,2026-07-21 10:46,10,1.0,0,
2026-07-21T08:51:45Z,2026-07-21 10:51,20,2.0,0,
2026-07-21T08:56:50Z,2026-07-21 10:56,20,2.0,10,1.0
2026-07-21T09:01:55Z,2026-07-21 11:01,20,2.0,10,1.0
2026-07-21T09:06:59Z,2026-07-21 11:06,20,2.0,10,1.0
2026-07-21T09:12:04Z,2026-07-21 11:12,20,2.0,20,2.0
2026-07-21T09:17:10Z,2026-07-21 11:17,20,2.0,20,2.0
2026-07-21T09:22:15Z,2026-07-21 11:22,20,2.0,20,2.0
2026-07-21T09:27:20Z,2026-07-21 11:27,20,2.0,20,2.0
2026-07-21T09:32:25Z,2026-07-21 11:32,20,2.0,20,2.0
2026-07-21T09:37:29Z,2026-07-21 11:37,30,3.0,20,2.0
2026-07-21T09:42:34Z,2026-07-21 11:42,30,3.0,30,3.0
2026-07-21T09:47:39Z,2026-07-21 11:47,30,3.0,30,3.0
2026-07-21T09:52:44Z,2026-07-21 11:52,30,3.0,30,3.0
2026-07-21T09:57:49Z,2026-07-21 11:57,40,4.0,30,3.0
2026-07-21T10:02:53Z,2026-07-21 12:02,40,4.0,30,3.0
2026-07-21T10:07:59Z,2026-07-21 12:07,40,4.0,30,3.0
2026-07-21T10:13:03Z,2026-07-21 12:13,40,4.0,30,3.0
2026-07-21T10:18:08Z,2026-07-21 12:18,40,4.0,30,3.0
2026-07-21T10:18:19Z,2026-07-21 12:18,40,4.0,30,3.0
2026-07-21T10:23:23Z,2026-07-21 12:23,50,5.0,30,3.0
2026-07-21T10:28:28Z,2026-07-21 12:28,50,5.0,30,3.0
2026-07-21T10:33:32Z,2026-07-21 12:33,50,5.0,30,3.0
2026-07-21T10:38:37Z,2026-07-21 12:38,50,5.0,30,3.0
2026-07-21T10:43:41Z,2026-07-21 12:43,50,5.0,30,3.0
2026-07-21T10:48:46Z,2026-07-21 12:48,50,5.0,30,3.0
2026-07-21T10:53:50Z,2026-07-21 12:53,50,5.0,30,3.0
2026-07-21T10:58:55Z,2026-07-21 12:58,50,5.0,30,3.0
2026-07-21T11:04:00Z,2026-07-21 13:04,50,5.0,30,3.0
2026-07-21T11:09:04Z,2026-07-21 13:09,50,5.0,30,3.0
2026-07-21T11:14:09Z,2026-07-21 13:14,50,5.0,30,3.0
2026-07-21T11:19:13Z,2026-07-21 13:19,60,6.0,30,3.0
2026-07-21T11:24:21Z,2026-07-21 13:24,60,6.0,30,3.0
2026-07-21T11:29:26Z,2026-07-21 13:29,60,6.0,30,3.0
2026-07-21T11:34:31Z,2026-07-21 13:34,60,6.0,30,3.0
2026-07-21T11:39:35Z,2026-07-21 13:39,60,6.0,30,3.0
2026-07-21T11:44:40Z,2026-07-21 13:44,60,6.0,30,3.0
2026-07-21T11:49:44Z,2026-07-21 13:49,60,6.0,30,3.0
2026-07-21T11:54:48Z,2026-07-21 13:54,60,6.0,30,3.0
2026-07-21T11:59:53Z,2026-07-21 13:59,60,6.0,30,3.0
2026-07-21T12:04:57Z,2026-07-21 14:04,60,6.0,30,3.0
2026-07-21T12:10:02Z,2026-07-21 14:10,70,7.0,30,3.0
2026-07-21T12:15:13Z,2026-07-21 14:15,70,7.0,30,3.0
2026-07-21T12:20:17Z,2026-07-21 14:20,70,7.0,30,3.0
2026-07-21T12:25:22Z,2026-07-21 14:25,70,7.0,30,3.0
2026-07-21T12:30:28Z,2026-07-21 14:30,70,7.0,30,3.0
2026-07-21T12:35:33Z,2026-07-21 14:35,70,7.0,30,3.0
2026-07-21T12:40:37Z,2026-07-21 14:40,60,6.0,30,3.0
2026-07-21T12:45:42Z,2026-07-21 14:45,60,6.0,30,3.0
2026-07-21T12:50:46Z,2026-07-21 14:50,60,6.0,30,3.0
2026-07-21T12:55:51Z,2026-07-21 14:55,60,6.0,30,3.0
2026-07-21T13:00:56Z,2026-07-21 15:00,60,6.0,30,3.0
2026-07-21T13:06:00Z,2026-07-21 15:06,60,6.0,30,3.0
2026-07-21T13:06:14Z,2026-07-21 15:06,60,6.0,30,3.0
2026-07-21T13:11:20Z,2026-07-21 15:11,60,6.0,30,3.0
2026-07-21T13:16:25Z,2026-07-21 15:16,60,6.0,30,3.0
2026-07-21T13:21:30Z,2026-07-21 15:21,60,6.0,30,3.0
2026-07-21T13:26:36Z,2026-07-21 15:26,60,6.0,30,3.0
2026-07-21T13:31:42Z,2026-07-21 15:31,60,6.0,30,3.0
2026-07-21T13:36:47Z,2026-07-21 15:36,60,6.0,30,3.0
2026-07-21T13:41:54Z,2026-07-21 15:41,60,6.0,30,3.0
2026-07-21T13:47:00Z,2026-07-21 15:47,60,6.0,30,3.0
2026-07-21T13:52:05Z,2026-07-21 15:52,60,6.0,30,3.0
2026-07-21T13:57:11Z,2026-07-21 15:57,60,6.0,30,3.0
2026-07-21T14:02:17Z,2026-07-21 16:02,60,6.0,30,3.0
2026-07-21T14:07:22Z,2026-07-21 16:07,60,6.0,30,3.0
2026-07-21T14:12:29Z,2026-07-21 16:12,60,6.0,30,3.0
2026-07-21T14:17:34Z,2026-07-21 16:17,60,6.0,30,3.0
2026-07-21T14:22:40Z,2026-07-21 16:22,60,6.0,30,3.0
2026-07-21T14:27:46Z,2026-07-21 16:27,50,5.0,30,3.0
2026-07-21T14:32:52Z,2026-07-21 16:32,50,5.0,30,3.0
2026-07-21T14:37:59Z,2026-07-21 16:37,50,5.0,30,3.0
2026-07-21T14:43:05Z,2026-07-21 16:43,50,5.0,30,3.0
2026-07-21T14:48:11Z,2026-07-21 16:48,50,5.0,30,3.0
2026-07-21T14:53:17Z,2026-07-21 16:53,50,5.0,30,3.0
2026-07-21T14:58:22Z,2026-07-21 16:58,50,5.0,30,3.0
2026-07-21T15:03:28Z,2026-07-21 17:03,50,5.0,30,3.0
2026-07-21T15:08:33Z,2026-07-21 17:08,50,5.0,30,3.0
2026-07-21T15:13:39Z,2026-07-21 17:13,40,4.0,30,3.0
2026-07-21T15:18:44Z,2026-07-21 17:18,40,4.0,30,3.0
2026-07-21T15:23:50Z,2026-07-21 17:23,40,4.0,30,3.0
2026-07-21T15:28:57Z,2026-07-21 17:28,40,4.0,20,2.0
2026-07-21T15:34:03Z,2026-07-21 17:34,40,4.0,20,2.0
2026-07-21T15:39:08Z,2026-07-21 17:39,30,3.0,20,2.0
2026-07-21T15:44:14Z,2026-07-21 17:44,30,3.0,20,2.0
2026-07-21T15:49:20Z,2026-07-21 17:49,30,3.0,20,2.0
2026-07-21T15:54:26Z,2026-07-21 17:54,30,3.0,20,2.0
2026-07-21T15:54:38Z,2026-07-21 17:54,30,3.0,20,2.0
2026-07-21T15:59:42Z,2026-07-21 17:59,30,3.0,20,2.0
2026-07-21T16:04:47Z,2026-07-21 18:04,30,3.0,20,2.0
2026-07-21T16:09:52Z,2026-07-21 18:09,20,2.0,20,2.0
2026-07-21T16:14:56Z,2026-07-21 18:14,20,2.0,20,2.0
2026-07-21T16:20:01Z,2026-07-21 18:20,20,2.0,20,2.0
2026-07-21T16:25:07Z,2026-07-21 18:25,20,2.0,20,2.0
2026-07-21T16:30:12Z,2026-07-21 18:30,20,2.0,10,1.0
2026-07-21T16:35:17Z,2026-07-21 18:35,10,1.0,10,1.0
2026-07-21T16:40:21Z,2026-07-21 18:40,10,1.0,10,1.0
2026-07-21T16:45:26Z,2026-07-21 18:45,0,,0,
2026-07-21T16:50:33Z,2026-07-21 18:50,0,,0,
2026-07-21T16:55:37Z,2026-07-21 18:55,0,,0,
2026-07-21T17:00:41Z,2026-07-21 19:00,0,,0,
2026-07-21T17:05:48Z,2026-07-21 19:05,0,,0,
2026-07-21T17:10:53Z,2026-07-21 19:10,0,,0,
2026-07-21T17:15:58Z,2026-07-21 19:15,0,,0,
2026-07-21T17:21:03Z,2026-07-21 19:21,0,,0,
2026-07-21T17:26:08Z,2026-07-21 19:26,0,,0,
2026-07-21T17:31:12Z,2026-07-21 19:31,0,,0,
2026-07-21T17:36:17Z,2026-07-21 19:36,0,,0,
2026-07-21T17:41:21Z,2026-07-21 19:41,0,,0,
2026-07-21T17:46:26Z,2026-07-21 19:46,0,,0,
2026-07-21T17:51:31Z,2026-07-21 19:51,0,,0,
2026-07-21T17:56:35Z,2026-07-21 19:56,0,,0,
2026-07-21T18:01:40Z,2026-07-21 20:01,0,,0,
2026-07-21T18:06:45Z,2026-07-21 20:06,0,,0,
2026-07-21T18:11:49Z,2026-07-21 20:11,0,,0,
2026-07-21T18:16:54Z,2026-07-21 20:16,0,,0,
2026-07-21T18:21:58Z,2026-07-21 20:21,0,,0,
2026-07-21T18:27:03Z,2026-07-21 20:27,0,,0,
2026-07-21T18:32:07Z,2026-07-21 20:32,0,,0,
2026-07-21T18:37:12Z,2026-07-21 20:37,0,,0,
2026-07-21T18:42:17Z,2026-07-21 20:42,0,,0,
2026-07-21T18:42:28Z,2026-07-21 20:42,0,,0,
2026-07-21T18:47:32Z,2026-07-21 20:47,0,,0,
2026-07-21T18:52:37Z,2026-07-21 20:52,0,,0,
2026-07-21T18:57:42Z,2026-07-21 20:57,0,,0,
2026-07-21T19:02:47Z,2026-07-21 21:02,0,,0,
2026-07-21T19:07:51Z,2026-07-21 21:07,0,,0,
2026-07-21T19:12:56Z,2026-07-21 21:12,0,,0,
2026-07-21T19:18:01Z,2026-07-21 21:18,0,,0,
2026-07-21T19:23:06Z,2026-07-21 21:23,0,,0,
2026-07-21T19:28:11Z,2026-07-21 21:28,0,,0,
2026-07-21T19:33:15Z,2026-07-21 21:33,0,,0,
2026-07-21T19:38:20Z,2026-07-21 21:38,0,,0,
2026-07-21T19:43:25Z,2026-07-21 21:43,0,,0,
2026-07-21T19:48:29Z,2026-07-21 21:48,0,,0,
2026-07-21T19:53:34Z,2026-07-21 21:53,0,,0,
2026-07-21T19:58:38Z,2026-07-21 21:58,0,,0,
2026-07-21T20:03:43Z,2026-07-21 22:03,0,,0,
2026-07-21T20:08:48Z,2026-07-21 22:08,0,,0,
2026-07-21T20:13:53Z,2026-07-21 22:13,0,,0,
2026-07-21T20:18:57Z,2026-07-21 22:18,0,,0,
2026-07-21T20:24:02Z,2026-07-21 22:24,0,,0,
2026-07-21T20:29:07Z,2026-07-21 22:29,0,,0,
2026-07-21T20:34:12Z,2026-07-21 22:34,0,,0,
2026-07-21T20:39:17Z,2026-07-21 22:39,0,,0,
2026-07-21T20:44:22Z,2026-07-21 22:44,0,,0,
2026-07-21T20:49:27Z,2026-07-21 22:49,0,,0,
2026-07-21T20:54:31Z,2026-07-21 22:54,0,,0,
2026-07-21T20:59:36Z,2026-07-21 22:59,0,,0,
2026-07-21T21:04:41Z,2026-07-21 23:04,0,,0,
2026-07-21T21:09:46Z,2026-07-21 23:09,0,,0,
2026-07-21T21:14:50Z,2026-07-21 23:14,0,,0,
2026-07-21T21:19:55Z,2026-07-21 23:19,0,,0,
2026-07-21T21:24:59Z,2026-07-21 23:24,0,,0,
2026-07-21T21:30:07Z,2026-07-21 23:30,0,,0,
2026-07-21T21:30:20Z,2026-07-21 23:30,0,,0,
2026-07-21T21:35:25Z,2026-07-21 23:35,0,,0,
2026-07-21T21:40:31Z,2026-07-21 23:40,0,,0,
2026-07-21T21:45:36Z,2026-07-21 23:45,0,,0,
2026-07-21T21:50:41Z,2026-07-21 23:50,0,,0,
2026-07-21T21:55:46Z,2026-07-21 23:55,0,,0,
2026-07-21T22:00:51Z,2026-07-22 00:00,0,,0,
2026-07-21T22:05:55Z,2026-07-22 00:05,0,,0,
2026-07-21T22:11:00Z,2026-07-22 00:11,0,,0,
2026-07-21T22:16:06Z,2026-07-22 00:16,0,,0,
2026-07-21T22:21:11Z,2026-07-22 00:21,0,,0,
2026-07-21T22:26:15Z,2026-07-22 00:26,0,,0,
2026-07-21T22:31:20Z,2026-07-22 00:31,0,,0,
2026-07-21T22:36:26Z,2026-07-22 00:36,0,,0,
2026-07-21T22:41:31Z,2026-07-22 00:41,0,,0,
2026-07-21T22:46:37Z,2026-07-22 00:46,0,,0,
2026-07-21T22:51:42Z,2026-07-22 00:51,0,,0,
2026-07-21T22:56:47Z,2026-07-22 00:56,0,,0,
2026-07-21T23:01:52Z,2026-07-22 01:01,0,,0,
2026-07-21T23:06:57Z,2026-07-22 01:06,0,,0,
2026-07-21T23:12:02Z,2026-07-22 01:12,0,,0,
2026-07-21T23:17:06Z,2026-07-22 01:17,0,,0,
2026-07-21T23:22:11Z,2026-07-22 01:22,0,,0,
2026-07-21T23:27:16Z,2026-07-22 01:27,0,,0,
2026-07-21T23:32:21Z,2026-07-22 01:32,0,,0,
2026-07-21T23:37:30Z,2026-07-22 01:37,0,,0,
2026-07-21T23:42:35Z,2026-07-22 01:42,0,,0,
2026-07-21T23:47:40Z,2026-07-22 01:47,0,,0,
2026-07-21T23:52:44Z,2026-07-22 01:52,0,,0,
2026-07-21T23:57:49Z,2026-07-22 01:57,0,,0,
2026-07-22T00:02:54Z,2026-07-22 02:02,0,,0,
2026-07-22T00:07:59Z,2026-07-22 02:07,0,,0,
2026-07-22T00:13:06Z,2026-07-22 02:13,0,,0,
2026-07-22T00:18:11Z,2026-07-22 02:18,0,,0,
2026-07-22T00:18:23Z,2026-07-22 02:18,0,,0,
2026-07-22T00:23:29Z,2026-07-22 02:23,0,,0,
2026-07-22T00:28:34Z,2026-07-22 02:28,0,,0,
2026-07-22T00:33:39Z,2026-07-22 02:33,0,,0,
2026-07-22T00:38:43Z,2026-07-22 02:38,0,,0,
2026-07-22T00:43:48Z,2026-07-22 02:43,0,,0,
2026-07-22T00:48:54Z,2026-07-22 02:48,0,,0,
2026-07-22T00:53:58Z,2026-07-22 02:53,0,,0,
2026-07-22T00:59:07Z,2026-07-22 02:59,0,,0,
2026-07-22T01:04:12Z,2026-07-22 03:04,0,,0,
2026-07-22T01:09:17Z,2026-07-22 03:09,0,,0,
2026-07-22T01:14:22Z,2026-07-22 03:14,0,,0,
2026-07-22T01:19:27Z,2026-07-22 03:19,0,,0,
2026-07-22T01:24:32Z,2026-07-22 03:24,0,,0,
2026-07-22T01:29:36Z,2026-07-22 03:29,0,,0,
2026-07-22T01:34:41Z,2026-07-22 03:34,0,,0,
2026-07-22T01:39:45Z,2026-07-22 03:39,0,,0,
2026-07-22T01:44:50Z,2026-07-22 03:44,0,,0,
2026-07-22T01:49:56Z,2026-07-22 03:49,0,,0,
2026-07-22T01:55:01Z,2026-07-22 03:55,0,,0,
2026-07-22T02:00:08Z,2026-07-22 04:00,0,,0,
2026-07-22T02:05:12Z,2026-07-22 04:05,0,,0,
2026-07-22T02:10:17Z,2026-07-22 04:10,0,,0,
2026-07-22T02:15:22Z,2026-07-22 04:15,0,,0,
2026-07-22T02:20:27Z,2026-07-22 04:20,0,,0,
2026-07-22T02:25:32Z,2026-07-22 04:25,0,,0,
2026-07-22T02:30:37Z,2026-07-22 04:30,0,,0,
2026-07-22T02:35:42Z,2026-07-22 04:35,0,,0,
2026-07-22T02:40:47Z,2026-07-22 04:40,0,,0,
2026-07-22T02:45:52Z,2026-07-22 04:45,0,,0,
2026-07-22T02:50:56Z,2026-07-22 04:50,0,,0,
2026-07-22T02:56:01Z,2026-07-22 04:56,0,,0,
2026-07-22T03:01:06Z,2026-07-22 05:01,0,,0,
2026-07-22T03:06:11Z,2026-07-22 05:06,0,,0,
2026-07-22T03:56:00Z,2026-07-22 05:56,0,,0,
2026-07-22T04:01:06Z,2026-07-22 06:01,0,,0,
2026-07-22T04:06:11Z,2026-07-22 06:06,0,,0,
2026-07-22T04:11:17Z,2026-07-22 06:11,0,,0,
2026-07-22T04:16:22Z,2026-07-22 06:16,0,,0,
2026-07-22T04:21:28Z,2026-07-22 06:21,0,,0,
2026-07-22T04:26:34Z,2026-07-22 06:26,0,,0,
2026-07-22T04:31:39Z,2026-07-22 06:31,0,,0,
2026-07-22T04:36:45Z,2026-07-22 06:36,0,,0,
2026-07-22T04:41:51Z,2026-07-22 06:41,10,1.0,0,
2026-07-22T04:46:56Z,2026-07-22 06:46,10,1.0,0,
2026-07-22T04:52:02Z,2026-07-22 06:52,10,1.0,0,
2026-07-22T04:57:07Z,2026-07-22 06:57,10,1.0,0,
2026-07-22T05:02:13Z,2026-07-22 07:02,10,1.0,0,
2026-07-22T05:07:19Z,2026-07-22 07:07,10,1.0,0,
2026-07-22T05:12:24Z,2026-07-22 07:12,10,1.0,0,
2026-07-22T05:17:30Z,2026-07-22 07:17,10,1.0,0,
2026-07-22T05:22:35Z,2026-07-22 07:22,10,1.0,0,
2026-07-22T05:27:41Z,2026-07-22 07:27,10,1.0,0,
2026-07-22T05:32:46Z,2026-07-22 07:32,10,1.0,0,
2026-07-22T05:37:52Z,2026-07-22 07:37,10,1.0,0,
2026-07-22T05:42:57Z,2026-07-22 07:42,10,1.0,0,
2026-07-22T05:48:07Z,2026-07-22 07:48,10,1.0,0,
2026-07-22T05:53:13Z,2026-07-22 07:53,10,1.0,0,
2026-07-22T05:58:19Z,2026-07-22 07:58,10,1.0,0,
2026-07-22T06:03:25Z,2026-07-22 08:03,10,1.0,0,
2026-07-22T06:08:30Z,2026-07-22 08:08,20,2.0,0,
2026-07-22T06:13:36Z,2026-07-22 08:13,20,2.0,0,
2026-07-22T06:18:42Z,2026-07-22 08:18,20,2.0,0,
2026-07-22T06:23:48Z,2026-07-22 08:23,20,2.0,0,
2026-07-22T06:28:53Z,2026-07-22 08:28,20,2.0,0,
2026-07-22T06:33:59Z,2026-07-22 08:33,20,2.0,0,
2026-07-22T06:39:05Z,2026-07-22 08:39,20,2.0,0,
2026-07-22T06:44:10Z,2026-07-22 08:44,20,2.0,0,
2026-07-22T06:44:25Z,2026-07-22 08:44,20,2.0,0,
2026-07-22T06:49:30Z,2026-07-22 08:49,20,2.0,0,
2026-07-22T06:54:36Z,2026-07-22 08:54,20,2.0,0,
2026-07-22T06:59:41Z,2026-07-22 08:59,20,2.0,0,
2026-07-22T07:04:47Z,2026-07-22 09:04,20,2.0,0,
2026-07-22T07:09:52Z,2026-07-22 09:09,20,2.0,0,
2026-07-22T07:14:58Z,2026-07-22 09:14,20,2.0,0,
2026-07-22T07:20:07Z,2026-07-22 09:20,20,2.0,0,
2026-07-22T07:25:14Z,2026-07-22 09:25,20,2.0,0,
2026-07-22T07:30:20Z,2026-07-22 09:30,20,2.0,0,
2026-07-22T07:41:00Z,2026-07-22 09:41,20,2.0,0,
2026-07-22T07:46:07Z,2026-07-22 09:46,20,2.0,0,
2026-07-22T07:51:12Z,2026-07-22 09:51,20,2.0,0,
2026-07-22T07:56:18Z,2026-07-22 09:56,20,2.0,0,
2026-07-22T08:01:23Z,2026-07-22 10:01,20,2.0,0,
2026-07-22T08:06:29Z,2026-07-22 10:06,20,2.0,0,
2026-07-22T08:11:34Z,2026-07-22 10:11,20,2.0,0,
2026-07-22T08:16:40Z,2026-07-22 10:16,20,2.0,0,
2026-07-22T08:21:45Z,2026-07-22 10:21,20,2.0,0,
2026-07-22T08:26:51Z,2026-07-22 10:26,20,2.0,0,
2026-07-22T08:31:56Z,2026-07-22 10:31,20,2.0,0,
2026-07-22T08:37:02Z,2026-07-22 10:37,20,2.0,0,
2026-07-22T08:42:07Z,2026-07-22 10:42,20,2.0,0,
2026-07-22T08:47:16Z,2026-07-22 10:47,20,2.0,0,
2026-07-22T08:52:23Z,2026-07-22 10:52,20,2.0,0,
2026-07-22T08:57:28Z,2026-07-22 10:57,20,2.0,0,
2026-07-22T09:02:34Z,2026-07-22 11:02,20,2.0,0,
2026-07-22T09:07:39Z,2026-07-22 11:07,20,2.0,0,
2026-07-22T09:12:45Z,2026-07-22 11:12,20,2.0,0,
2026-07-22T09:17:52Z,2026-07-22 11:17,20,2.0,0,
2026-07-22T09:22:57Z,2026-07-22 11:22,20,2.0,0,
2026-07-22T09:28:02Z,2026-07-22 11:28,20,2.0,0,
2026-07-22T09:33:08Z,2026-07-22 11:33,20,2.0,10,1.0
2026-07-22T09:33:23Z,2026-07-22 11:33,20,2.0,10,1.0
2026-07-22T09:38:28Z,2026-07-22 11:38,20,2.0,10,1.0
2026-07-22T09:43:34Z,2026-07-22 11:43,20,2.0,20,2.0
2026-07-22T09:48:40Z,2026-07-22 11:48,20,2.0,20,2.0
2026-07-22T09:53:45Z,2026-07-22 11:53,30,3.0,20,2.0
2026-07-22T09:58:51Z,2026-07-22 11:58,30,3.0,20,2.0
2026-07-22T10:03:56Z,2026-07-22 12:03,30,3.0,20,2.0
2026-07-22T10:09:01Z,2026-07-22 12:09,30,3.0,20,2.0
2026-07-22T10:14:08Z,2026-07-22 12:14,30,3.0,20,2.0
2026-07-22T10:19:13Z,2026-07-22 12:19,40,4.0,20,2.0
2026-07-22T10:24:19Z,2026-07-22 12:24,40,4.0,20,2.0
2026-07-22T10:29:24Z,2026-07-22 12:29,40,4.0,30,3.0
2026-07-22T10:34:30Z,2026-07-22 12:34,40,4.0,30,3.0
2026-07-22T10:39:35Z,2026-07-22 12:39,40,4.0,30,3.0
2026-07-22T10:44:41Z,2026-07-22 12:44,40,4.0,30,3.0
2026-07-22T10:49:47Z,2026-07-22 12:49,40,4.0,30,3.0
2026-07-22T10:54:52Z,2026-07-22 12:54,40,4.0,30,3.0
2026-07-22T10:59:58Z,2026-07-22 12:59,40,4.0,30,3.0
2026-07-22T11:05:05Z,2026-07-22 13:05,40,4.0,30,3.0
2026-07-22T11:10:11Z,2026-07-22 13:10,40,4.0,30,3.0
2026-07-22T11:15:17Z,2026-07-22 13:15,40,4.0,30,3.0
2026-07-22T11:20:22Z,2026-07-22 13:20,40,4.0,30,3.0
2026-07-22T11:25:29Z,2026-07-22 13:25,40,4.0,30,3.0
2026-07-22T11:30:34Z,2026-07-22 13:30,40,4.0,30,3.0
2026-07-22T11:35:40Z,2026-07-22 13:35,40,4.0,40,4.0
2026-07-22T11:40:45Z,2026-07-22 13:40,40,4.0,40,4.0
2026-07-22T11:45:51Z,2026-07-22 13:45,40,4.0,40,4.0
2026-07-22T11:50:56Z,2026-07-22 13:50,40,4.0,40,4.0
2026-07-22T11:56:03Z,2026-07-22 13:56,40,4.0,40,4.0
2026-07-22T12:01:09Z,2026-07-22 14:01,40,4.0,40,4.0
2026-07-22T12:06:14Z,2026-07-22 14:06,40,4.0,40,4.0
2026-07-22T12:11:20Z,2026-07-22 14:11,40,4.0,40,4.0
2026-07-22T12:16:27Z,2026-07-22 14:16,40,4.0,40,4.0
2026-07-22T12:21:33Z,2026-07-22 14:21,40,4.0,40,4.0
2026-07-22T12:21:45Z,2026-07-22 14:21,40,4.0,40,4.0
2026-07-22T12:26:50Z,2026-07-22 14:26,40,4.0,40,4.0
2026-07-22T12:31:55Z,2026-07-22 14:31,50,5.0,40,4.0
2026-07-22T12:37:00Z,2026-07-22 14:37,50,5.0,40,4.0
2026-07-22T12:42:05Z,2026-07-22 14:42,50,5.0,40,4.0
2026-07-22T12:47:10Z,2026-07-22 14:47,50,5.0,40,4.0
2026-07-22T12:52:15Z,2026-07-22 14:52,50,5.0,40,4.0
2026-07-22T12:57:20Z,2026-07-22 14:57,50,5.0,40,4.0
2026-07-22T13:02:25Z,2026-07-22 15:02,50,5.0,40,4.0
2026-07-22T13:07:29Z,2026-07-22 15:07,50,5.0,40,4.0
2026-07-22T13:12:34Z,2026-07-22 15:12,50,5.0,40,4.0
2026-07-22T13:17:39Z,2026-07-22 15:17,50,5.0,40,4.0
2026-07-22T13:22:43Z,2026-07-22 15:22,50,5.0,40,4.0
2026-07-22T13:27:49Z,2026-07-22 15:27,50,5.0,40,4.0
2026-07-22T13:32:54Z,2026-07-22 15:32,50,5.0,30,3.0
2026-07-22T13:37:59Z,2026-07-22 15:37,50,5.0,30,3.0
2026-07-22T13:43:04Z,2026-07-22 15:43,50,5.0,30,3.0
2026-07-22T13:48:08Z,2026-07-22 15:48,50,5.0,30,3.0
2026-07-22T13:53:14Z,2026-07-22 15:53,50,5.0,30,3.0
2026-07-22T13:58:20Z,2026-07-22 15:58,50,5.0,30,3.0
2026-07-22T14:03:24Z,2026-07-22 16:03,50,5.0,30,3.0
2026-07-22T14:08:29Z,2026-07-22 16:08,50,5.0,30,3.0
2026-07-22T14:13:34Z,2026-07-22 16:13,50,5.0,30,3.0
2026-07-22T14:18:39Z,2026-07-22 16:18,50,5.0,30,3.0
2026-07-22T14:23:44Z,2026-07-22 16:23,50,5.0,30,3.0
2026-07-22T14:28:49Z,2026-07-22 16:28,50,5.0,30,3.0
2026-07-22T14:33:53Z,2026-07-22 16:33,50,5.0,30,3.0
2026-07-22T14:38:58Z,2026-07-22 16:38,50,5.0,30,3.0
2026-07-22T14:44:05Z,2026-07-22 16:44,50,5.0,30,3.0
2026-07-22T14:49:10Z,2026-07-22 16:49,40,4.0,30,3.0
2026-07-22T14:54:15Z,2026-07-22 16:54,40,4.0,30,3.0
2026-07-22T14:59:19Z,2026-07-22 16:59,40,4.0,30,3.0
2026-07-22T15:04:24Z,2026-07-22 17:04,40,4.0,30,3.0
2026-07-22T15:09:29Z,2026-07-22 17:09,40,4.0,30,3.0
2026-07-22T15:09:40Z,2026-07-22 17:09,40,4.0,30,3.0
2026-07-22T15:14:45Z,2026-07-22 17:14,40,4.0,30,3.0
2026-07-22T15:19:50Z,2026-07-22 17:19,40,4.0,30,3.0
2026-07-22T15:24:55Z,2026-07-22 17:24,30,3.0,30,3.0
2026-07-22T15:29:59Z,2026-07-22 17:29,30,3.0,30,3.0
2026-07-22T15:35:08Z,2026-07-22 17:35,30,3.0,30,3.0
2026-07-22T15:40:14Z,2026-07-22 17:40,30,3.0,20,2.0
2026-07-22T15:45:19Z,2026-07-22 17:45,30,3.0,20,2.0
2026-07-22T15:50:24Z,2026-07-22 17:50,30,3.0,20,2.0
2026-07-22T15:55:30Z,2026-07-22 17:55,30,3.0,20,2.0
2026-07-22T16:00:35Z,2026-07-22 18:00,20,2.0,20,2.0
2026-07-22T16:05:40Z,2026-07-22 18:05,20,2.0,20,2.0
2026-07-22T16:10:45Z,2026-07-22 18:10,10,1.0,20,2.0
2026-07-22T16:15:50Z,2026-07-22 18:15,10,1.0,20,2.0
2026-07-22T16:20:54Z,2026-07-22 18:20,10,1.0,20,2.0
2026-07-22T16:25:59Z,2026-07-22 18:25,10,1.0,20,2.0
2026-07-22T16:31:08Z,2026-07-22 18:31,10,1.0,20,2.0
2026-07-22T16:36:14Z,2026-07-22 18:36,10,1.0,20,2.0
2026-07-22T16:41:21Z,2026-07-22 18:41,0,,20,2.0
2026-07-22T16:46:26Z,2026-07-22 18:46,0,,20,2.0
2026-07-22T16:51:30Z,2026-07-22 18:51,0,,20,2.0
2026-07-22T16:56:36Z,2026-07-22 18:56,0,,20,2.0
2026-07-22T17:01:40Z,2026-07-22 19:01,0,,20,2.0
2026-07-22T17:06:45Z,2026-07-22 19:06,0,,20,2.0
2026-07-22T17:11:50Z,2026-07-22 19:11,0,,20,2.0
2026-07-22T17:16:55Z,2026-07-22 19:16,0,,20,2.0
2026-07-22T17:22:00Z,2026-07-22 19:22,0,,10,1.0
2026-07-22T17:27:05Z,2026-07-22 19:27,0,,10,1.0
2026-07-22T17:32:09Z,2026-07-22 19:32,0,,10,1.0
2026-07-22T17:37:14Z,2026-07-22 19:37,0,,10,1.0
2026-07-22T17:42:19Z,2026-07-22 19:42,0,,10,1.0
2026-07-22T17:47:23Z,2026-07-22 19:47,0,,10,1.0
2026-07-22T17:52:28Z,2026-07-22 19:52,0,,10,1.0
2026-07-22T17:57:34Z,2026-07-22 19:57,0,,0,
2026-07-22T17:57:47Z,2026-07-22 19:57,0,,0,
2026-07-22T18:02:52Z,2026-07-22 20:02,0,,0,
2026-07-22T18:07:57Z,2026-07-22 20:07,0,,0,
2026-07-22T18:13:03Z,2026-07-22 20:13,0,,0,
2026-07-22T18:18:09Z,2026-07-22 20:18,0,,0,
2026-07-22T18:23:14Z,2026-07-22 20:23,0,,0,
2026-07-22T18:28:20Z,2026-07-22 20:28,0,,0,
2026-07-22T18:33:25Z,2026-07-22 20:33,0,,0,
2026-07-22T18:38:30Z,2026-07-22 20:38,0,,0,
2026-07-22T18:43:36Z,2026-07-22 20:43,0,,0,
2026-07-22T18:48:41Z,2026-07-22 20:48,0,,0,
2026-07-22T18:53:46Z,2026-07-22 20:53,0,,0,
2026-07-22T18:58:51Z,2026-07-22 20:58,0,,0,
2026-07-22T19:03:57Z,2026-07-22 21:03,0,,0,
2026-07-22T19:09:02Z,2026-07-22 21:09,0,,0,
2026-07-22T19:14:07Z,2026-07-22 21:14,0,,0,
2026-07-22T19:19:13Z,2026-07-22 21:19,0,,0,
2026-07-22T19:24:18Z,2026-07-22 21:24,0,,0,
2026-07-22T19:29:23Z,2026-07-22 21:29,0,,0,
2026-07-22T19:34:29Z,2026-07-22 21:34,0,,0,
2026-07-22T19:39:34Z,2026-07-22 21:39,0,,0,
2026-07-22T19:44:39Z,2026-07-22 21:44,0,,0,
2026-07-22T19:49:45Z,2026-07-22 21:49,0,,0,
2026-07-22T19:54:50Z,2026-07-22 21:54,0,,0,
2026-07-22T19:59:55Z,2026-07-22 21:59,0,,0,
2026-07-22T20:05:00Z,2026-07-22 22:05,0,,0,
2026-07-22T20:10:07Z,2026-07-22 22:10,0,,0,
2026-07-22T20:15:13Z,2026-07-22 22:15,0,,0,
2026-07-22T20:20:18Z,2026-07-22 22:20,0,,0,
2026-07-22T20:25:24Z,2026-07-22 22:25,0,,0,
2026-07-22T20:30:29Z,2026-07-22 22:30,0,,0,
2026-07-22T20:35:34Z,2026-07-22 22:35,0,,0,
2026-07-22T20:40:40Z,2026-07-22 22:40,0,,0,
2026-07-22T20:45:46Z,2026-07-22 22:45,0,,0,
2026-07-22T20:45:59Z,2026-07-22 22:45,0,,0,
2026-07-22T20:51:04Z,2026-07-22 22:51,0,,0,
2026-07-22T20:56:09Z,2026-07-22 22:56,0,,0,
2026-07-22T21:01:14Z,2026-07-22 23:01,0,,0,
2026-07-22T21:06:18Z,2026-07-22 23:06,0,,0,
2026-07-22T21:11:23Z,2026-07-22 23:11,0,,0,
2026-07-22T21:16:27Z,2026-07-22 23:16,0,,0,
2026-07-22T21:21:32Z,2026-07-22 23:21,0,,0,
2026-07-22T21:26:37Z,2026-07-22 23:26,0,,0,
2026-07-22T21:31:47Z,2026-07-22 23:31,0,,0,
2026-07-22T21:36:52Z,2026-07-22 23:36,0,,0,
2026-07-22T21:41:56Z,2026-07-22 23:41,0,,0,
2026-07-22T21:47:01Z,2026-07-22 23:47,0,,0,
2026-07-22T21:52:06Z,2026-07-22 23:52,0,,0,
2026-07-22T21:57:11Z,2026-07-22 23:57,0,,0,
2026-07-22T22:02:15Z,2026-07-23 00:02,0,,0,
2026-07-22T22:07:20Z,2026-07-23 00:07,0,,0,
2026-07-22T22:12:24Z,2026-07-23 00:12,0,,0,
2026-07-22T22:17:29Z,2026-07-23 00:17,0,,0,
2026-07-22T22:22:34Z,2026-07-23 00:22,0,,0,
2026-07-22T22:27:38Z,2026-07-23 00:27,0,,0,
2026-07-22T22:32:43Z,2026-07-23 00:32,0,,0,
2026-07-22T22:37:47Z,2026-07-23 00:37,0,,0,
2026-07-22T22:42:52Z,2026-07-23 00:42,0,,0,
2026-07-22T22:47:56Z,2026-07-23 00:47,0,,0,
2026-07-22T22:53:01Z,2026-07-23 00:53,0,,0,
2026-07-22T22:58:06Z,2026-07-23 00:58,0,,0,
2026-07-22T23:03:10Z,2026-07-23 01:03,0,,0,
2026-07-22T23:08:15Z,2026-07-23 01:08,0,,0,
2026-07-22T23:13:19Z,2026-07-23 01:13,0,,0,
2026-07-22T23:18:23Z,2026-07-23 01:18,0,,0,
2026-07-22T23:23:28Z,2026-07-23 01:23,0,,0,
2026-07-22T23:28:32Z,2026-07-23 01:28,0,,0,
2026-07-22T23:33:37Z,2026-07-23 01:33,0,,0,
2026-07-22T23:33:49Z,2026-07-23 01:33,0,,0,
2026-07-22T23:38:55Z,2026-07-23 01:38,0,,0,
2026-07-22T23:44:00Z,2026-07-23 01:44,0,,0,
2026-07-22T23:49:06Z,2026-07-23 01:49,0,,0,
2026-07-22T23:54:11Z,2026-07-23 01:54,0,,0,
2026-07-22T23:59:17Z,2026-07-23 01:59,0,,0,
2026-07-23T00:04:23Z,2026-07-23 02:04,0,,0,
2026-07-23T00:09:29Z,2026-07-23 02:09,0,,0,
2026-07-23T00:14:35Z,2026-07-23 02:14,0,,0,
2026-07-23T00:19:41Z,2026-07-23 02:19,0,,0,
2026-07-23T00:24:47Z,2026-07-23 02:24,0,,0,
2026-07-23T00:29:52Z,2026-07-23 02:29,0,,0,
2026-07-23T00:34:58Z,2026-07-23 02:34,0,,0,
2026-07-23T00:40:04Z,2026-07-23 02:40,0,,0,
2026-07-23T00:45:11Z,2026-07-23 02:45,0,,0,
2026-07-23T00:50:17Z,2026-07-23 02:50,0,,0,
2026-07-23T00:55:22Z,2026-07-23 02:55,0,,0,
2026-07-23T01:00:27Z,2026-07-23 03:00,0,,0,
2026-07-23T01:05:33Z,2026-07-23 03:05,0,,0,
2026-07-23T01:10:39Z,2026-07-23 03:10,0,,0,
2026-07-23T01:15:45Z,2026-07-23 03:15,0,,0,
2026-07-23T01:20:50Z,2026-07-23 03:20,0,,0,
2026-07-23T01:25:56Z,2026-07-23 03:25,0,,0,
2026-07-23T01:31:01Z,2026-07-23 03:31,0,,0,
2026-07-23T01:36:08Z,2026-07-23 03:36,0,,0,
2026-07-23T01:41:13Z,2026-07-23 03:41,0,,0,
2026-07-23T01:46:18Z,2026-07-23 03:46,0,,0,
2026-07-23T01:51:24Z,2026-07-23 03:51,0,,0,
2026-07-23T01:56:29Z,2026-07-23 03:56,0,,0,
2026-07-23T02:01:39Z,2026-07-23 04:01,0,,0,
2026-07-23T02:06:45Z,2026-07-23 04:06,0,,0,
2026-07-23T02:11:51Z,2026-07-23 04:11,0,,0,
2026-07-23T02:16:58Z,2026-07-23 04:16,0,,0,
2026-07-23T02:22:07Z,2026-07-23 04:22,0,,0,
2026-07-23T02:22:20Z,2026-07-23 04:22,0,,0,
2026-07-23T02:27:26Z,2026-07-23 04:27,0,,0,
2026-07-23T02:32:32Z,2026-07-23 04:32,0,,0,
2026-07-23T02:37:37Z,2026-07-23 04:37,0,,0,
2026-07-23T02:42:43Z,2026-07-23 04:42,0,,0,
2026-07-23T02:47:49Z,2026-07-23 04:47,0,,0,
2026-07-23T02:52:54Z,2026-07-23 04:52,0,,0,
2026-07-23T02:57:59Z,2026-07-23 04:57,0,,0,
2026-07-23T03:03:05Z,2026-07-23 05:03,0,,0,
2026-07-23T03:08:10Z,2026-07-23 05:08,0,,0,
2026-07-23T03:13:16Z,2026-07-23 05:13,0,,0,
2026-07-23T03:18:23Z,2026-07-23 05:18,0,,0,
2026-07-23T03:23:29Z,2026-07-23 05:23,0,,0,
2026-07-23T03:28:34Z,2026-07-23 05:28,0,,0,
2026-07-23T03:33:40Z,2026-07-23 05:33,0,,0,
2026-07-23T03:38:45Z,2026-07-23 05:38,0,,0,
2026-07-23T03:43:51Z,2026-07-23 05:43,0,,0,
2026-07-23T03:48:58Z,2026-07-23 05:48,0,,0,
2026-07-23T03:54:04Z,2026-07-23 05:54,0,,0,
2026-07-23T03:59:10Z,2026-07-23 05:59,0,,0,
2026-07-23T04:04:15Z,2026-07-23 06:04,0,,0,
2026-07-23T04:09:21Z,2026-07-23 06:09,0,,0,
2026-07-23T04:14:27Z,2026-07-23 06:14,0,,0,
2026-07-23T04:19:32Z,2026-07-23 06:19,0,,0,
2026-07-23T04:24:37Z,2026-07-23 06:24,0,,0,
2026-07-23T04:29:43Z,2026-07-23 06:29,0,,0,
2026-07-23T04:34:49Z,2026-07-23 06:34,0,,0,
2026-07-23T04:39:54Z,2026-07-23 06:39,0,,0,
2026-07-23T04:45:00Z,2026-07-23 06:45,0,,0,
2026-07-23T04:50:10Z,2026-07-23 06:50,10,1.0,0,
2026-07-23T04:55:15Z,2026-07-23 06:55,10,1.0,0,
2026-07-23T05:00:21Z,2026-07-23 07:00,10,1.0,0,
2026-07-23T05:05:27Z,2026-07-23 07:05,10,1.0,0,
2026-07-23T05:10:33Z,2026-07-23 07:10,10,1.0,0,
2026-07-23T05:10:44Z,2026-07-23 07:10,10,1.0,0,
2026-07-23T05:15:51Z,2026-07-23 07:15,10,1.0,0,
2026-07-23T05:20:57Z,2026-07-23 07:20,10,1.0,0,
2026-07-23T05:26:02Z,2026-07-23 07:26,10,1.0,0,
2026-07-23T05:31:08Z,2026-07-23 07:31,10,1.0,20,2.0
2026-07-23T05:36:13Z,2026-07-23 07:36,10,1.0,20,2.0
2026-07-23T05:41:18Z,2026-07-23 07:41,10,1.0,20,2.0
2026-07-23T05:46:23Z,2026-07-23 07:46,10,1.0,10,1.0
2026-07-23T05:51:27Z,2026-07-23 07:51,10,1.0,10,1.0
2026-07-23T05:56:32Z,2026-07-23 07:56,10,1.0,10,1.0
2026-07-23T06:01:36Z,2026-07-23 08:01,10,1.0,0,
2026-07-23T06:06:41Z,2026-07-23 08:06,10,1.0,0,
2026-07-23T06:11:45Z,2026-07-23 08:11,10,1.0,0,
2026-07-23T06:16:50Z,2026-07-23 08:16,10,1.0,0,
2026-07-23T06:21:54Z,2026-07-23 08:21,10,1.0,0,
2026-07-23T06:27:00Z,2026-07-23 08:27,10,1.0,0,
2026-07-23T06:32:04Z,2026-07-23 08:32,10,1.0,0,
2026-07-23T06:37:09Z,2026-07-23 08:37,10,1.0,0,
2026-07-23T06:42:14Z,2026-07-23 08:42,10,1.0,0,
2026-07-23T06:47:19Z,2026-07-23 08:47,10,1.0,0,
2026-07-23T06:52:23Z,2026-07-23 08:52,10,1.0,0,
2026-07-23T06:57:28Z,2026-07-23 08:57,10,1.0,0,
2026-07-23T07:02:33Z,2026-07-23 09:02,10,1.0,0,
2026-07-23T07:07:37Z,2026-07-23 09:07,10,1.0,0,
2026-07-23T07:12:42Z,2026-07-23 09:12,10,1.0,0,
2026-07-23T07:17:47Z,2026-07-23 09:17,10,1.0,0,
2026-07-23T07:22:51Z,2026-07-23 09:22,10,1.0,0,
2026-07-23T07:27:56Z,2026-07-23 09:27,10,1.0,0,
2026-07-23T07:33:01Z,2026-07-23 09:33,10,1.0,0,
2026-07-23T07:38:05Z,2026-07-23 09:38,10,1.0,0,
2026-07-23T07:43:10Z,2026-07-23 09:43,10,1.0,0,
2026-07-23T07:48:16Z,2026-07-23 09:48,10,1.0,0,
2026-07-23T07:53:20Z,2026-07-23 09:53,10,1.0,0,
2026-07-23T07:58:25Z,2026-07-23 09:58,10,1.0,0,
2026-07-23T07:58:35Z,2026-07-23 09:58,10,1.0,0,
2026-07-23T08:03:40Z,2026-07-23 10:03,10,1.0,0,
2026-07-23T08:08:45Z,2026-07-23 10:08,10,1.0,0,
2026-07-23T08:13:49Z,2026-07-23 10:13,10,1.0,0,
2026-07-23T08:18:54Z,2026-07-23 10:18,10,1.0,10,1.0
2026-07-23T08:23:59Z,2026-07-23 10:23,20,2.0,10,1.0
2026-07-23T08:29:04Z,2026-07-23 10:29,20,2.0,20,2.0
2026-07-23T08:34:09Z,2026-07-23 10:34,20,2.0,20,2.0
2026-07-23T08:39:14Z,2026-07-23 10:39,20,2.0,20,2.0
2026-07-23T08:44:19Z,2026-07-23 10:44,20,2.0,20,2.0
2026-07-23T08:49:24Z,2026-07-23 10:49,20,2.0,20,2.0
2026-07-23T08:54:28Z,2026-07-23 10:54,20,2.0,20,2.0
2026-07-23T08:59:33Z,2026-07-23 10:59,20,2.0,20,2.0
2026-07-23T09:04:38Z,2026-07-23 11:04,20,2.0,20,2.0
2026-07-23T09:09:42Z,2026-07-23 11:09,30,3.0,20,2.0
2026-07-23T09:14:47Z,2026-07-23 11:14,30,3.0,20,2.0
2026-07-23T09:19:51Z,2026-07-23 11:19,40,4.0,20,2.0
2026-07-23T09:24:57Z,2026-07-23 11:24,40,4.0,20,2.0
2026-07-23T09:30:02Z,2026-07-23 11:30,40,4.0,30,3.0
2026-07-23T09:35:07Z,2026-07-23 11:35,40,4.0,30,3.0
2026-07-23T09:40:13Z,2026-07-23 11:40,50,5.0,30,3.0
2026-07-23T09:45:18Z,2026-07-23 11:45,50,5.0,30,3.0
2026-07-23T09:50:23Z,2026-07-23 11:50,50,5.0,30,3.0
2026-07-23T09:55:28Z,2026-07-23 11:55,50,5.0,40,4.0
2026-07-23T10:00:33Z,2026-07-23 12:00,50,5.0,40,4.0
2026-07-23T10:05:38Z,2026-07-23 12:05,50,5.0,40,4.0
2026-07-23T10:10:43Z,2026-07-23 12:10,50,5.0,40,4.0
2026-07-23T10:15:48Z,2026-07-23 12:15,50,5.0,40,4.0
2026-07-23T10:20:53Z,2026-07-23 12:20,50,5.0,40,4.0
2026-07-23T10:25:57Z,2026-07-23 12:25,50,5.0,40,4.0
2026-07-23T10:31:02Z,2026-07-23 12:31,50,5.0,40,4.0
2026-07-23T10:36:09Z,2026-07-23 12:36,50,5.0,40,4.0
2026-07-23T10:41:14Z,2026-07-23 12:41,50,5.0,40,4.0
2026-07-23T10:46:18Z,2026-07-23 12:46,50,5.0,40,4.0
2026-07-23T10:46:29Z,2026-07-23 12:46,50,5.0,40,4.0
2026-07-23T10:51:34Z,2026-07-23 12:51,50,5.0,40,4.0
2026-07-23T10:56:39Z,2026-07-23 12:56,50,5.0,40,4.0
2026-07-23T11:01:44Z,2026-07-23 13:01,50,5.0,40,4.0
2026-07-23T11:06:49Z,2026-07-23 13:06,50,5.0,40,4.0
2026-07-23T11:11:53Z,2026-07-23 13:11,50,5.0,40,4.0
2026-07-23T11:16:58Z,2026-07-23 13:16,50,5.0,50,5.0
2026-07-23T11:22:03Z,2026-07-23 13:22,50,5.0,50,5.0
2026-07-23T11:27:07Z,2026-07-23 13:27,50,5.0,50,5.0
2026-07-23T11:32:12Z,2026-07-23 13:32,50,5.0,50,5.0
2026-07-23T11:37:17Z,2026-07-23 13:37,50,5.0,50,5.0
2026-07-23T11:42:23Z,2026-07-23 13:42,50,5.0,50,5.0
2026-07-23T11:47:28Z,2026-07-23 13:47,50,5.0,50,5.0
2026-07-23T11:52:34Z,2026-07-23 13:52,50,5.0,50,5.0
2026-07-23T11:57:39Z,2026-07-23 13:57,50,5.0,50,5.0
2026-07-23T12:02:54Z,2026-07-23 14:02,50,5.0,50,5.0
2026-07-23T12:07:59Z,2026-07-23 14:07,50,5.0,50,5.0
2026-07-23T12:13:05Z,2026-07-23 14:13,70,7.0,50,5.0
2026-07-23T12:18:11Z,2026-07-23 14:18,70,7.0,50,5.0
2026-07-23T12:23:16Z,2026-07-23 14:23,80,8.0,50,5.0
2026-07-23T12:28:21Z,2026-07-23 14:28,80,8.0,50,5.0
2026-07-23T12:33:26Z,2026-07-23 14:33,80,8.0,50,5.0
2026-07-23T12:38:30Z,2026-07-23 14:38,80,8.0,50,5.0
2026-07-23T12:43:37Z,2026-07-23 14:43,80,8.0,50,5.0
2026-07-23T12:48:42Z,2026-07-23 14:48,80,8.0,50,5.0
2026-07-23T12:53:47Z,2026-07-23 14:53,80,8.0,50,5.0
2026-07-23T12:58:51Z,2026-07-23 14:58,80,8.0,50,5.0
2026-07-23T13:03:56Z,2026-07-23 15:03,80,8.0,50,5.0
2026-07-23T13:09:01Z,2026-07-23 15:09,80,8.0,50,5.0
2026-07-23T13:14:08Z,2026-07-23 15:14,80,8.0,50,5.0
2026-07-23T13:19:13Z,2026-07-23 15:19,80,8.0,50,5.0
2026-07-23T13:24:18Z,2026-07-23 15:24,80,8.0,50,5.0
2026-07-23T13:29:23Z,2026-07-23 15:29,80,8.0,50,5.0
2026-07-23T13:34:28Z,2026-07-23 15:34,80,8.0,50,5.0
2026-07-23T13:34:43Z,2026-07-23 15:34,80,8.0,50,5.0
2026-07-23T13:39:48Z,2026-07-23 15:39,80,8.0,50,5.0
2026-07-23T13:44:54Z,2026-07-23 15:44,80,8.0,50,5.0
2026-07-23T13:50:00Z,2026-07-23 15:50,80,8.0,50,5.0
2026-07-23T13:55:06Z,2026-07-23 15:55,80,8.0,50,5.0
2026-07-23T14:00:13Z,2026-07-23 16:00,80,8.0,50,5.0
2026-07-23T14:05:19Z,2026-07-23 16:05,80,8.0,50,5.0
2026-07-23T14:10:25Z,2026-07-23 16:10,80,8.0,40,4.0
2026-07-23T14:15:31Z,2026-07-23 16:15,80,8.0,40,4.0
2026-07-23T14:20:38Z,2026-07-23 16:20,80,8.0,40,4.0
2026-07-23T14:25:43Z,2026-07-23 16:25,80,8.0,40,4.0
2026-07-23T14:30:51Z,2026-07-23 16:30,80,8.0,40,4.0
2026-07-23T14:35:57Z,2026-07-23 16:35,80,8.0,40,4.0
2026-07-23T14:41:03Z,2026-07-23 16:41,60,6.0,40,4.0
2026-07-23T14:46:08Z,2026-07-23 16:46,60,6.0,40,4.0
2026-07-23T14:51:15Z,2026-07-23 16:51,60,6.0,40,4.0
2026-07-23T14:56:20Z,2026-07-23 16:56,50,5.0,40,4.0
2026-07-23T15:01:26Z,2026-07-23 17:01,50,5.0,30,3.0
2026-07-23T15:06:32Z,2026-07-23 17:06,50,5.0,30,3.0
2026-07-23T15:11:38Z,2026-07-23 17:11,50,5.0,30,3.0
2026-07-23T15:16:43Z,2026-07-23 17:16,50,5.0,30,3.0
2026-07-23T15:21:49Z,2026-07-23 17:21,50,5.0,30,3.0
2026-07-23T15:26:54Z,2026-07-23 17:26,40,4.0,30,3.0
2026-07-23T15:32:00Z,2026-07-23 17:32,40,4.0,30,3.0
2026-07-23T15:37:05Z,2026-07-23 17:37,40,4.0,30,3.0
2026-07-23T15:42:11Z,2026-07-23 17:42,40,4.0,30,3.0
2026-07-23T15:47:17Z,2026-07-23 17:47,40,4.0,30,3.0
2026-07-23T15:52:22Z,2026-07-23 17:52,40,4.0,30,3.0
2026-07-23T15:57:28Z,2026-07-23 17:57,40,4.0,30,3.0
2026-07-23T16:02:34Z,2026-07-23 18:02,40,4.0,30,3.0
2026-07-23T16:07:40Z,2026-07-23 18:07,40,4.0,30,3.0
2026-07-23T16:12:46Z,2026-07-23 18:12,40,4.0,30,3.0
2026-07-23T16:18:03Z,2026-07-23 18:18,40,4.0,30,3.0
2026-07-23T16:23:09Z,2026-07-23 18:23,40,4.0,30,3.0
2026-07-23T16:23:23Z,2026-07-23 18:23,40,4.0,30,3.0
2026-07-23T16:28:31Z,2026-07-23 18:28,40,4.0,30,3.0
2026-07-23T16:33:37Z,2026-07-23 18:33,40,4.0,30,3.0
2026-07-23T16:38:42Z,2026-07-23 18:38,30,3.0,30,3.0
2026-07-23T16:43:48Z,2026-07-23 18:43,30,3.0,30,3.0
2026-07-23T16:48:53Z,2026-07-23 18:48,30,3.0,30,3.0
2026-07-23T16:53:59Z,2026-07-23 18:53,20,2.0,30,3.0
2026-07-23T16:59:05Z,2026-07-23 18:59,20,2.0,20,2.0
2026-07-23T17:04:10Z,2026-07-23 19:04,20,2.0,20,2.0
2026-07-23T17:09:16Z,2026-07-23 19:09,20,2.0,20,2.0
2026-07-23T17:14:22Z,2026-07-23 19:14,20,2.0,20,2.0
2026-07-23T17:19:28Z,2026-07-23 19:19,20,2.0,10,1.0
2026-07-23T17:24:33Z,2026-07-23 19:24,20,2.0,10,1.0
2026-07-23T17:29:39Z,2026-07-23 19:29,20,2.0,10,1.0
2026-07-23T17:34:45Z,2026-07-23 19:34,20,2.0,0,
2026-07-23T17:39:50Z,2026-07-23 19:39,20,2.0,0,
2026-07-23T17:44:56Z,2026-07-23 19:44,20,2.0,0,
2026-07-23T17:50:02Z,2026-07-23 19:50,20,2.0,0,
2026-07-23T17:55:09Z,2026-07-23 19:55,20,2.0,0,
2026-07-23T18:00:16Z,2026-07-23 20:00,20,2.0,0,
2026-07-23T18:05:21Z,2026-07-23 20:05,20,2.0,0,
2026-07-23T18:10:27Z,2026-07-23 20:10,20,2.0,0,
2026-07-23T18:15:34Z,2026-07-23 20:15,20,2.0,0,
2026-07-23T18:20:41Z,2026-07-23 20:20,20,2.0,0,
2026-07-23T18:25:47Z,2026-07-23 20:25,20,2.0,0,
2026-07-23T18:30:52Z,2026-07-23 20:30,20,2.0,0,
2026-07-23T18:35:58Z,2026-07-23 20:35,20,2.0,0,
2026-07-23T18:41:03Z,2026-07-23 20:41,20,2.0,0,
2026-07-23T18:46:09Z,2026-07-23 20:46,20,2.0,0,
2026-07-23T18:51:14Z,2026-07-23 20:51,10,1.0,0,
2026-07-23T18:56:20Z,2026-07-23 20:56,10,1.0,0,
2026-07-23T19:01:25Z,2026-07-23 21:01,10,1.0,0,
2026-07-23T19:06:30Z,2026-07-23 21:06,10,1.0,0,
2026-07-23T19:11:37Z,2026-07-23 21:11,0,,0,
2026-07-23T19:11:51Z,2026-07-23 21:11,0,,0,
2026-07-23T19:16:58Z,2026-07-23 21:16,0,,0,
2026-07-23T19:22:05Z,2026-07-23 21:22,0,,0,
2026-07-23T19:27:10Z,2026-07-23 21:27,0,,0,
2026-07-23T19:32:15Z,2026-07-23 21:32,0,,0,
2026-07-23T19:37:21Z,2026-07-23 21:37,0,,0,
2026-07-23T19:42:27Z,2026-07-23 21:42,0,,0,
2026-07-23T19:47:32Z,2026-07-23 21:47,0,,0,
2026-07-23T19:52:37Z,2026-07-23 21:52,0,,0,
2026-07-23T19:57:43Z,2026-07-23 21:57,0,,0,
2026-07-23T20:02:48Z,2026-07-23 22:02,0,,0,
2026-07-23T20:07:53Z,2026-07-23 22:07,0,,0,
2026-07-23T20:12:58Z,2026-07-23 22:12,0,,0,
2026-07-23T20:18:04Z,2026-07-23 22:18,0,,0,
2026-07-23T20:23:09Z,2026-07-23 22:23,0,,0,
2026-07-23T20:28:14Z,2026-07-23 22:28,0,,0,
2026-07-23T20:33:19Z,2026-07-23 22:33,0,,0,
2026-07-23T20:38:24Z,2026-07-23 22:38,0,,0,
2026-07-23T20:43:30Z,2026-07-23 22:43,0,,0,
2026-07-23T20:48:35Z,2026-07-23 22:48,0,,0,
2026-07-23T20:53:40Z,2026-07-23 22:53,0,,0,
2026-07-23T20:58:45Z,2026-07-23 22:58,0,,0,
2026-07-23T21:03:50Z,2026-07-23 23:03,0,,0,
2026-07-23T21:08:55Z,2026-07-23 23:08,0,,0,
2026-07-23T21:14:00Z,2026-07-23 23:14,0,,0,
2026-07-23T21:19:07Z,2026-07-23 23:19,0,,0,
2026-07-23T21:24:12Z,2026-07-23 23:24,0,,0,
2026-07-23T21:29:18Z,2026-07-23 23:29,0,,0,
2026-07-23T21:34:24Z,2026-07-23 23:34,0,,0,
2026-07-23T21:39:29Z,2026-07-23 23:39,0,,0,
2026-07-23T21:44:34Z,2026-07-23 23:44,0,,0,
2026-07-23T21:49:39Z,2026-07-23 23:49,0,,0,
2026-07-23T21:54:45Z,2026-07-23 23:54,0,,0,
2026-07-23T21:59:50Z,2026-07-23 23:59,0,,0,
2026-07-23T22:00:01Z,2026-07-24 00:00,0,,0,
2026-07-23T22:05:09Z,2026-07-24 00:05,0,,0,
2026-07-23T22:10:13Z,2026-07-24 00:10,0,,0,
2026-07-23T22:15:18Z,2026-07-24 00:15,0,,0,
2026-07-23T22:20:22Z,2026-07-24 00:20,0,,0,
2026-07-23T22:25:27Z,2026-07-24 00:25,0,,0,
2026-07-23T22:30:30Z,2026-07-24 00:30,0,,0,
2026-07-23T22:35:36Z,2026-07-24 00:35,0,,0,
2026-07-23T22:40:40Z,2026-07-24 00:40,0,,0,
2026-07-23T22:45:44Z,2026-07-24 00:45,0,,0,
2026-07-23T22:50:48Z,2026-07-24 00:50,0,,0,
2026-07-23T22:55:53Z,2026-07-24 00:55,0,,0,
2026-07-23T23:00:59Z,2026-07-24 01:00,0,,0,
2026-07-23T23:06:06Z,2026-07-24 01:06,0,,0,
2026-07-23T23:11:10Z,2026-07-24 01:11,0,,0,
2026-07-23T23:16:15Z,2026-07-24 01:16,0,,0,
2026-07-23T23:21:19Z,2026-07-24 01:21,0,,0,
2026-07-23T23:26:24Z,2026-07-24 01:26,0,,0,
2026-07-23T23:31:28Z,2026-07-24 01:31,0,,0,
2026-07-23T23:36:32Z,2026-07-24 01:36,0,,0,
2026-07-23T23:41:36Z,2026-07-24 01:41,0,,0,
2026-07-23T23:46:41Z,2026-07-24 01:46,0,,0,
2026-07-23T23:51:45Z,2026-07-24 01:51,0,,0,
2026-07-23T23:56:50Z,2026-07-24 01:56,0,,0,
2026-07-24T00:01:54Z,2026-07-24 02:01,0,,0,
2026-07-24T00:06:59Z,2026-07-24 02:06,0,,0,
2026-07-24T00:12:11Z,2026-07-24 02:12,0,,0,
2026-07-24T00:17:16Z,2026-07-24 02:17,0,,0,
2026-07-24T00:22:20Z,2026-07-24 02:22,0,,0,
2026-07-24T00:27:25Z,2026-07-24 02:27,0,,0,
2026-07-24T00:32:29Z,2026-07-24 02:32,0,,0,
2026-07-24T00:37:34Z,2026-07-24 02:37,0,,0,
2026-07-24T00:42:39Z,2026-07-24 02:42,0,,0,
2026-07-24T00:47:43Z,2026-07-24 02:47,0,,0,
2026-07-24T00:47:53Z,2026-07-24 02:47,0,,0,
2026-07-24T00:52:58Z,2026-07-24 02:52,0,,0,
2026-07-24T00:58:03Z,2026-07-24 02:58,0,,0,
2026-07-24T01:03:08Z,2026-07-24 03:03,0,,0,
2026-07-24T01:08:12Z,2026-07-24 03:08,0,,0,
2026-07-24T01:13:17Z,2026-07-24 03:13,0,,0,
2026-07-24T01:18:22Z,2026-07-24 03:18,0,,0,
2026-07-24T01:23:27Z,2026-07-24 03:23,0,,0,
2026-07-24T01:28:31Z,2026-07-24 03:28,0,,0,
2026-07-24T01:33:36Z,2026-07-24 03:33,0,,0,
2026-07-24T01:38:41Z,2026-07-24 03:38,0,,0,
2026-07-24T01:43:46Z,2026-07-24 03:43,0,,0,
2026-07-24T01:48:51Z,2026-07-24 03:48,0,,0,
2026-07-24T01:53:55Z,2026-07-24 03:53,0,,0,
2026-07-24T01:59:00Z,2026-07-24 03:59,0,,0,
2026-07-24T02:04:07Z,2026-07-24 04:04,0,,0,
2026-07-24T02:09:11Z,2026-07-24 04:09,0,,0,
2026-07-24T02:14:16Z,2026-07-24 04:14,0,,0,
2026-07-24T02:19:21Z,2026-07-24 04:19,0,,0,
2026-07-24T02:24:26Z,2026-07-24 04:24,0,,0,
2026-07-24T02:29:30Z,2026-07-24 04:29,0,,0,
2026-07-24T02:34:35Z,2026-07-24 04:34,0,,0,
2026-07-24T02:39:40Z,2026-07-24 04:39,0,,0,
2026-07-24T02:44:45Z,2026-07-24 04:44,0,,0,
2026-07-24T02:49:49Z,2026-07-24 04:49,0,,0,
2026-07-24T02:54:54Z,2026-07-24 04:54,0,,0,
2026-07-24T02:59:59Z,2026-07-24 04:59,0,,0,
2026-07-24T03:05:05Z,2026-07-24 05:05,0,,0,
2026-07-24T03:10:13Z,2026-07-24 05:10,0,,0,
2026-07-24T03:15:17Z,2026-07-24 05:15,0,,0,
2026-07-24T03:20:22Z,2026-07-24 05:20,0,,0,
2026-07-24T03:25:28Z,2026-07-24 05:25,0,,0,
2026-07-24T03:30:33Z,2026-07-24 05:30,0,,0,
2026-07-24T03:35:38Z,2026-07-24 05:35,0,,0,
2026-07-24T03:35:48Z,2026-07-24 05:35,0,,0,
2026-07-24T03:40:52Z,2026-07-24 05:40,0,,0,
2026-07-24T03:45:57Z,2026-07-24 05:45,0,,0,
2026-07-24T03:51:04Z,2026-07-24 05:51,0,,0,
2026-07-24T03:56:09Z,2026-07-24 05:56,0,,0,
2026-07-24T04:01:13Z,2026-07-24 06:01,0,,0,
2026-07-24T04:06:18Z,2026-07-24 06:06,0,,0,
2026-07-24T04:11:26Z,2026-07-24 06:11,10,1.0,0,
2026-07-24T04:16:30Z,2026-07-24 06:16,10,1.0,0,
2026-07-24T04:21:34Z,2026-07-24 06:21,10,1.0,0,
2026-07-24T04:26:38Z,2026-07-24 06:26,10,1.0,0,
2026-07-24T04:31:43Z,2026-07-24 06:31,20,2.0,0,
2026-07-24T04:36:48Z,2026-07-24 06:36,20,2.0,0,
2026-07-24T04:41:52Z,2026-07-24 06:41,20,2.0,0,
2026-07-24T04:46:56Z,2026-07-24 06:46,20,2.0,0,
2026-07-24T04:52:02Z,2026-07-24 06:52,20,2.0,0,
2026-07-24T04:57:07Z,2026-07-24 06:57,20,2.0,0,
2026-07-24T05:02:12Z,2026-07-24 07:02,20,2.0,0,
2026-07-24T05:07:16Z,2026-07-24 07:07,20,2.0,0,
2026-07-24T05:12:21Z,2026-07-24 07:12,20,2.0,0,
2026-07-24T05:17:25Z,2026-07-24 07:17,20,2.0,0,
2026-07-24T05:22:30Z,2026-07-24 07:22,20,2.0,0,
2026-07-24T05:27:34Z,2026-07-24 07:27,20,2.0,0,
2026-07-24T05:32:38Z,2026-07-24 07:32,20,2.0,0,
2026-07-24T05:37:42Z,2026-07-24 07:37,20,2.0,0,
2026-07-24T05:42:47Z,2026-07-24 07:42,20,2.0,0,
2026-07-24T05:47:51Z,2026-07-24 07:47,20,2.0,0,
2026-07-24T05:52:56Z,2026-07-24 07:52,20,2.0,0,
2026-07-24T05:58:00Z,2026-07-24 07:58,20,2.0,0,
2026-07-24T06:03:05Z,2026-07-24 08:03,20,2.0,0,
2026-07-24T06:08:10Z,2026-07-24 08:08,20,2.0,0,
2026-07-24T06:13:14Z,2026-07-24 08:13,20,2.0,0,
2026-07-24T06:18:19Z,2026-07-24 08:18,20,2.0,0,
2026-07-24T06:23:23Z,2026-07-24 08:23,20,2.0,0,
2026-07-24T06:23:33Z,2026-07-24 08:23,20,2.0,0,
2026-07-24T06:28:38Z,2026-07-24 08:28,20,2.0,0,
2026-07-24T06:33:42Z,2026-07-24 08:33,20,2.0,0,
2026-07-24T06:38:47Z,2026-07-24 08:38,20,2.0,0,
2026-07-24T06:43:52Z,2026-07-24 08:43,20,2.0,0,
2026-07-24T06:48:56Z,2026-07-24 08:48,30,3.0,0,
2026-07-24T06:54:01Z,2026-07-24 08:54,30,3.0,0,
2026-07-24T06:59:06Z,2026-07-24 08:59,30,3.0,0,
2026-07-24T07:04:11Z,2026-07-24 09:04,30,3.0,0,
2026-07-24T07:09:15Z,2026-07-24 09:09,30,3.0,0,
2026-07-24T07:14:20Z,2026-07-24 09:14,30,3.0,0,
2026-07-24T07:19:24Z,2026-07-24 09:19,30,3.0,0,
2026-07-24T07:24:29Z,2026-07-24 09:24,30,3.0,0,
2026-07-24T07:29:34Z,2026-07-24 09:29,30,3.0,0,
2026-07-24T07:34:38Z,2026-07-24 09:34,30,3.0,0,
2026-07-24T07:39:43Z,2026-07-24 09:39,30,3.0,0,
2026-07-24T07:44:47Z,2026-07-24 09:44,30,3.0,0,
2026-07-24T07:49:52Z,2026-07-24 09:49,30,3.0,0,
2026-07-24T07:54:56Z,2026-07-24 09:54,30,3.0,10,1.0
2026-07-24T08:00:01Z,2026-07-24 10:00,30,3.0,10,1.0
2026-07-24T08:05:06Z,2026-07-24 10:05,30,3.0,10,1.0
2026-07-24T08:10:16Z,2026-07-24 10:10,30,3.0,20,2.0
2026-07-24T08:15:22Z,2026-07-24 10:15,40,4.0,20,2.0
2026-07-24T08:20:27Z,2026-07-24 10:20,40,4.0,20,2.0
2026-07-24T08:25:31Z,2026-07-24 10:25,40,4.0,20,2.0
2026-07-24T08:30:40Z,2026-07-24 10:30,40,4.0,20,2.0
2026-07-24T08:35:45Z,2026-07-24 10:35,40,4.0,20,2.0
2026-07-24T08:40:50Z,2026-07-24 10:40,40,4.0,30,3.0
2026-07-24T08:45:54Z,2026-07-24 10:45,40,4.0,30,3.0
2026-07-24T08:50:59Z,2026-07-24 10:50,40,4.0,30,3.0
2026-07-24T08:56:07Z,2026-07-24 10:56,40,4.0,30,3.0
2026-07-24T09:01:12Z,2026-07-24 11:01,40,4.0,30,3.0
2026-07-24T09:06:17Z,2026-07-24 11:06,40,4.0,30,3.0
2026-07-24T09:11:22Z,2026-07-24 11:11,40,4.0,30,3.0
2026-07-24T09:11:35Z,2026-07-24 11:11,40,4.0,30,3.0
2026-07-24T09:16:40Z,2026-07-24 11:16,40,4.0,40,4.0
2026-07-24T09:21:46Z,2026-07-24 11:21,50,5.0,40,4.0
2026-07-24T09:26:51Z,2026-07-24 11:26,50,5.0,40,4.0
2026-07-24T09:31:56Z,2026-07-24 11:31,50,5.0,40,4.0
2026-07-24T09:37:02Z,2026-07-24 11:37,50,5.0,40,4.0
2026-07-24T09:42:11Z,2026-07-24 11:42,50,5.0,40,4.0
2026-07-24T09:47:16Z,2026-07-24 11:47,50,5.0,40,4.0
2026-07-24T09:52:21Z,2026-07-24 11:52,50,5.0,40,4.0
2026-07-24T09:57:27Z,2026-07-24 11:57,50,5.0,40,4.0
2026-07-24T10:02:32Z,2026-07-24 12:02,50,5.0,40,4.0
2026-07-24T10:07:38Z,2026-07-24 12:07,50,5.0,50,5.0
2026-07-24T10:12:44Z,2026-07-24 12:12,50,5.0,50,5.0
2026-07-24T10:17:50Z,2026-07-24 12:17,60,6.0,50,5.0
2026-07-24T10:22:56Z,2026-07-24 12:22,60,6.0,50,5.0
2026-07-24T10:28:01Z,2026-07-24 12:28,60,6.0,50,5.0
2026-07-24T10:33:07Z,2026-07-24 12:33,60,6.0,50,5.0
2026-07-24T10:38:12Z,2026-07-24 12:38,60,6.0,50,5.0
2026-07-24T10:43:19Z,2026-07-24 12:43,60,6.0,50,5.0
2026-07-24T10:48:28Z,2026-07-24 12:48,60,6.0,50,5.0
2026-07-24T10:53:33Z,2026-07-24 12:53,60,6.0,50,5.0
2026-07-24T10:58:38Z,2026-07-24 12:58,60,6.0,50,5.0
2026-07-24T11:03:44Z,2026-07-24 13:03,60,6.0,50,5.0
2026-07-24T11:08:49Z,2026-07-24 13:08,60,6.0,50,5.0
2026-07-24T11:13:54Z,2026-07-24 13:13,60,6.0,50,5.0
2026-07-24T11:19:00Z,2026-07-24 13:19,60,6.0,50,5.0
2026-07-24T11:24:05Z,2026-07-24 13:24,60,6.0,50,5.0
2026-07-24T11:29:11Z,2026-07-24 13:29,60,6.0,50,5.0
2026-07-24T11:34:16Z,2026-07-24 13:34,70,7.0,50,5.0
2026-07-24T11:39:22Z,2026-07-24 13:39,70,7.0,50,5.0
2026-07-24T11:44:28Z,2026-07-24 13:44,70,7.0,50,5.0
2026-07-24T11:49:33Z,2026-07-24 13:49,90,9.0,50,5.0
2026-07-24T11:54:39Z,2026-07-24 13:54,90,9.0,50,5.0
2026-07-24T11:59:44Z,2026-07-24 13:59,90,9.0,50,5.0
2026-07-24T11:59:57Z,2026-07-24 13:59,90,9.0,50,5.0
2026-07-24T12:05:02Z,2026-07-24 14:05,90,9.0,50,5.0
2026-07-24T12:10:08Z,2026-07-24 14:10,90,9.0,50,5.0
2026-07-24T12:15:13Z,2026-07-24 14:15,90,9.0,50,5.0
2026-07-24T12:20:18Z,2026-07-24 14:20,90,9.0,50,5.0
2026-07-24T12:25:24Z,2026-07-24 14:25,90,9.0,50,5.0
2026-07-24T12:30:30Z,2026-07-24 14:30,90,9.0,40,4.0
2026-07-24T12:35:35Z,2026-07-24 14:35,90,9.0,40,4.0
2026-07-24T12:40:39Z,2026-07-24 14:40,90,9.0,40,4.0
2026-07-24T12:45:45Z,2026-07-24 14:45,90,9.0,40,4.0
2026-07-24T12:50:50Z,2026-07-24 14:50,90,9.0,40,4.0
2026-07-24T12:55:55Z,2026-07-24 14:55,90,9.0,40,4.0
2026-07-24T13:01:00Z,2026-07-24 15:01,90,9.0,40,4.0
2026-07-24T13:06:05Z,2026-07-24 15:06,90,9.0,40,4.0
2026-07-24T13:11:09Z,2026-07-24 15:11,90,9.0,40,4.0
2026-07-24T13:16:14Z,2026-07-24 15:16,90,9.0,40,4.0
2026-07-24T13:21:19Z,2026-07-24 15:21,90,9.0,40,4.0
2026-07-24T13:26:24Z,2026-07-24 15:26,90,9.0,40,4.0
2026-07-24T13:31:30Z,2026-07-24 15:31,90,9.0,40,4.0
2026-07-24T13:36:34Z,2026-07-24 15:36,90,9.0,40,4.0
2026-07-24T13:41:39Z,2026-07-24 15:41,90,9.0,40,4.0
2026-07-24T13:46:44Z,2026-07-24 15:46,90,9.0,40,4.0
2026-07-24T13:51:49Z,2026-07-24 15:51,90,9.0,40,4.0
2026-07-24T13:56:54Z,2026-07-24 15:56,90,9.0,40,4.0
2026-07-24T14:01:59Z,2026-07-24 16:01,90,9.0,40,4.0
2026-07-24T14:07:05Z,2026-07-24 16:07,90,9.0,40,4.0
2026-07-24T14:12:10Z,2026-07-24 16:12,90,9.0,40,4.0
2026-07-24T14:17:15Z,2026-07-24 16:17,90,9.0,40,4.0
2026-07-24T14:22:20Z,2026-07-24 16:22,90,9.0,40,4.0
2026-07-24T14:27:25Z,2026-07-24 16:27,90,9.0,40,4.0
2026-07-24T14:32:30Z,2026-07-24 16:32,90,9.0,40,4.0
2026-07-24T14:37:35Z,2026-07-24 16:37,90,9.0,40,4.0
2026-07-24T14:42:40Z,2026-07-24 16:42,90,9.0,40,4.0
2026-07-24T14:47:44Z,2026-07-24 16:47,90,9.0,40,4.0
2026-07-24T14:47:58Z,2026-07-24 16:47,90,9.0,40,4.0
2026-07-24T14:53:03Z,2026-07-24 16:53,90,9.0,40,4.0
2026-07-24T14:58:07Z,2026-07-24 16:58,90,9.0,40,4.0
2026-07-24T15:03:13Z,2026-07-24 17:03,90,9.0,40,4.0
2026-07-24T15:08:18Z,2026-07-24 17:08,90,9.0,40,4.0
2026-07-24T15:13:23Z,2026-07-24 17:13,90,9.0,40,4.0
2026-07-24T15:18:28Z,2026-07-24 17:18,90,9.0,40,4.0
2026-07-24T15:23:33Z,2026-07-24 17:23,90,9.0,40,4.0
2026-07-24T15:28:38Z,2026-07-24 17:28,60,6.0,40,4.0
2026-07-24T15:33:43Z,2026-07-24 17:33,60,6.0,30,3.0
2026-07-24T15:38:48Z,2026-07-24 17:38,60,6.0,30,3.0
2026-07-24T15:43:53Z,2026-07-24 17:43,60,6.0,30,3.0
2026-07-24T15:48:58Z,2026-07-24 17:48,60,6.0,30,3.0
2026-07-24T15:54:03Z,2026-07-24 17:54,60,6.0,30,3.0
2026-07-24T15:59:09Z,2026-07-24 17:59,50,5.0,30,3.0
2026-07-24T16:04:17Z,2026-07-24 18:04,50,5.0,30,3.0
2026-07-24T16:09:26Z,2026-07-24 18:09,50,5.0,30,3.0
2026-07-24T16:14:42Z,2026-07-24 18:14,50,5.0,30,3.0
2026-07-24T16:19:47Z,2026-07-24 18:19,50,5.0,30,3.0
2026-07-24T16:25:01Z,2026-07-24 18:25,50,5.0,30,3.0
2026-07-24T16:30:11Z,2026-07-24 18:30,50,5.0,30,3.0
2026-07-24T16:35:16Z,2026-07-24 18:35,50,5.0,30,3.0
2026-07-24T16:40:21Z,2026-07-24 18:40,50,5.0,30,3.0
2026-07-24T16:45:27Z,2026-07-24 18:45,50,5.0,30,3.0
2026-07-24T16:50:32Z,2026-07-24 18:50,50,5.0,30,3.0
2026-07-24T16:55:37Z,2026-07-24 18:55,40,4.0,30,3.0
2026-07-24T17:00:42Z,2026-07-24 19:00,40,4.0,30,3.0
2026-07-24T17:05:47Z,2026-07-24 19:05,40,4.0,30,3.0
2026-07-24T17:10:52Z,2026-07-24 19:10,40,4.0,30,3.0
2026-07-24T17:15:57Z,2026-07-24 19:15,40,4.0,30,3.0
2026-07-24T17:21:02Z,2026-07-24 19:21,40,4.0,30,3.0
2026-07-24T17:26:08Z,2026-07-24 19:26,40,4.0,30,3.0
2026-07-24T17:31:15Z,2026-07-24 19:31,40,4.0,20,2.0
2026-07-24T17:36:20Z,2026-07-24 19:36,40,4.0,20,2.0
2026-07-24T17:36:31Z,2026-07-24 19:36,40,4.0,20,2.0
2026-07-24T17:41:36Z,2026-07-24 19:41,40,4.0,20,2.0
2026-07-24T17:46:41Z,2026-07-24 19:46,40,4.0,20,2.0
2026-07-24T17:51:45Z,2026-07-24 19:51,40,4.0,30,3.0
2026-07-24T17:56:50Z,2026-07-24 19:56,40,4.0,30,3.0
2026-07-24T18:01:58Z,2026-07-24 20:01,40,4.0,30,3.0
2026-07-24T18:07:03Z,2026-07-24 20:07,40,4.0,30,3.0
2026-07-24T18:12:08Z,2026-07-24 20:12,40,4.0,30,3.0
2026-07-24T18:17:13Z,2026-07-24 20:17,40,4.0,30,3.0
2026-07-24T18:22:18Z,2026-07-24 20:22,40,4.0,30,3.0
2026-07-24T18:27:23Z,2026-07-24 20:27,40,4.0,30,3.0
2026-07-24T18:32:28Z,2026-07-24 20:32,40,4.0,30,3.0
2026-07-24T18:37:33Z,2026-07-24 20:37,40,4.0,30,3.0
2026-07-24T18:42:38Z,2026-07-24 20:42,40,4.0,30,3.0
2026-07-24T18:47:43Z,2026-07-24 20:47,40,4.0,30,3.0
2026-07-24T18:52:47Z,2026-07-24 20:52,40,4.0,30,3.0
2026-07-24T18:57:59Z,2026-07-24 20:57,40,4.0,30,3.0
2026-07-24T19:03:04Z,2026-07-24 21:03,40,4.0,20,2.0
2026-07-24T19:08:09Z,2026-07-24 21:08,40,4.0,20,2.0
2026-07-24T19:13:14Z,2026-07-24 21:13,40,4.0,20,2.0
2026-07-24T19:18:19Z,2026-07-24 21:18,40,4.0,20,2.0
2026-07-24T19:23:24Z,2026-07-24 21:23,50,5.0,20,2.0
2026-07-24T19:28:29Z,2026-07-24 21:28,50,5.0,10,1.0
2026-07-24T19:33:34Z,2026-07-24 21:33,50,5.0,10,1.0
2026-07-24T19:38:38Z,2026-07-24 21:38,50,5.0,10,1.0
2026-07-24T19:43:43Z,2026-07-24 21:43,50,5.0,10,1.0
2026-07-24T19:48:49Z,2026-07-24 21:48,50,5.0,10,1.0
2026-07-24T19:53:53Z,2026-07-24 21:53,50,5.0,0,
2026-07-24T19:58:58Z,2026-07-24 21:58,50,5.0,0,
2026-07-24T20:04:03Z,2026-07-24 22:04,50,5.0,0,
2026-07-24T20:09:08Z,2026-07-24 22:09,50,5.0,0,
2026-07-24T20:14:13Z,2026-07-24 22:14,50,5.0,0,
2026-07-24T20:19:19Z,2026-07-24 22:19,50,5.0,0,
2026-07-24T20:24:25Z,2026-07-24 22:24,50,5.0,0,
2026-07-24T20:24:37Z,2026-07-24 22:24,50,5.0,0,
2026-07-24T20:29:43Z,2026-07-24 22:29,50,5.0,0,
2026-07-24T20:34:48Z,2026-07-24 22:34,50,5.0,0,
2026-07-24T20:39:53Z,2026-07-24 22:39,50,5.0,0,
2026-07-24T20:44:59Z,2026-07-24 22:44,50,5.0,0,
2026-07-24T20:50:07Z,2026-07-24 22:50,50,5.0,0,
2026-07-24T20:55:12Z,2026-07-24 22:55,50,5.0,0,
2026-07-24T21:00:17Z,2026-07-24 23:00,50,5.0,0,
2026-07-24T21:05:23Z,2026-07-24 23:05,50,5.0,0,
2026-07-24T21:10:28Z,2026-07-24 23:10,50,5.0,0,
2026-07-24T21:15:33Z,2026-07-24 23:15,50,5.0,0,
2026-07-24T21:20:38Z,2026-07-24 23:20,50,5.0,0,
2026-07-24T21:25:43Z,2026-07-24 23:25,50,5.0,0,
2026-07-24T21:30:48Z,2026-07-24 23:30,50,5.0,0,
2026-07-24T21:35:53Z,2026-07-24 23:35,50,5.0,0,
2026-07-24T21:40:58Z,2026-07-24 23:40,50,5.0,0,
2026-07-24T21:46:04Z,2026-07-24 23:46,50,5.0,0,
2026-07-24T21:51:09Z,2026-07-24 23:51,50,5.0,0,
2026-07-24T21:56:14Z,2026-07-24 23:56,50,5.0,0,
2026-07-24T22:01:19Z,2026-07-25 00:01,50,5.0,0,
2026-07-24T22:06:24Z,2026-07-25 00:06,50,5.0,0,
2026-07-24T22:11:29Z,2026-07-25 00:11,50,5.0,0,
2026-07-24T22:16:35Z,2026-07-25 00:16,50,5.0,0,
2026-07-24T22:21:40Z,2026-07-25 00:21,50,5.0,10,1.0
2026-07-24T22:26:45Z,2026-07-25 00:26,50,5.0,10,1.0
2026-07-24T22:31:50Z,2026-07-25 00:31,50,5.0,20,2.0
2026-07-24T22:36:55Z,2026-07-25 00:36,50,5.0,20,2.0
2026-07-24T22:42:00Z,2026-07-25 00:42,50,5.0,20,2.0
2026-07-24T22:47:05Z,2026-07-25 00:47,50,5.0,20,2.0
2026-07-24T22:52:10Z,2026-07-25 00:52,50,5.0,20,2.0
2026-07-24T22:57:15Z,2026-07-25 00:57,50,5.0,20,2.0
2026-07-24T23:02:20Z,2026-07-25 01:02,50,5.0,10,1.0
2026-07-24T23:07:25Z,2026-07-25 01:07,0,,0,
2026-07-24T23:12:30Z,2026-07-25 01:12,50,5.0,10,1.0
2026-07-24T23:12:42Z,2026-07-25 01:12,50,5.0,0,
2026-07-24T23:17:47Z,2026-07-25 01:17,50,5.0,10,1.0
2026-07-24T23:22:58Z,2026-07-25 01:22,50,5.0,10,1.0
2026-07-24T23:28:05Z,2026-07-25 01:28,50,5.0,0,
2026-07-24T23:33:10Z,2026-07-25 01:33,50,5.0,0,
2026-07-24T23:38:14Z,2026-07-25 01:38,50,5.0,0,
2026-07-24T23:43:20Z,2026-07-25 01:43,50,5.0,0,
2026-07-24T23:48:25Z,2026-07-25 01:48,50,5.0,0,
2026-07-24T23:53:30Z,2026-07-25 01:53,50,5.0,0,
2026-07-24T23:58:35Z,2026-07-25 01:58,50,5.0,0,
2026-07-25T00:03:40Z,2026-07-25 02:03,50,5.0,0,
2026-07-25T00:08:45Z,2026-07-25 02:08,50,5.0,0,
2026-07-25T00:13:50Z,2026-07-25 02:13,50,5.0,0,
2026-07-25T00:18:55Z,2026-07-25 02:18,50,5.0,0,
2026-07-25T00:24:00Z,2026-07-25 02:24,50,5.0,0,
2026-07-25T00:29:05Z,2026-07-25 02:29,50,5.0,0,
2026-07-25T00:34:10Z,2026-07-25 02:34,40,4.0,0,
2026-07-25T00:39:14Z,2026-07-25 02:39,40,4.0,0,
2026-07-25T00:44:23Z,2026-07-25 02:44,40,4.0,0,
2026-07-25T00:49:28Z,2026-07-25 02:49,40,4.0,0,
2026-07-25T00:54:33Z,2026-07-25 02:54,40,4.0,0,
2026-07-25T00:59:38Z,2026-07-25 02:59,40,4.0,0,
2026-07-25T01:04:43Z,2026-07-25 03:04,40,4.0,0,
2026-07-25T01:09:47Z,2026-07-25 03:09,40,4.0,0,
2026-07-25T01:14:52Z,2026-07-25 03:14,40,4.0,0,
2026-07-25T01:19:57Z,2026-07-25 03:19,40,4.0,0,
2026-07-25T01:25:03Z,2026-07-25 03:25,40,4.0,0,
2026-07-25T01:30:16Z,2026-07-25 03:30,40,4.0,0,
2026-07-25T01:35:21Z,2026-07-25 03:35,40,4.0,0,
2026-07-25T01:40:26Z,2026-07-25 03:40,40,4.0,0,
2026-07-25T01:45:31Z,2026-07-25 03:45,40,4.0,0,
2026-07-25T01:50:35Z,2026-07-25 03:50,40,4.0,0,
2026-07-25T01:55:40Z,2026-07-25 03:55,40,4.0,0,
2026-07-25T02:00:45Z,2026-07-25 04:00,40,4.0,0,
2026-07-25T02:00:57Z,2026-07-25 04:00,40,4.0,0,
2026-07-25T02:06:01Z,2026-07-25 04:06,40,4.0,0,
2026-07-25T02:11:06Z,2026-07-25 04:11,40,4.0,0,
2026-07-25T02:16:11Z,2026-07-25 04:16,40,4.0,0,
2026-07-25T02:21:15Z,2026-07-25 04:21,40,4.0,0,
2026-07-25T02:26:20Z,2026-07-25 04:26,40,4.0,0,
2026-07-25T02:31:24Z,2026-07-25 04:31,40,4.0,0,
2026-07-25T02:36:29Z,2026-07-25 04:36,40,4.0,0,
2026-07-25T02:41:33Z,2026-07-25 04:41,50,5.0,0,
2026-07-25T02:46:38Z,2026-07-25 04:46,50,5.0,0,
2026-07-25T02:51:42Z,2026-07-25 04:51,50,5.0,0,
2026-07-25T02:56:46Z,2026-07-25 04:56,60,6.0,0,
2026-07-25T03:01:51Z,2026-07-25 05:01,60,6.0,0,
2026-07-25T03:06:56Z,2026-07-25 05:06,60,6.0,0,
2026-07-25T03:12:00Z,2026-07-25 05:12,60,6.0,0,
2026-07-25T03:17:05Z,2026-07-25 05:17,70,7.0,0,
2026-07-25T03:22:09Z,2026-07-25 05:22,80,8.0,0,
2026-07-25T03:27:14Z,2026-07-25 05:27,80,8.0,0,
2026-07-25T03:32:18Z,2026-07-25 05:32,90,9.0,0,
2026-07-25T03:37:23Z,2026-07-25 05:37,90,9.0,0,
2026-07-25T03:42:27Z,2026-07-25 05:42,90,9.0,0,
2026-07-25T03:47:32Z,2026-07-25 05:47,100,10.0,0,
2026-07-25T03:52:36Z,2026-07-25 05:52,100,10.0,0,
2026-07-25T03:57:41Z,2026-07-25 05:57,100,10.0,0,
2026-07-25T04:02:45Z,2026-07-25 06:02,100,10.0,0,
2026-07-25T04:07:50Z,2026-07-25 06:07,100,10.0,0,
2026-07-25T04:12:54Z,2026-07-25 06:12,100,10.0,0,
2026-07-25T04:17:59Z,2026-07-25 06:17,100,10.0,0,
2026-07-25T04:23:03Z,2026-07-25 06:23,100,10.0,0,
2026-07-25T04:28:09Z,2026-07-25 06:28,100,10.0,0,
2026-07-25T04:33:13Z,2026-07-25 06:33,100,10.0,0,
2026-07-25T04:38:18Z,2026-07-25 06:38,100,10.0,0,
2026-07-25T04:43:23Z,2026-07-25 06:43,100,10.0,0,
2026-07-25T04:48:27Z,2026-07-25 06:48,100,10.0,0,
2026-07-25T04:48:38Z,2026-07-25 06:48,100,10.0,0,
2026-07-25T04:53:43Z,2026-07-25 06:53,100,10.0,0,
2026-07-25T04:58:48Z,2026-07-25 06:58,100,10.0,0,
2026-07-25T05:03:53Z,2026-07-25 07:03,100,10.0,0,
2026-07-25T05:08:57Z,2026-07-25 07:08,100,10.0,0,
2026-07-25T05:14:02Z,2026-07-25 07:14,100,10.0,0,
2026-07-25T05:19:07Z,2026-07-25 07:19,100,10.0,0,
2026-07-25T05:24:12Z,2026-07-25 07:24,100,10.0,0,
2026-07-25T05:29:17Z,2026-07-25 07:29,100,10.0,0,
2026-07-25T05:34:22Z,2026-07-25 07:34,100,10.0,0,
2026-07-25T05:39:26Z,2026-07-25 07:39,100,10.0,0,
2026-07-25T05:44:31Z,2026-07-25 07:44,100,10.0,0,
2026-07-25T05:49:36Z,2026-07-25 07:49,100,10.0,0,
2026-07-25T05:54:40Z,2026-07-25 07:54,100,10.0,0,
2026-07-25T05:59:45Z,2026-07-25 07:59,100,10.0,0,
2026-07-25T06:04:50Z,2026-07-25 08:04,100,10.0,0,
2026-07-25T06:09:55Z,2026-07-25 08:09,100,10.0,0,
2026-07-25T06:15:01Z,2026-07-25 08:15,100,10.0,0,
2026-07-25T06:20:14Z,2026-07-25 08:20,100,10.0,0,
2026-07-25T06:25:19Z,2026-07-25 08:25,100,10.0,0,
2026-07-25T06:30:24Z,2026-07-25 08:30,100,10.0,0,
2026-07-25T06:35:29Z,2026-07-25 08:35,100,10.0,0,
2026-07-25T06:40:34Z,2026-07-25 08:40,100,10.0,10,1.0
2026-07-25T06:45:41Z,2026-07-25 08:45,100,10.0,10,1.0
2026-07-25T06:50:46Z,2026-07-25 08:50,100,10.0,10,1.0
2026-07-25T06:55:50Z,2026-07-25 08:55,100,10.0,10,1.0
2026-07-25T07:00:55Z,2026-07-25 09:00,100,10.0,20,2.0
2026-07-25T07:06:01Z,2026-07-25 09:06,100,10.0,20,2.0
2026-07-25T07:11:05Z,2026-07-25 09:11,100,10.0,20,2.0
2026-07-25T07:16:11Z,2026-07-25 09:16,100,10.0,20,2.0
2026-07-25T07:21:16Z,2026-07-25 09:21,100,10.0,20,2.0
2026-07-25T07:26:21Z,2026-07-25 09:26,100,10.0,20,2.0
2026-07-25T07:31:25Z,2026-07-25 09:31,100,10.0,20,2.0
2026-07-25T07:36:30Z,2026-07-25 09:36,100,10.0,30,3.0
2026-07-25T07:36:45Z,2026-07-25 09:36,100,10.0,30,3.0
2026-07-25T07:41:50Z,2026-07-25 09:41,100,10.0,30,3.0
2026-07-25T07:46:55Z,2026-07-25 09:46,100,10.0,30,3.0
2026-07-25T07:52:01Z,2026-07-25 09:52,100,10.0,30,3.0
2026-07-25T07:57:09Z,2026-07-25 09:57,100,10.0,40,4.0
2026-07-25T08:02:15Z,2026-07-25 10:02,100,10.0,40,4.0
2026-07-25T08:07:21Z,2026-07-25 10:07,100,10.0,40,4.0
2026-07-25T08:12:26Z,2026-07-25 10:12,100,10.0,40,4.0
2026-07-25T08:17:31Z,2026-07-25 10:17,100,10.0,40,4.0
2026-07-25T08:22:37Z,2026-07-25 10:22,100,10.0,40,4.0
2026-07-25T08:27:43Z,2026-07-25 10:27,100,10.0,40,4.0
2026-07-25T08:32:49Z,2026-07-25 10:32,100,10.0,40,4.0
2026-07-25T08:37:54Z,2026-07-25 10:37,100,10.0,40,4.0
2026-07-25T08:43:00Z,2026-07-25 10:43,100,10.0,40,4.0
2026-07-25T08:48:05Z,2026-07-25 10:48,100,10.0,40,4.0
2026-07-25T08:53:11Z,2026-07-25 10:53,100,10.0,40,4.0
2026-07-25T08:58:16Z,2026-07-25 10:58,100,10.0,40,4.0
2026-07-25T09:03:22Z,2026-07-25 11:03,100,10.0,40,4.0
2026-07-25T09:08:28Z,2026-07-25 11:08,100,10.0,40,4.0
2026-07-25T09:13:33Z,2026-07-25 11:13,100,10.0,40,4.0
2026-07-25T09:18:40Z,2026-07-25 11:18,100,10.0,40,4.0
2026-07-25T09:23:45Z,2026-07-25 11:23,100,10.0,40,4.0
2026-07-25T09:28:51Z,2026-07-25 11:28,100,10.0,40,4.0
2026-07-25T09:33:56Z,2026-07-25 11:33,100,10.0,40,4.0
2026-07-25T09:39:02Z,2026-07-25 11:39,100,10.0,40,4.0
2026-07-25T09:44:10Z,2026-07-25 11:44,100,10.0,40,4.0
2026-07-25T09:49:17Z,2026-07-25 11:49,100,10.0,40,4.0
2026-07-25T09:54:23Z,2026-07-25 11:54,100,10.0,40,4.0
2026-07-25T09:59:28Z,2026-07-25 11:59,100,10.0,40,4.0
2026-07-25T10:04:33Z,2026-07-25 12:04,100,10.0,40,4.0
2026-07-25T10:09:39Z,2026-07-25 12:09,100,10.0,40,4.0
2026-07-25T10:14:44Z,2026-07-25 12:14,100,10.0,40,4.0
2026-07-25T10:19:49Z,2026-07-25 12:19,100,10.0,40,4.0
2026-07-25T10:24:55Z,2026-07-25 12:24,100,10.0,40,4.0
2026-07-25T10:25:10Z,2026-07-25 12:25,100,10.0,40,4.0
2026-07-25T10:30:19Z,2026-07-25 12:30,100,10.0,40,4.0
2026-07-25T10:35:24Z,2026-07-25 12:35,100,10.0,40,4.0
2026-07-25T10:40:29Z,2026-07-25 12:40,100,10.0,40,4.0
2026-07-25T10:45:34Z,2026-07-25 12:45,100,10.0,40,4.0
2026-07-25T10:50:39Z,2026-07-25 12:50,100,10.0,40,4.0
2026-07-25T10:55:44Z,2026-07-25 12:55,100,10.0,40,4.0
2026-07-25T11:00:49Z,2026-07-25 13:00,100,10.0,40,4.0
2026-07-25T11:05:54Z,2026-07-25 13:05,100,10.0,40,4.0
2026-07-25T11:11:00Z,2026-07-25 13:11,100,10.0,40,4.0
2026-07-25T11:16:05Z,2026-07-25 13:16,100,10.0,40,4.0
2026-07-25T11:21:10Z,2026-07-25 13:21,100,10.0,40,4.0
2026-07-25T11:26:15Z,2026-07-25 13:26,100,10.0,40,4.0
2026-07-25T11:31:20Z,2026-07-25 13:31,100,10.0,40,4.0
2026-07-25T11:36:25Z,2026-07-25 13:36,100,10.0,40,4.0
2026-07-25T11:41:31Z,2026-07-25 13:41,100,10.0,40,4.0
2026-07-25T11:46:36Z,2026-07-25 13:46,100,10.0,40,4.0
2026-07-25T11:51:41Z,2026-07-25 13:51,100,10.0,40,4.0
2026-07-25T11:56:46Z,2026-07-25 13:56,100,10.0,40,4.0
2026-07-25T12:01:51Z,2026-07-25 14:01,100,10.0,40,4.0
2026-07-25T12:06:56Z,2026-07-25 14:06,90,9.0,40,4.0
2026-07-25T12:12:03Z,2026-07-25 14:12,90,9.0,40,4.0
2026-07-25T12:17:08Z,2026-07-25 14:17,90,9.0,40,4.0
2026-07-25T12:22:13Z,2026-07-25 14:22,90,9.0,40,4.0
2026-07-25T12:27:18Z,2026-07-25 14:27,90,9.0,40,4.0
2026-07-25T12:32:23Z,2026-07-25 14:32,90,9.0,40,4.0
2026-07-25T12:37:28Z,2026-07-25 14:37,80,8.0,40,4.0
2026-07-25T12:42:33Z,2026-07-25 14:42,80,8.0,40,4.0
2026-07-25T12:47:38Z,2026-07-25 14:47,80,8.0,40,4.0
2026-07-25T12:52:43Z,2026-07-25 14:52,80,8.0,40,4.0
2026-07-25T12:57:48Z,2026-07-25 14:57,80,8.0,40,4.0
2026-07-25T13:02:53Z,2026-07-25 15:02,80,8.0,40,4.0
2026-07-25T13:07:58Z,2026-07-25 15:07,80,8.0,40,4.0
2026-07-25T13:13:03Z,2026-07-25 15:13,70,7.0,40,4.0
2026-07-25T13:13:15Z,2026-07-25 15:13,70,7.0,40,4.0
2026-07-25T13:18:20Z,2026-07-25 15:18,70,7.0,40,4.0
2026-07-25T13:23:25Z,2026-07-25 15:23,70,7.0,40,4.0
2026-07-25T13:28:29Z,2026-07-25 15:28,60,6.0,40,4.0
2026-07-25T13:33:34Z,2026-07-25 15:33,50,5.0,40,4.0
2026-07-25T13:38:39Z,2026-07-25 15:38,50,5.0,40,4.0
2026-07-25T13:43:44Z,2026-07-25 15:43,50,5.0,40,4.0
2026-07-25T13:48:49Z,2026-07-25 15:48,50,5.0,40,4.0
2026-07-25T13:53:54Z,2026-07-25 15:53,50,5.0,40,4.0
2026-07-25T13:58:59Z,2026-07-25 15:58,50,5.0,0,
2026-07-25T14:04:04Z,2026-07-25 16:04,50,5.0,0,
2026-07-25T14:09:09Z,2026-07-25 16:09,40,4.0,0,
2026-07-25T14:14:13Z,2026-07-25 16:14,40,4.0,30,3.0
2026-07-25T14:19:20Z,2026-07-25 16:19,40,4.0,30,3.0
2026-07-25T14:24:26Z,2026-07-25 16:24,40,4.0,30,3.0
2026-07-25T14:29:30Z,2026-07-25 16:29,40,4.0,30,3.0
2026-07-25T14:34:35Z,2026-07-25 16:34,30,3.0,30,3.0
2026-07-25T14:39:40Z,2026-07-25 16:39,30,3.0,30,3.0
2026-07-25T14:44:45Z,2026-07-25 16:44,30,3.0,30,3.0
2026-07-25T14:49:50Z,2026-07-25 16:49,30,3.0,30,3.0
2026-07-25T14:54:55Z,2026-07-25 16:54,30,3.0,30,3.0
2026-07-25T15:00:00Z,2026-07-25 17:00,30,3.0,30,3.0
2026-07-25T15:05:07Z,2026-07-25 17:05,20,2.0,30,3.0
2026-07-25T15:10:22Z,2026-07-25 17:10,20,2.0,30,3.0
2026-07-25T15:15:28Z,2026-07-25 17:15,20,2.0,30,3.0
2026-07-25T15:20:33Z,2026-07-25 17:20,20,2.0,30,3.0
2026-07-25T15:25:40Z,2026-07-25 17:25,10,1.0,30,3.0
2026-07-25T15:30:45Z,2026-07-25 17:30,0,,30,3.0
2026-07-25T15:35:50Z,2026-07-25 17:35,0,,30,3.0
2026-07-25T15:40:55Z,2026-07-25 17:40,0,,30,3.0
2026-07-25T15:46:00Z,2026-07-25 17:46,0,,30,3.0
2026-07-25T15:51:05Z,2026-07-25 17:51,0,,30,3.0
2026-07-25T15:56:11Z,2026-07-25 17:56,0,,30,3.0
2026-07-25T16:01:16Z,2026-07-25 18:01,0,,30,3.0
2026-07-25T16:01:36Z,2026-07-25 18:01,0,,30,3.0
2026-07-25T16:06:41Z,2026-07-25 18:06,0,,30,3.0
2026-07-25T16:11:45Z,2026-07-25 18:11,0,,30,3.0
2026-07-25T16:16:50Z,2026-07-25 18:16,0,,30,3.0
2026-07-25T16:21:55Z,2026-07-25 18:21,0,,30,3.0
2026-07-25T16:27:00Z,2026-07-25 18:27,0,,30,3.0
2026-07-25T16:32:05Z,2026-07-25 18:32,0,,30,3.0
2026-07-25T16:37:10Z,2026-07-25 18:37,0,,30,3.0
2026-07-25T16:42:15Z,2026-07-25 18:42,0,,30,3.0
2026-07-25T16:47:19Z,2026-07-25 18:47,0,,30,3.0
2026-07-25T16:52:24Z,2026-07-25 18:52,0,,30,3.0
2026-07-25T16:57:29Z,2026-07-25 18:57,0,,30,3.0
2026-07-25T17:02:34Z,2026-07-25 19:02,0,,30,3.0
2026-07-25T17:07:41Z,2026-07-25 19:07,0,,30,3.0
2026-07-25T17:12:46Z,2026-07-25 19:12,0,,30,3.0
2026-07-25T17:17:50Z,2026-07-25 19:17,0,,30,3.0
2026-07-25T17:22:55Z,2026-07-25 19:22,0,,30,3.0
2026-07-25T17:28:00Z,2026-07-25 19:28,0,,30,3.0
2026-07-25T17:33:04Z,2026-07-25 19:33,0,,30,3.0
2026-07-25T17:38:09Z,2026-07-25 19:38,0,,30,3.0
2026-07-25T17:43:14Z,2026-07-25 19:43,0,,30,3.0
2026-07-25T17:48:18Z,2026-07-25 19:48,0,,30,3.0
2026-07-25T17:53:23Z,2026-07-25 19:53,0,,30,3.0
2026-07-25T17:58:28Z,2026-07-25 19:58,0,,30,3.0
2026-07-25T18:03:33Z,2026-07-25 20:03,0,,20,2.0
2026-07-25T18:08:38Z,2026-07-25 20:08,0,,20,2.0
2026-07-25T18:13:42Z,2026-07-25 20:13,0,,20,2.0
2026-07-25T18:18:47Z,2026-07-25 20:18,0,,20,2.0
2026-07-25T18:23:52Z,2026-07-25 20:23,0,,20,2.0
2026-07-25T18:28:57Z,2026-07-25 20:28,0,,20,2.0
2026-07-25T18:34:01Z,2026-07-25 20:34,0,,20,2.0
2026-07-25T18:39:06Z,2026-07-25 20:39,0,,20,2.0
2026-07-25T18:44:11Z,2026-07-25 20:44,0,,20,2.0
2026-07-25T18:49:16Z,2026-07-25 20:49,0,,20,2.0
2026-07-25T18:49:29Z,2026-07-25 20:49,0,,20,2.0
2026-07-25T18:54:33Z,2026-07-25 20:54,0,,20,2.0
2026-07-25T18:59:38Z,2026-07-25 20:59,0,,20,2.0
2026-07-25T19:04:43Z,2026-07-25 21:04,0,,20,2.0
2026-07-25T19:09:47Z,2026-07-25 21:09,0,,20,2.0
2026-07-25T19:14:52Z,2026-07-25 21:14,0,,20,2.0
2026-07-25T19:19:56Z,2026-07-25 21:19,0,,20,2.0
2026-07-25T19:25:01Z,2026-07-25 21:25,0,,10,1.0
2026-07-25T19:30:12Z,2026-07-25 21:30,0,,10,1.0
2026-07-25T19:35:17Z,2026-07-25 21:35,0,,10,1.0
2026-07-25T19:40:22Z,2026-07-25 21:40,0,,10,1.0
2026-07-25T19:45:26Z,2026-07-25 21:45,0,,10,1.0
2026-07-25T19:50:31Z,2026-07-25 21:50,0,,10,1.0
2026-07-25T19:55:36Z,2026-07-25 21:55,0,,10,1.0
2026-07-25T20:00:41Z,2026-07-25 22:00,0,,10,1.0
2026-07-25T20:05:45Z,2026-07-25 22:05,0,,10,1.0
2026-07-25T20:10:50Z,2026-07-25 22:10,0,,0,
2026-07-25T20:15:55Z,2026-07-25 22:15,0,,0,
2026-07-25T20:20:59Z,2026-07-25 22:20,0,,0,
2026-07-25T20:26:04Z,2026-07-25 22:26,0,,0,
2026-07-25T20:31:09Z,2026-07-25 22:31,0,,0,
2026-07-25T20:36:14Z,2026-07-25 22:36,0,,0,
2026-07-25T20:41:19Z,2026-07-25 22:41,0,,0,
2026-07-25T20:46:23Z,2026-07-25 22:46,0,,0,
2026-07-25T20:51:28Z,2026-07-25 22:51,0,,0,
2026-07-25T20:56:33Z,2026-07-25 22:56,0,,0,
2026-07-25T21:01:37Z,2026-07-25 23:01,0,,0,
2026-07-25T21:06:42Z,2026-07-25 23:06,0,,0,
2026-07-25T21:11:47Z,2026-07-25 23:11,0,,0,
2026-07-25T21:16:51Z,2026-07-25 23:16,0,,0,
2026-07-25T21:21:56Z,2026-07-25 23:21,0,,0,
2026-07-25T21:27:01Z,2026-07-25 23:27,0,,0,
2026-07-25T21:32:09Z,2026-07-25 23:32,0,,0,
2026-07-25T21:37:13Z,2026-07-25 23:37,0,,0,
2026-07-25T21:37:28Z,2026-07-25 23:37,0,,0,
2026-07-25T21:42:33Z,2026-07-25 23:42,0,,0,
2026-07-25T21:47:39Z,2026-07-25 23:47,0,,0,
2026-07-25T21:52:44Z,2026-07-25 23:52,0,,0,
2026-07-25T21:57:50Z,2026-07-25 23:57,0,,0,
2026-07-25T22:02:55Z,2026-07-26 00:02,0,,0,
2026-07-25T22:08:00Z,2026-07-26 00:08,0,,0,
2026-07-25T22:13:06Z,2026-07-26 00:13,0,,0,
2026-07-25T22:18:12Z,2026-07-26 00:18,0,,0,
2026-07-25T22:23:17Z,2026-07-26 00:23,0,,0,
2026-07-25T22:28:24Z,2026-07-26 00:28,0,,0,
2026-07-25T22:33:29Z,2026-07-26 00:33,0,,0,
2026-07-25T22:38:35Z,2026-07-26 00:38,0,,0,
2026-07-25T22:43:40Z,2026-07-26 00:43,0,,0,
2026-07-25T22:48:45Z,2026-07-26 00:48,0,,0,
2026-07-25T22:53:51Z,2026-07-26 00:53,0,,0,
2026-07-25T22:58:56Z,2026-07-26 00:58,0,,0,
2026-07-25T23:04:01Z,2026-07-26 01:04,0,,0,
2026-07-25T23:09:06Z,2026-07-26 01:09,0,,0,
2026-07-25T23:14:12Z,2026-07-26 01:14,0,,0,
2026-07-25T23:19:17Z,2026-07-26 01:19,0,,0,
2026-07-25T23:24:22Z,2026-07-26 01:24,0,,0,
2026-07-25T23:29:28Z,2026-07-26 01:29,0,,0,
2026-07-25T23:34:33Z,2026-07-26 01:34,0,,0,
2026-07-25T23:39:39Z,2026-07-26 01:39,0,,0,
2026-07-25T23:44:44Z,2026-07-26 01:44,0,,0,
2026-07-25T23:49:56Z,2026-07-26 01:49,0,,0,
2026-07-25T23:55:01Z,2026-07-26 01:55,0,,0,
2026-07-26T00:00:15Z,2026-07-26 02:00,0,,0,
2026-07-26T00:05:21Z,2026-07-26 02:05,0,,0,
2026-07-26T00:10:26Z,2026-07-26 02:10,0,,0,
2026-07-26T00:15:32Z,2026-07-26 02:15,0,,0,
2026-07-26T00:20:39Z,2026-07-26 02:20,0,,0,
2026-07-26T00:25:45Z,2026-07-26 02:25,0,,0,
2026-07-26T00:25:59Z,2026-07-26 02:25,0,,0,
2026-07-26T00:31:04Z,2026-07-26 02:31,0,,0,
2026-07-26T00:36:09Z,2026-07-26 02:36,0,,0,
2026-07-26T00:41:14Z,2026-07-26 02:41,0,,0,
2026-07-26T00:46:18Z,2026-07-26 02:46,0,,0,
2026-07-26T00:51:24Z,2026-07-26 02:51,0,,0,
2026-07-26T00:56:29Z,2026-07-26 02:56,0,,0,
2026-07-26T01:01:34Z,2026-07-26 03:01,0,,0,
2026-07-26T01:06:38Z,2026-07-26 03:06,0,,0,
2026-07-26T01:11:43Z,2026-07-26 03:11,0,,0,
2026-07-26T01:16:48Z,2026-07-26 03:16,0,,0,
2026-07-26T01:21:52Z,2026-07-26 03:21,0,,0,
2026-07-26T01:26:57Z,2026-07-26 03:26,0,,0,
2026-07-26T01:32:02Z,2026-07-26 03:32,0,,0,
2026-07-26T01:37:06Z,2026-07-26 03:37,0,,0,
2026-07-26T01:42:11Z,2026-07-26 03:42,0,,0,
2026-07-26T01:47:16Z,2026-07-26 03:47,0,,0,
2026-07-26T01:52:21Z,2026-07-26 03:52,0,,0,
2026-07-26T01:57:26Z,2026-07-26 03:57,0,,0,
2026-07-26T02:02:31Z,2026-07-26 04:02,0,,0,
2026-07-26T02:07:35Z,2026-07-26 04:07,0,,0,
2026-07-26T02:12:40Z,2026-07-26 04:12,0,,0,
2026-07-26T02:17:45Z,2026-07-26 04:17,0,,0,
2026-07-26T02:22:49Z,2026-07-26 04:22,0,,0,
2026-07-26T02:27:54Z,2026-07-26 04:27,0,,0,
2026-07-26T02:32:59Z,2026-07-26 04:32,0,,0,
2026-07-26T02:38:05Z,2026-07-26 04:38,0,,0,
2026-07-26T02:43:09Z,2026-07-26 04:43,0,,0,
2026-07-26T02:48:14Z,2026-07-26 04:48,0,,0,
2026-07-26T02:53:19Z,2026-07-26 04:53,0,,0,
2026-07-26T02:58:23Z,2026-07-26 04:58,0,,0,
2026-07-26T03:03:28Z,2026-07-26 05:03,0,,0,
2026-07-26T03:08:33Z,2026-07-26 05:08,0,,0,
2026-07-26T03:13:37Z,2026-07-26 05:13,0,,0,
2026-07-26T06:12:51Z,2026-07-26 08:12,10,1.0,0,
2026-07-26T06:17:56Z,2026-07-26 08:17,10,1.0,0,
2026-07-26T06:23:02Z,2026-07-26 08:23,20,2.0,0,
2026-07-26T06:28:08Z,2026-07-26 08:28,20,2.0,0,
2026-07-26T06:33:13Z,2026-07-26 08:33,20,2.0,0,
2026-07-26T06:38:19Z,2026-07-26 08:38,20,2.0,0,
2026-07-26T06:43:25Z,2026-07-26 08:43,20,2.0,0,
2026-07-26T06:48:30Z,2026-07-26 08:48,20,2.0,0,
2026-07-26T06:53:36Z,2026-07-26 08:53,20,2.0,0,
2026-07-26T06:58:41Z,2026-07-26 08:58,20,2.0,0,
2026-07-26T07:03:46Z,2026-07-26 09:03,20,2.0,0,
2026-07-26T07:08:52Z,2026-07-26 09:08,20,2.0,0,
2026-07-26T07:13:57Z,2026-07-26 09:13,20,2.0,10,1.0
2026-07-26T07:19:05Z,2026-07-26 09:19,20,2.0,10,1.0
2026-07-26T07:24:11Z,2026-07-26 09:24,20,2.0,10,1.0
2026-07-26T07:29:17Z,2026-07-26 09:29,30,3.0,10,1.0
2026-07-26T07:34:22Z,2026-07-26 09:34,30,3.0,20,2.0
2026-07-26T07:39:28Z,2026-07-26 09:39,30,3.0,20,2.0
2026-07-26T07:44:33Z,2026-07-26 09:44,30,3.0,20,2.0
2026-07-26T07:49:39Z,2026-07-26 09:49,40,4.0,20,2.0
2026-07-26T07:54:44Z,2026-07-26 09:54,40,4.0,20,2.0
2026-07-26T07:59:50Z,2026-07-26 09:59,40,4.0,20,2.0
2026-07-26T08:04:55Z,2026-07-26 10:04,40,4.0,20,2.0
2026-07-26T08:10:01Z,2026-07-26 10:10,40,4.0,30,3.0
2026-07-26T08:15:09Z,2026-07-26 10:15,40,4.0,30,3.0
2026-07-26T08:20:15Z,2026-07-26 10:20,50,5.0,30,3.0
2026-07-26T08:25:20Z,2026-07-26 10:25,50,5.0,30,3.0
2026-07-26T08:30:31Z,2026-07-26 10:30,60,6.0,30,3.0
2026-07-26T08:35:37Z,2026-07-26 10:35,60,6.0,30,3.0
2026-07-26T08:40:43Z,2026-07-26 10:40,60,6.0,30,3.0
2026-07-26T08:45:48Z,2026-07-26 10:45,60,6.0,30,3.0
2026-07-26T08:50:54Z,2026-07-26 10:50,60,6.0,30,3.0
2026-07-26T08:55:59Z,2026-07-26 10:55,60,6.0,30,3.0
2026-07-26T09:01:05Z,2026-07-26 11:01,60,6.0,30,3.0
2026-07-26T09:01:19Z,2026-07-26 11:01,60,6.0,30,3.0
2026-07-26T09:06:25Z,2026-07-26 11:06,60,6.0,30,3.0
2026-07-26T09:11:30Z,2026-07-26 11:11,60,6.0,30,3.0
2026-07-26T09:16:37Z,2026-07-26 11:16,60,6.0,30,3.0
2026-07-26T09:21:42Z,2026-07-26 11:21,60,6.0,30,3.0
2026-07-26T09:26:48Z,2026-07-26 11:26,60,6.0,40,4.0
2026-07-26T09:31:54Z,2026-07-26 11:31,60,6.0,40,4.0
2026-07-26T09:36:59Z,2026-07-26 11:36,60,6.0,40,4.0
2026-07-26T09:42:08Z,2026-07-26 11:42,70,7.0,40,4.0
2026-07-26T09:47:14Z,2026-07-26 11:47,80,8.0,40,4.0
2026-07-26T09:52:19Z,2026-07-26 11:52,80,8.0,40,4.0
2026-07-26T09:57:25Z,2026-07-26 11:57,80,8.0,40,4.0
2026-07-26T10:02:30Z,2026-07-26 12:02,80,8.0,40,4.0
2026-07-26T10:07:35Z,2026-07-26 12:07,80,8.0,40,4.0
2026-07-26T10:12:41Z,2026-07-26 12:12,80,8.0,40,4.0
2026-07-26T10:17:47Z,2026-07-26 12:17,80,8.0,40,4.0
2026-07-26T10:22:52Z,2026-07-26 12:22,80,8.0,40,4.0
2026-07-26T10:27:57Z,2026-07-26 12:27,80,8.0,40,4.0
2026-07-26T10:33:03Z,2026-07-26 12:33,80,8.0,40,4.0
2026-07-26T10:38:08Z,2026-07-26 12:38,80,8.0,40,4.0
2026-07-26T10:43:14Z,2026-07-26 12:43,70,7.0,40,4.0
2026-07-26T10:48:20Z,2026-07-26 12:48,70,7.0,40,4.0
2026-07-26T10:53:25Z,2026-07-26 12:53,70,7.0,40,4.0
2026-07-26T10:58:31Z,2026-07-26 12:58,70,7.0,40,4.0
2026-07-26T11:03:36Z,2026-07-26 13:03,70,7.0,40,4.0
2026-07-26T11:08:41Z,2026-07-26 13:08,70,7.0,40,4.0
2026-07-26T11:13:47Z,2026-07-26 13:13,70,7.0,40,4.0
2026-07-26T11:18:52Z,2026-07-26 13:18,70,7.0,40,4.0
2026-07-26T11:23:58Z,2026-07-26 13:23,70,7.0,40,4.0
2026-07-26T11:29:04Z,2026-07-26 13:29,70,7.0,40,4.0
2026-07-26T11:34:10Z,2026-07-26 13:34,70,7.0,40,4.0
2026-07-26T11:39:16Z,2026-07-26 13:39,70,7.0,40,4.0
2026-07-26T11:44:21Z,2026-07-26 13:44,70,7.0,40,4.0
2026-07-26T11:49:26Z,2026-07-26 13:49,70,7.0,40,4.0
2026-07-26T11:49:42Z,2026-07-26 13:49,70,7.0,40,4.0
2026-07-26T11:54:47Z,2026-07-26 13:54,70,7.0,40,4.0
2026-07-26T11:59:53Z,2026-07-26 13:59,70,7.0,40,4.0
2026-07-26T12:04:59Z,2026-07-26 14:04,70,7.0,40,4.0
2026-07-26T12:10:04Z,2026-07-26 14:10,60,6.0,40,4.0
2026-07-26T12:15:10Z,2026-07-26 14:15,60,6.0,40,4.0
2026-07-26T12:20:16Z,2026-07-26 14:20,60,6.0,40,4.0
2026-07-26T12:25:21Z,2026-07-26 14:25,60,6.0,40,4.0
2026-07-26T12:30:27Z,2026-07-26 14:30,60,6.0,40,4.0
2026-07-26T12:35:32Z,2026-07-26 14:35,60,6.0,40,4.0
2026-07-26T12:40:37Z,2026-07-26 14:40,60,6.0,40,4.0
2026-07-26T12:45:43Z,2026-07-26 14:45,60,6.0,40,4.0
2026-07-26T12:50:48Z,2026-07-26 14:50,60,6.0,40,4.0
2026-07-26T12:55:54Z,2026-07-26 14:55,60,6.0,40,4.0
2026-07-26T13:01:00Z,2026-07-26 15:01,60,6.0,40,4.0
2026-07-26T13:06:06Z,2026-07-26 15:06,60,6.0,40,4.0
2026-07-26T13:11:12Z,2026-07-26 15:11,60,6.0,40,4.0
2026-07-26T13:16:17Z,2026-07-26 15:16,60,6.0,40,4.0
2026-07-26T13:21:23Z,2026-07-26 15:21,60,6.0,40,4.0
2026-07-26T13:26:28Z,2026-07-26 15:26,60,6.0,40,4.0
2026-07-26T13:31:34Z,2026-07-26 15:31,60,6.0,40,4.0
2026-07-26T13:36:40Z,2026-07-26 15:36,50,5.0,40,4.0
2026-07-26T13:41:48Z,2026-07-26 15:41,50,5.0,40,4.0
2026-07-26T13:46:53Z,2026-07-26 15:46,50,5.0,40,4.0
2026-07-26T13:52:00Z,2026-07-26 15:52,50,5.0,40,4.0
2026-07-26T13:57:05Z,2026-07-26 15:57,50,5.0,40,4.0
2026-07-26T14:02:11Z,2026-07-26 16:02,50,5.0,40,4.0
2026-07-26T14:07:17Z,2026-07-26 16:07,50,5.0,40,4.0
2026-07-26T14:12:23Z,2026-07-26 16:12,50,5.0,40,4.0
2026-07-26T14:17:28Z,2026-07-26 16:17,50,5.0,40,4.0
2026-07-26T14:22:34Z,2026-07-26 16:22,50,5.0,40,4.0
2026-07-26T14:27:39Z,2026-07-26 16:27,50,5.0,40,4.0
2026-07-26T14:32:45Z,2026-07-26 16:32,50,5.0,40,4.0
2026-07-26T14:37:51Z,2026-07-26 16:37,50,5.0,40,4.0
2026-07-26T14:38:05Z,2026-07-26 16:38,50,5.0,40,4.0
2026-07-26T14:43:11Z,2026-07-26 16:43,40,4.0,30,3.0
2026-07-26T14:48:16Z,2026-07-26 16:48,40,4.0,30,3.0
2026-07-26T14:53:21Z,2026-07-26 16:53,40,4.0,30,3.0
2026-07-26T14:58:26Z,2026-07-26 16:58,40,4.0,30,3.0
2026-07-26T15:03:31Z,2026-07-26 17:03,40,4.0,30,3.0
2026-07-26T15:08:36Z,2026-07-26 17:08,30,3.0,30,3.0
2026-07-26T15:13:43Z,2026-07-26 17:13,30,3.0,30,3.0
2026-07-26T15:18:49Z,2026-07-26 17:18,30,3.0,30,3.0
2026-07-26T15:23:54Z,2026-07-26 17:23,30,3.0,30,3.0
2026-07-26T15:28:59Z,2026-07-26 17:28,30,3.0,30,3.0
2026-07-26T15:34:05Z,2026-07-26 17:34,30,3.0,30,3.0
2026-07-26T15:39:10Z,2026-07-26 17:39,30,3.0,30,3.0
2026-07-26T15:44:17Z,2026-07-26 17:44,20,2.0,30,3.0
2026-07-26T15:49:22Z,2026-07-26 17:49,20,2.0,30,3.0
2026-07-26T15:54:27Z,2026-07-26 17:54,20,2.0,30,3.0
2026-07-26T15:59:32Z,2026-07-26 17:59,10,1.0,30,3.0
2026-07-26T16:04:37Z,2026-07-26 18:04,10,1.0,30,3.0
2026-07-26T16:09:43Z,2026-07-26 18:09,10,1.0,30,3.0
2026-07-26T16:14:49Z,2026-07-26 18:14,10,1.0,30,3.0
2026-07-26T16:19:54Z,2026-07-26 18:19,10,1.0,30,3.0
2026-07-26T16:24:59Z,2026-07-26 18:24,0,,30,3.0
2026-07-26T16:30:07Z,2026-07-26 18:30,0,,30,3.0
2026-07-26T16:35:12Z,2026-07-26 18:35,0,,30,3.0
2026-07-26T16:40:18Z,2026-07-26 18:40,0,,30,3.0
2026-07-26T16:45:23Z,2026-07-26 18:45,0,,30,3.0
2026-07-26T16:50:29Z,2026-07-26 18:50,0,,30,3.0
2026-07-26T16:55:34Z,2026-07-26 18:55,0,,30,3.0
2026-07-26T17:00:39Z,2026-07-26 19:00,0,,30,3.0
2026-07-26T17:05:44Z,2026-07-26 19:05,0,,30,3.0
2026-07-26T17:10:49Z,2026-07-26 19:10,0,,30,3.0
2026-07-26T17:15:54Z,2026-07-26 19:15,0,,20,2.0
2026-07-26T17:20:59Z,2026-07-26 19:20,0,,20,2.0
2026-07-26T17:26:04Z,2026-07-26 19:26,0,,20,2.0
2026-07-26T17:27:23Z,2026-07-26 19:27,0,,20,2.0
2026-07-26T17:32:28Z,2026-07-26 19:32,0,,20,2.0
2026-07-26T17:37:33Z,2026-07-26 19:37,0,,20,2.0
2026-07-26T17:42:38Z,2026-07-26 19:42,0,,20,2.0
2026-07-26T17:47:43Z,2026-07-26 19:47,0,,20,2.0
2026-07-26T17:52:47Z,2026-07-26 19:52,0,,10,1.0
2026-07-26T17:57:52Z,2026-07-26 19:57,0,,10,1.0
2026-07-26T18:02:57Z,2026-07-26 20:02,0,,10,1.0
2026-07-26T18:08:02Z,2026-07-26 20:08,0,,10,1.0
2026-07-26T18:13:07Z,2026-07-26 20:13,0,,10,1.0
2026-07-26T18:18:12Z,2026-07-26 20:18,0,,10,1.0
2026-07-26T18:23:17Z,2026-07-26 20:23,0,,10,1.0
2026-07-26T18:28:27Z,2026-07-26 20:28,0,,10,1.0
2026-07-26T18:33:32Z,2026-07-26 20:33,0,,10,1.0
2026-07-26T18:38:37Z,2026-07-26 20:38,0,,10,1.0
2026-07-26T18:43:42Z,2026-07-26 20:43,0,,10,1.0
2026-07-26T18:48:48Z,2026-07-26 20:48,0,,10,1.0
2026-07-26T18:53:53Z,2026-07-26 20:53,0,,10,1.0
2026-07-26T18:58:57Z,2026-07-26 20:58,0,,10,1.0
2026-07-26T19:04:02Z,2026-07-26 21:04,0,,10,1.0
2026-07-26T19:09:07Z,2026-07-26 21:09,0,,10,1.0
2026-07-26T19:14:12Z,2026-07-26 21:14,0,,10,1.0
2026-07-26T19:19:18Z,2026-07-26 21:19,0,,10,1.0
2026-07-26T19:24:22Z,2026-07-26 21:24,0,,10,1.0
2026-07-26T19:29:27Z,2026-07-26 21:29,0,,10,1.0
2026-07-26T19:34:32Z,2026-07-26 21:34,0,,10,1.0
2026-07-26T19:39:37Z,2026-07-26 21:39,0,,10,1.0
2026-07-26T19:44:42Z,2026-07-26 21:44,0,,10,1.0
2026-07-26T19:49:47Z,2026-07-26 21:49,0,,10,1.0
2026-07-26T19:54:52Z,2026-07-26 21:54,0,,10,1.0
2026-07-26T19:59:56Z,2026-07-26 21:59,0,,10,1.0
2026-07-26T20:05:01Z,2026-07-26 22:05,0,,10,1.0
2026-07-26T20:10:11Z,2026-07-26 22:10,0,,10,1.0
2026-07-26T20:15:16Z,2026-07-26 22:15,0,,0,
2026-07-26T20:15:26Z,2026-07-26 22:15,0,,0,
2026-07-26T20:20:30Z,2026-07-26 22:20,0,,0,
2026-07-26T20:25:34Z,2026-07-26 22:25,0,,0,
2026-07-26T20:30:39Z,2026-07-26 22:30,0,,0,
2026-07-26T20:35:43Z,2026-07-26 22:35,0,,0,
2026-07-26T20:40:49Z,2026-07-26 22:40,0,,0,
2026-07-26T20:45:54Z,2026-07-26 22:45,0,,0,
2026-07-26T20:50:58Z,2026-07-26 22:50,0,,0,
2026-07-26T20:56:03Z,2026-07-26 22:56,0,,0,
2026-07-26T21:01:08Z,2026-07-26 23:01,0,,0,
2026-07-26T21:06:12Z,2026-07-26 23:06,0,,0,
2026-07-26T21:11:17Z,2026-07-26 23:11,0,,0,
2026-07-26T21:16:21Z,2026-07-26 23:16,0,,0,
2026-07-26T21:21:26Z,2026-07-26 23:21,0,,0,
2026-07-26T21:26:30Z,2026-07-26 23:26,0,,0,
2026-07-26T21:31:35Z,2026-07-26 23:31,0,,0,
2026-07-26T21:36:39Z,2026-07-26 23:36,0,,0,
2026-07-26T21:41:44Z,2026-07-26 23:41,0,,0,
2026-07-26T21:46:48Z,2026-07-26 23:46,0,,0,
2026-07-26T21:51:53Z,2026-07-26 23:51,0,,0,
2026-07-26T21:56:57Z,2026-07-26 23:56,0,,0,
2026-07-26T22:02:01Z,2026-07-27 00:02,0,,0,
2026-07-26T22:07:06Z,2026-07-27 00:07,0,,0,
2026-07-26T22:12:10Z,2026-07-27 00:12,0,,0,
2026-07-26T22:17:19Z,2026-07-27 00:17,0,,0,
2026-07-26T22:22:23Z,2026-07-27 00:22,0,,0,
2026-07-26T22:27:27Z,2026-07-27 00:27,0,,0,
2026-07-26T22:32:31Z,2026-07-27 00:32,0,,0,
2026-07-26T22:37:36Z,2026-07-27 00:37,0,,0,
2026-07-26T22:42:40Z,2026-07-27 00:42,0,,0,
2026-07-26T22:47:44Z,2026-07-27 00:47,0,,0,
2026-07-26T22:52:49Z,2026-07-27 00:52,0,,0,
2026-07-26T22:57:53Z,2026-07-27 00:57,0,,0,
2026-07-26T23:02:57Z,2026-07-27 01:02,0,,0,
2026-07-26T23:03:08Z,2026-07-27 01:03,0,,0,
2026-07-26T23:08:14Z,2026-07-27 01:08,0,,0,
2026-07-26T23:13:19Z,2026-07-27 01:13,0,,0,
2026-07-26T23:18:26Z,2026-07-27 01:18,0,,0,
2026-07-26T23:23:31Z,2026-07-27 01:23,0,,0,
2026-07-26T23:28:36Z,2026-07-27 01:28,0,,0,
2026-07-26T23:33:43Z,2026-07-27 01:33,0,,0,
2026-07-26T23:38:48Z,2026-07-27 01:38,0,,0,
2026-07-26T23:43:54Z,2026-07-27 01:43,0,,0,
2026-07-26T23:48:59Z,2026-07-27 01:48,0,,0,
2026-07-26T23:54:05Z,2026-07-27 01:54,0,,0,
2026-07-26T23:59:11Z,2026-07-27 01:59,0,,0,
2026-07-27T00:04:17Z,2026-07-27 02:04,0,,0,
2026-07-27T00:09:23Z,2026-07-27 02:09,0,,0,
2026-07-27T00:14:29Z,2026-07-27 02:14,0,,0,
2026-07-27T00:19:38Z,2026-07-27 02:19,0,,0,
2026-07-27T00:24:44Z,2026-07-27 02:24,0,,0,
2026-07-27T00:29:49Z,2026-07-27 02:29,0,,0,
2026-07-27T00:34:55Z,2026-07-27 02:34,0,,0,
2026-07-27T00:40:01Z,2026-07-27 02:40,0,,0,
2026-07-27T00:45:10Z,2026-07-27 02:45,0,,0,
2026-07-27T00:50:17Z,2026-07-27 02:50,0,,0,
2026-07-27T00:55:22Z,2026-07-27 02:55,0,,0,
2026-07-27T01:00:28Z,2026-07-27 03:00,0,,0,
2026-07-27T01:05:33Z,2026-07-27 03:05,0,,0,
2026-07-27T01:10:39Z,2026-07-27 03:10,0,,0,
2026-07-27T01:15:44Z,2026-07-27 03:15,0,,0,
2026-07-27T01:20:49Z,2026-07-27 03:20,0,,0,
2026-07-27T01:25:55Z,2026-07-27 03:25,0,,0,
2026-07-27T01:31:00Z,2026-07-27 03:31,0,,0,
2026-07-27T01:36:05Z,2026-07-27 03:36,0,,0,
2026-07-27T01:41:11Z,2026-07-27 03:41,0,,0,
2026-07-27T01:46:16Z,2026-07-27 03:46,0,,0,
2026-07-27T01:51:22Z,2026-07-27 03:51,0,,0,
2026-07-27T01:51:35Z,2026-07-27 03:51,0,,0,
2026-07-27T01:56:40Z,2026-07-27 03:56,0,,0,
2026-07-27T02:01:45Z,2026-07-27 04:01,0,,0,
2026-07-27T02:06:50Z,2026-07-27 04:06,0,,0,
2026-07-27T02:11:55Z,2026-07-27 04:11,0,,0,
2026-07-27T02:17:00Z,2026-07-27 04:17,0,,0,
2026-07-27T02:22:06Z,2026-07-27 04:22,0,,0,
2026-07-27T02:27:11Z,2026-07-27 04:27,0,,0,
2026-07-27T02:32:16Z,2026-07-27 04:32,0,,0,
2026-07-27T02:37:21Z,2026-07-27 04:37,0,,0,
2026-07-27T02:42:26Z,2026-07-27 04:42,0,,0,
2026-07-27T02:47:31Z,2026-07-27 04:47,0,,0,
2026-07-27T02:52:36Z,2026-07-27 04:52,0,,0,
2026-07-27T02:57:41Z,2026-07-27 04:57,0,,0,
2026-07-27T03:02:46Z,2026-07-27 05:02,0,,0,
2026-07-27T03:07:51Z,2026-07-27 05:07,0,,0,
2026-07-27T03:12:56Z,2026-07-27 05:12,0,,0,
2026-07-27T03:18:01Z,2026-07-27 05:18,0,,0,
2026-07-27T03:23:07Z,2026-07-27 05:23,0,,0,
2026-07-27T03:28:13Z,2026-07-27 05:28,0,,0,
2026-07-27T03:33:18Z,2026-07-27 05:33,0,,0,
2026-07-27T03:38:23Z,2026-07-27 05:38,0,,0,
2026-07-27T03:43:28Z,2026-07-27 05:43,0,,0,
2026-07-27T03:48:33Z,2026-07-27 05:48,0,,0,
2026-07-27T03:53:38Z,2026-07-27 05:53,0,,0,
2026-07-27T03:58:42Z,2026-07-27 05:58,0,,0,
2026-07-27T04:03:47Z,2026-07-27 06:03,0,,0,
2026-07-27T04:08:52Z,2026-07-27 06:08,0,,0,
2026-07-27T04:13:57Z,2026-07-27 06:13,0,,0,
2026-07-27T04:19:02Z,2026-07-27 06:19,0,,0,
2026-07-27T04:24:07Z,2026-07-27 06:24,0,,0,
2026-07-27T04:29:12Z,2026-07-27 06:29,0,,0,
2026-07-27T04:34:17Z,2026-07-27 06:34,0,,0,
2026-07-27T04:39:22Z,2026-07-27 06:39,0,,0,
2026-07-27T04:39:33Z,2026-07-27 06:39,0,,0,
2026-07-27T04:44:38Z,2026-07-27 06:44,0,,0,
2026-07-27T04:49:42Z,2026-07-27 06:49,0,,0,
2026-07-27T04:54:46Z,2026-07-27 06:54,10,1.0,0,
2026-07-27T04:59:51Z,2026-07-27 06:59,10,1.0,0,
2026-07-27T05:04:55Z,2026-07-27 07:04,20,2.0,0,
2026-07-27T05:10:00Z,2026-07-27 07:10,20,2.0,0,
2026-07-27T05:15:15Z,2026-07-27 07:15,20,2.0,0,
2026-07-27T05:20:20Z,2026-07-27 07:20,20,2.0,0,
2026-07-27T05:25:24Z,2026-07-27 07:25,20,2.0,0,
2026-07-27T05:30:29Z,2026-07-27 07:30,20,2.0,0,
2026-07-27T05:35:33Z,2026-07-27 07:35,20,2.0,0,
2026-07-27T05:40:38Z,2026-07-27 07:40,20,2.0,0,
2026-07-27T05:45:43Z,2026-07-27 07:45,20,2.0,0,
2026-07-27T05:50:47Z,2026-07-27 07:50,20,2.0,0,
2026-07-27T05:55:52Z,2026-07-27 07:55,20,2.0,0,
2026-07-27T06:00:56Z,2026-07-27 08:00,20,2.0,0,
2026-07-27T06:06:01Z,2026-07-27 08:06,20,2.0,0,
2026-07-27T06:11:06Z,2026-07-27 08:11,20,2.0,0,
2026-07-27T06:16:11Z,2026-07-27 08:16,30,3.0,0,
2026-07-27T06:21:15Z,2026-07-27 08:21,30,3.0,0,
2026-07-27T06:26:20Z,2026-07-27 08:26,30,3.0,0,
2026-07-27T06:31:24Z,2026-07-27 08:31,30,3.0,0,
2026-07-27T06:36:29Z,2026-07-27 08:36,30,3.0,0,
2026-07-27T06:41:33Z,2026-07-27 08:41,40,4.0,0,
2026-07-27T06:46:38Z,2026-07-27 08:46,40,4.0,0,
2026-07-27T06:51:43Z,2026-07-27 08:51,40,4.0,0,
2026-07-27T06:56:47Z,2026-07-27 08:56,40,4.0,0,
2026-07-27T07:01:52Z,2026-07-27 09:01,40,4.0,0,
2026-07-27T07:06:57Z,2026-07-27 09:06,50,5.0,0,
2026-07-27T07:12:02Z,2026-07-27 09:12,50,5.0,0,
2026-07-27T07:17:06Z,2026-07-27 09:17,50,5.0,0,
2026-07-27T07:22:11Z,2026-07-27 09:22,50,5.0,0,
2026-07-27T07:27:16Z,2026-07-27 09:27,50,5.0,0,
2026-07-27T07:27:29Z,2026-07-27 09:27,50,5.0,0,
2026-07-27T07:32:34Z,2026-07-27 09:32,50,5.0,0,
2026-07-27T07:37:39Z,2026-07-27 09:37,50,5.0,0,
2026-07-27T07:42:44Z,2026-07-27 09:42,50,5.0,0,
2026-07-27T07:47:50Z,2026-07-27 09:47,50,5.0,0,
2026-07-27T07:52:55Z,2026-07-27 09:52,60,6.0,0,
2026-07-27T07:58:01Z,2026-07-27 09:58,60,6.0,10,1.0
2026-07-27T08:03:07Z,2026-07-27 10:03,70,7.0,10,1.0
2026-07-27T08:08:12Z,2026-07-27 10:08,80,8.0,10,1.0
2026-07-27T08:13:19Z,2026-07-27 10:13,80,8.0,10,1.0
2026-07-27T08:18:24Z,2026-07-27 10:18,80,8.0,10,1.0
2026-07-27T08:23:30Z,2026-07-27 10:23,80,8.0,10,1.0
2026-07-27T08:28:35Z,2026-07-27 10:28,80,8.0,20,2.0
2026-07-27T08:33:41Z,2026-07-27 10:33,80,8.0,20,2.0
2026-07-27T08:38:48Z,2026-07-27 10:38,80,8.0,20,2.0
2026-07-27T08:43:53Z,2026-07-27 10:43,80,8.0,20,2.0
2026-07-27T08:48:59Z,2026-07-27 10:48,80,8.0,20,2.0
2026-07-27T08:54:04Z,2026-07-27 10:54,90,9.0,30,3.0
2026-07-27T08:59:10Z,2026-07-27 10:59,90,9.0,30,3.0
2026-07-27T09:04:15Z,2026-07-27 11:04,90,9.0,30,3.0
2026-07-27T09:09:21Z,2026-07-27 11:09,90,9.0,30,3.0
2026-07-27T09:14:27Z,2026-07-27 11:14,90,9.0,40,4.0
2026-07-27T09:19:32Z,2026-07-27 11:19,100,10.0,40,4.0
2026-07-27T09:24:38Z,2026-07-27 11:24,100,10.0,40,4.0
2026-07-27T09:29:43Z,2026-07-27 11:29,100,10.0,40,4.0
2026-07-27T09:34:48Z,2026-07-27 11:34,100,10.0,40,4.0
2026-07-27T09:39:54Z,2026-07-27 11:39,100,10.0,40,4.0
2026-07-27T09:44:59Z,2026-07-27 11:44,100,10.0,40,4.0
2026-07-27T09:50:06Z,2026-07-27 11:50,100,10.0,40,4.0
2026-07-27T09:55:12Z,2026-07-27 11:55,100,10.0,40,4.0
2026-07-27T10:00:18Z,2026-07-27 12:00,100,10.0,50,5.0
2026-07-27T10:05:23Z,2026-07-27 12:05,100,10.0,50,5.0
2026-07-27T10:10:28Z,2026-07-27 12:10,110,11.0,50,5.0
2026-07-27T10:15:34Z,2026-07-27 12:15,120,12.0,50,5.0
2026-07-27T10:15:50Z,2026-07-27 12:15,120,12.0,50,5.0
2026-07-27T10:20:55Z,2026-07-27 12:20,120,12.0,50,5.0
2026-07-27T10:26:01Z,2026-07-27 12:26,120,12.0,50,5.0
2026-07-27T10:31:07Z,2026-07-27 12:31,120,12.0,50,5.0
2026-07-27T10:36:13Z,2026-07-27 12:36,120,12.0,50,5.0
2026-07-27T10:41:19Z,2026-07-27 12:41,120,12.0,50,5.0
2026-07-27T10:46:25Z,2026-07-27 12:46,120,12.0,50,5.0
2026-07-27T10:51:30Z,2026-07-27 12:51,120,12.0,50,5.0
2026-07-27T10:56:36Z,2026-07-27 12:56,120,12.0,50,5.0
2026-07-27T11:01:41Z,2026-07-27 13:01,120,12.0,50,5.0
2026-07-27T11:06:47Z,2026-07-27 13:06,120,12.0,50,5.0
2026-07-27T11:11:53Z,2026-07-27 13:11,120,12.0,50,5.0
2026-07-27T11:16:59Z,2026-07-27 13:16,120,12.0,50,5.0
2026-07-27T11:22:04Z,2026-07-27 13:22,120,12.0,50,5.0
2026-07-27T11:27:10Z,2026-07-27 13:27,120,12.0,50,5.0
2026-07-27T11:32:16Z,2026-07-27 13:32,120,12.0,50,5.0
2026-07-27T11:37:22Z,2026-07-27 13:37,120,12.0,50,5.0
2026-07-27T11:42:27Z,2026-07-27 13:42,120,12.0,50,5.0
2026-07-27T11:47:33Z,2026-07-27 13:47,120,12.0,50,5.0
2026-07-27T11:52:39Z,2026-07-27 13:52,120,12.0,50,5.0
2026-07-27T11:57:44Z,2026-07-27 13:57,120,12.0,50,5.0
2026-07-27T12:02:50Z,2026-07-27 14:02,120,12.0,50,5.0
2026-07-27T12:07:56Z,2026-07-27 14:07,120,12.0,50,5.0
2026-07-27T12:13:02Z,2026-07-27 14:13,120,12.0,50,5.0
2026-07-27T12:18:08Z,2026-07-27 14:18,120,12.0,50,5.0
2026-07-27T12:23:14Z,2026-07-27 14:23,120,12.0,50,5.0
2026-07-27T12:28:19Z,2026-07-27 14:28,120,12.0,50,5.0
2026-07-27T12:33:25Z,2026-07-27 14:33,120,12.0,50,5.0
2026-07-27T12:38:31Z,2026-07-27 14:38,120,12.0,50,5.0
2026-07-27T12:43:37Z,2026-07-27 14:43,120,12.0,50,5.0
2026-07-27T12:48:43Z,2026-07-27 14:48,120,12.0,50,5.0
2026-07-27T12:53:48Z,2026-07-27 14:53,120,12.0,50,5.0
2026-07-27T12:58:54Z,2026-07-27 14:58,120,12.0,50,5.0
2026-07-27T13:04:00Z,2026-07-27 15:04,120,12.0,50,5.0
2026-07-27T13:24:16Z,2026-07-27 15:24,110,11.0,40,4.0
2026-07-27T13:29:22Z,2026-07-27 15:29,110,11.0,40,4.0
2026-07-27T13:34:27Z,2026-07-27 15:34,110,11.0,40,4.0
2026-07-27T13:39:33Z,2026-07-27 15:39,110,11.0,50,5.0
2026-07-27T13:44:38Z,2026-07-27 15:44,100,10.0,50,5.0
2026-07-27T13:49:43Z,2026-07-27 15:49,100,10.0,50,5.0
2026-07-27T13:54:49Z,2026-07-27 15:54,90,9.0,50,5.0
2026-07-27T13:59:54Z,2026-07-27 15:59,90,9.0,50,5.0
2026-07-27T14:04:59Z,2026-07-27 16:04,90,9.0,50,5.0
2026-07-27T14:10:08Z,2026-07-27 16:10,80,8.0,50,5.0
2026-07-27T14:15:13Z,2026-07-27 16:15,80,8.0,50,5.0
2026-07-27T14:20:19Z,2026-07-27 16:20,80,8.0,50,5.0
2026-07-27T14:25:24Z,2026-07-27 16:25,80,8.0,50,5.0
2026-07-27T14:30:30Z,2026-07-27 16:30,80,8.0,50,5.0
2026-07-27T14:35:35Z,2026-07-27 16:35,80,8.0,50,5.0
2026-07-27T14:40:41Z,2026-07-27 16:40,80,8.0,40,4.0
2026-07-27T14:45:46Z,2026-07-27 16:45,80,8.0,40,4.0
2026-07-27T14:50:52Z,2026-07-27 16:50,80,8.0,40,4.0
2026-07-27T14:55:59Z,2026-07-27 16:55,80,8.0,40,4.0
2026-07-27T15:01:06Z,2026-07-27 17:01,70,7.0,40,4.0
2026-07-27T15:06:11Z,2026-07-27 17:06,70,7.0,40,4.0
2026-07-27T15:11:17Z,2026-07-27 17:11,70,7.0,40,4.0
2026-07-27T15:16:22Z,2026-07-27 17:16,70,7.0,40,4.0
2026-07-27T15:21:28Z,2026-07-27 17:21,60,6.0,40,4.0
2026-07-27T15:26:33Z,2026-07-27 17:26,60,6.0,40,4.0
2026-07-27T15:31:39Z,2026-07-27 17:31,60,6.0,40,4.0
2026-07-27T15:36:45Z,2026-07-27 17:36,60,6.0,40,4.0
2026-07-27T15:41:50Z,2026-07-27 17:41,60,6.0,40,4.0
2026-07-27T15:46:57Z,2026-07-27 17:46,60,6.0,40,4.0
2026-07-27T15:52:02Z,2026-07-27 17:52,50,5.0,40,4.0
2026-07-27T15:57:07Z,2026-07-27 17:57,50,5.0,40,4.0
2026-07-27T16:02:13Z,2026-07-27 18:02,50,5.0,40,4.0
2026-07-27T16:07:19Z,2026-07-27 18:07,40,4.0,40,4.0
2026-07-27T16:12:24Z,2026-07-27 18:12,40,4.0,30,3.0
2026-07-27T16:12:36Z,2026-07-27 18:12,40,4.0,30,3.0
2026-07-27T16:17:41Z,2026-07-27 18:17,40,4.0,30,3.0
2026-07-27T16:22:46Z,2026-07-27 18:22,30,3.0,30,3.0
2026-07-27T16:27:51Z,2026-07-27 18:27,30,3.0,30,3.0
2026-07-27T16:32:56Z,2026-07-27 18:32,30,3.0,30,3.0
2026-07-27T16:38:01Z,2026-07-27 18:38,30,3.0,30,3.0
2026-07-27T16:43:06Z,2026-07-27 18:43,20,2.0,30,3.0
2026-07-27T16:48:11Z,2026-07-27 18:48,20,2.0,30,3.0
2026-07-27T16:53:16Z,2026-07-27 18:53,10,1.0,30,3.0
2026-07-27T16:58:21Z,2026-07-27 18:58,10,1.0,30,3.0
2026-07-27T17:03:26Z,2026-07-27 19:03,0,,30,3.0
2026-07-27T17:08:31Z,2026-07-27 19:08,0,,30,3.0
2026-07-27T17:13:35Z,2026-07-27 19:13,0,,20,2.0
2026-07-27T17:18:40Z,2026-07-27 19:18,0,,20,2.0
2026-07-27T17:23:45Z,2026-07-27 19:23,0,,20,2.0
2026-07-27T17:28:50Z,2026-07-27 19:28,0,,20,2.0
2026-07-27T17:33:55Z,2026-07-27 19:33,0,,20,2.0
2026-07-27T17:38:59Z,2026-07-27 19:38,0,,20,2.0
2026-07-27T17:44:05Z,2026-07-27 19:44,0,,20,2.0
2026-07-27T17:49:10Z,2026-07-27 19:49,0,,20,2.0
2026-07-27T17:54:16Z,2026-07-27 19:54,0,,20,2.0
2026-07-27T17:59:21Z,2026-07-27 19:59,0,,10,1.0
2026-07-27T18:04:25Z,2026-07-27 20:04,0,,10,1.0
2026-07-27T18:09:30Z,2026-07-27 20:09,0,,10,1.0
2026-07-27T18:14:35Z,2026-07-27 20:14,0,,10,1.0
2026-07-27T18:19:40Z,2026-07-27 20:19,0,,10,1.0
2026-07-27T18:24:45Z,2026-07-27 20:24,0,,10,1.0
2026-07-27T18:29:50Z,2026-07-27 20:29,0,,10,1.0
2026-07-27T18:34:54Z,2026-07-27 20:34,0,,10,1.0
2026-07-27T18:39:59Z,2026-07-27 20:39,0,,10,1.0
2026-07-27T18:45:07Z,2026-07-27 20:45,0,,10,1.0
2026-07-27T18:50:12Z,2026-07-27 20:50,0,,0,
2026-07-27T18:55:17Z,2026-07-27 20:55,0,,0,
2026-07-27T19:00:22Z,2026-07-27 21:00,0,,0,
2026-07-27T19:00:34Z,2026-07-27 21:00,0,,0,
2026-07-27T19:05:38Z,2026-07-27 21:05,0,,0,
2026-07-27T19:10:43Z,2026-07-27 21:10,0,,0,
2026-07-27T19:15:48Z,2026-07-27 21:15,0,,0,
2026-07-27T19:20:53Z,2026-07-27 21:20,0,,0,
2026-07-27T19:25:58Z,2026-07-27 21:25,0,,0,
2026-07-27T19:31:03Z,2026-07-27 21:31,0,,0,
2026-07-27T19:36:08Z,2026-07-27 21:36,0,,0,
2026-07-27T19:41:13Z,2026-07-27 21:41,0,,0,
2026-07-27T19:46:18Z,2026-07-27 21:46,0,,0,
2026-07-27T19:51:22Z,2026-07-27 21:51,0,,0,
2026-07-27T19:56:28Z,2026-07-27 21:56,0,,0,
2026-07-27T20:01:33Z,2026-07-27 22:01,0,,0,
2026-07-27T20:06:37Z,2026-07-27 22:06,0,,0,
2026-07-27T20:11:42Z,2026-07-27 22:11,0,,0,
2026-07-27T20:16:46Z,2026-07-27 22:16,0,,0,
2026-07-27T20:21:51Z,2026-07-27 22:21,0,,0,
2026-07-27T20:26:56Z,2026-07-27 22:26,0,,0,
2026-07-27T20:32:01Z,2026-07-27 22:32,0,,0,
2026-07-27T20:37:06Z,2026-07-27 22:37,0,,0,
2026-07-27T20:42:10Z,2026-07-27 22:42,0,,0,
2026-07-27T20:47:15Z,2026-07-27 22:47,0,,0,
2026-07-27T20:52:20Z,2026-07-27 22:52,0,,0,
2026-07-27T20:57:24Z,2026-07-27 22:57,0,,0,
2026-07-27T21:02:31Z,2026-07-27 23:02,0,,0,
2026-07-27T21:07:35Z,2026-07-27 23:07,0,,0,
2026-07-27T21:12:40Z,2026-07-27 23:12,0,,0,
2026-07-27T21:17:45Z,2026-07-27 23:17,0,,0,
2026-07-27T21:22:49Z,2026-07-27 23:22,0,,0,
2026-07-27T21:27:54Z,2026-07-27 23:27,0,,0,
2026-07-27T21:32:59Z,2026-07-27 23:32,0,,0,
2026-07-27T21:38:03Z,2026-07-27 23:38,0,,0,
2026-07-27T21:43:09Z,2026-07-27 23:43,0,,0,
2026-07-27T21:48:13Z,2026-07-27 23:48,0,,0,
2026-07-27T21:48:25Z,2026-07-27 23:48,0,,0,
2026-07-27T21:53:30Z,2026-07-27 23:53,0,,0,
2026-07-27T21:58:36Z,2026-07-27 23:58,0,,0,
2026-07-27T22:03:41Z,2026-07-28 00:03,0,,0,
2026-07-27T22:08:46Z,2026-07-28 00:08,0,,0,
2026-07-27T22:13:51Z,2026-07-28 00:13,0,,0,
2026-07-27T22:18:56Z,2026-07-28 00:18,0,,0,
2026-07-27T22:23:59Z,2026-07-28 00:23,0,,0,
2026-07-27T22:29:03Z,2026-07-28 00:29,0,,0,
2026-07-27T22:34:08Z,2026-07-28 00:34,0,,0,
2026-07-27T22:39:14Z,2026-07-28 00:39,0,,0,
2026-07-27T22:44:19Z,2026-07-28 00:44,0,,0,
2026-07-27T22:49:24Z,2026-07-28 00:49,0,,0,
2026-07-27T22:54:29Z,2026-07-28 00:54,0,,0,
2026-07-27T22:59:34Z,2026-07-28 00:59,0,,0,
2026-07-27T23:04:39Z,2026-07-28 01:04,0,,0,
2026-07-27T23:09:43Z,2026-07-28 01:09,0,,0,
2026-07-27T23:14:48Z,2026-07-28 01:14,0,,0,
2026-07-27T23:19:53Z,2026-07-28 01:19,0,,0,
2026-07-27T23:24:59Z,2026-07-28 01:24,0,,0,
2026-07-27T23:30:06Z,2026-07-28 01:30,0,,0,
2026-07-27T23:35:11Z,2026-07-28 01:35,0,,0,
2026-07-27T23:40:16Z,2026-07-28 01:40,0,,0,
2026-07-27T23:45:26Z,2026-07-28 01:45,0,,0,
2026-07-27T23:50:31Z,2026-07-28 01:50,0,,0,
2026-07-27T23:55:36Z,2026-07-28 01:55,0,,0,
2026-07-28T00:00:41Z,2026-07-28 02:00,0,,0,
2026-07-28T00:05:46Z,2026-07-28 02:05,0,,0,
2026-07-28T00:10:51Z,2026-07-28 02:10,0,,0,
2026-07-28T00:15:56Z,2026-07-28 02:15,0,,0,
2026-07-28T00:21:01Z,2026-07-28 02:21,0,,0,
2026-07-28T00:26:07Z,2026-07-28 02:26,0,,0,
2026-07-28T00:31:12Z,2026-07-28 02:31,0,,0,
2026-07-28T00:36:18Z,2026-07-28 02:36,0,,0,
2026-07-28T00:36:29Z,2026-07-28 02:36,0,,0,
2026-07-28T00:41:34Z,2026-07-28 02:41,0,,0,
2026-07-28T00:46:39Z,2026-07-28 02:46,0,,0,
2026-07-28T00:51:44Z,2026-07-28 02:51,0,,0,
2026-07-28T00:56:49Z,2026-07-28 02:56,0,,0,
2026-07-28T01:01:54Z,2026-07-28 03:01,0,,0,
2026-07-28T01:06:59Z,2026-07-28 03:06,0,,0,
2026-07-28T01:12:06Z,2026-07-28 03:12,0,,0,
2026-07-28T01:17:11Z,2026-07-28 03:17,0,,0,
2026-07-28T01:22:16Z,2026-07-28 03:22,0,,0,
2026-07-28T01:27:21Z,2026-07-28 03:27,0,,0,
2026-07-28T01:32:29Z,2026-07-28 03:32,0,,0,
2026-07-28T01:37:34Z,2026-07-28 03:37,0,,0,
2026-07-28T01:42:39Z,2026-07-28 03:42,0,,0,
2026-07-28T01:47:43Z,2026-07-28 03:47,0,,0,
2026-07-28T01:52:48Z,2026-07-28 03:52,0,,0,
2026-07-28T01:57:53Z,2026-07-28 03:57,0,,0,
2026-07-28T02:02:58Z,2026-07-28 04:02,0,,0,
2026-07-28T02:08:03Z,2026-07-28 04:08,0,,0,
2026-07-28T02:13:12Z,2026-07-28 04:13,0,,0,
2026-07-28T02:18:16Z,2026-07-28 04:18,0,,0,
2026-07-28T02:23:21Z,2026-07-28 04:23,0,,0,
2026-07-28T02:28:26Z,2026-07-28 04:28,0,,0,
2026-07-28T02:33:31Z,2026-07-28 04:33,0,,0,
2026-07-28T02:38:36Z,2026-07-28 04:38,0,,0,
2026-07-28T02:43:41Z,2026-07-28 04:43,0,,0,
2026-07-28T02:48:46Z,2026-07-28 04:48,0,,0,
2026-07-28T02:53:51Z,2026-07-28 04:53,0,,0,
2026-07-28T02:58:56Z,2026-07-28 04:58,0,,0,
2026-07-28T03:04:00Z,2026-07-28 05:04,0,,0,
2026-07-28T03:09:06Z,2026-07-28 05:09,0,,0,
2026-07-28T03:14:11Z,2026-07-28 05:14,0,,0,
2026-07-28T03:19:16Z,2026-07-28 05:19,0,,0,
2026-07-28T03:24:21Z,2026-07-28 05:24,0,,0,
2026-07-28T03:24:39Z,2026-07-28 05:24,0,,0,
2026-07-28T03:29:44Z,2026-07-28 05:29,0,,0,
2026-07-28T03:34:49Z,2026-07-28 05:34,0,,0,
2026-07-28T03:39:55Z,2026-07-28 05:39,0,,0,
2026-07-28T03:45:00Z,2026-07-28 05:45,0,,0,
2026-07-28T03:50:06Z,2026-07-28 05:50,0,,0,
2026-07-28T03:55:11Z,2026-07-28 05:55,0,,0,
2026-07-28T04:00:17Z,2026-07-28 06:00,0,,0,
2026-07-28T04:05:23Z,2026-07-28 06:05,0,,0,
2026-07-28T04:10:29Z,2026-07-28 06:10,0,,0,
2026-07-28T04:15:34Z,2026-07-28 06:15,0,,0,
2026-07-28T04:20:40Z,2026-07-28 06:20,0,,0,
2026-07-28T04:25:45Z,2026-07-28 06:25,0,,0,
2026-07-28T04:30:51Z,2026-07-28 06:30,0,,0,
2026-07-28T04:35:56Z,2026-07-28 06:35,0,,0,
2026-07-28T04:41:01Z,2026-07-28 06:41,0,,0,
2026-07-28T04:46:07Z,2026-07-28 06:46,0,,0,
2026-07-28T04:51:12Z,2026-07-28 06:51,0,,0,
2026-07-28T04:56:18Z,2026-07-28 06:56,0,,0,
2026-07-28T05:01:24Z,2026-07-28 07:01,0,,0,
2026-07-28T05:06:29Z,2026-07-28 07:06,0,,0,
2026-07-28T05:11:35Z,2026-07-28 07:11,0,,0,
2026-07-28T05:16:40Z,2026-07-28 07:16,0,,0,
2026-07-28T05:21:45Z,2026-07-28 07:21,0,,0,
2026-07-28T05:26:51Z,2026-07-28 07:26,0,,0,
2026-07-28T05:31:57Z,2026-07-28 07:31,0,,0,
2026-07-28T05:37:02Z,2026-07-28 07:37,0,,0,
2026-07-28T05:42:08Z,2026-07-28 07:42,0,,0,
2026-07-28T05:47:13Z,2026-07-28 07:47,0,,0,
2026-07-28T05:52:19Z,2026-07-28 07:52,0,,0,
2026-07-28T05:57:24Z,2026-07-28 07:57,0,,0,
2026-07-28T06:02:29Z,2026-07-28 08:02,0,,0,
2026-07-28T06:07:35Z,2026-07-28 08:07,0,,0,
2026-07-28T06:12:41Z,2026-07-28 08:12,0,,0,
2026-07-28T06:12:54Z,2026-07-28 08:12,0,,0,
2026-07-28T06:17:59Z,2026-07-28 08:17,0,,0,
2026-07-28T06:23:04Z,2026-07-28 08:23,0,,0,
2026-07-28T06:28:09Z,2026-07-28 08:28,0,,0,
2026-07-28T06:33:14Z,2026-07-28 08:33,0,,0,
2026-07-28T06:38:19Z,2026-07-28 08:38,0,,0,
2026-07-28T06:43:25Z,2026-07-28 08:43,0,,0,
2026-07-28T06:48:29Z,2026-07-28 08:48,0,,0,
2026-07-28T06:53:34Z,2026-07-28 08:53,0,,0,
2026-07-28T06:58:39Z,2026-07-28 08:58,0,,0,
2026-07-28T07:03:44Z,2026-07-28 09:03,0,,0,
2026-07-28T07:08:49Z,2026-07-28 09:08,0,,0,
2026-07-28T07:13:54Z,2026-07-28 09:13,0,,0,
2026-07-28T07:18:59Z,2026-07-28 09:18,0,,0,
2026-07-28T07:24:05Z,2026-07-28 09:24,0,,0,
2026-07-28T07:29:10Z,2026-07-28 09:29,0,,0,
2026-07-28T07:34:15Z,2026-07-28 09:34,0,,0,
2026-07-28T07:39:20Z,2026-07-28 09:39,0,,0,
2026-07-28T07:44:25Z,2026-07-28 09:44,0,,0,
2026-07-28T07:49:30Z,2026-07-28 09:49,0,,0,
2026-07-28T07:54:35Z,2026-07-28 09:54,0,,0,
2026-07-28T07:59:40Z,2026-07-28 09:59,0,,0,
2026-07-28T08:04:45Z,2026-07-28 10:04,0,,0,
2026-07-28T08:09:50Z,2026-07-28 10:09,0,,0,
2026-07-28T08:14:55Z,2026-07-28 10:14,0,,0,
2026-07-28T08:20:00Z,2026-07-28 10:20,0,,0,
2026-07-28T08:25:07Z,2026-07-28 10:25,0,,0,
2026-07-28T08:30:18Z,2026-07-28 10:30,0,,0,
2026-07-28T08:35:23Z,2026-07-28 10:35,10,1.0,0,
2026-07-28T08:40:28Z,2026-07-28 10:40,10,1.0,10,1.0
2026-07-28T08:45:33Z,2026-07-28 10:45,10,1.0,10,1.0
2026-07-28T08:50:40Z,2026-07-28 10:50,10,1.0,10,1.0
2026-07-28T08:55:45Z,2026-07-28 10:55,10,1.0,10,1.0
2026-07-28T09:00:50Z,2026-07-28 11:00,10,1.0,10,1.0
2026-07-28T09:01:09Z,2026-07-28 11:01,10,1.0,10,1.0
2026-07-28T09:06:14Z,2026-07-28 11:06,10,1.0,10,1.0
2026-07-28T09:11:19Z,2026-07-28 11:11,10,1.0,10,1.0
2026-07-28T09:16:23Z,2026-07-28 11:16,10,1.0,20,2.0
2026-07-28T09:21:29Z,2026-07-28 11:21,10,1.0,20,2.0
2026-07-28T09:26:34Z,2026-07-28 11:26,20,2.0,20,2.0
2026-07-28T09:31:39Z,2026-07-28 11:31,20,2.0,20,2.0
2026-07-28T09:36:44Z,2026-07-28 11:36,20,2.0,20,2.0
2026-07-28T09:41:48Z,2026-07-28 11:41,20,2.0,20,2.0
2026-07-28T09:46:53Z,2026-07-28 11:46,20,2.0,20,2.0
2026-07-28T09:51:58Z,2026-07-28 11:51,20,2.0,20,2.0
2026-07-28T09:57:03Z,2026-07-28 11:57,20,2.0,20,2.0
2026-07-28T10:02:08Z,2026-07-28 12:02,20,2.0,30,3.0
2026-07-28T10:07:13Z,2026-07-28 12:07,20,2.0,30,3.0
2026-07-28T10:12:18Z,2026-07-28 12:12,20,2.0,30,3.0
2026-07-28T10:17:23Z,2026-07-28 12:17,30,3.0,30,3.0
2026-07-28T10:22:28Z,2026-07-28 12:22,30,3.0,30,3.0
2026-07-28T10:27:33Z,2026-07-28 12:27,30,3.0,30,3.0
2026-07-28T10:32:38Z,2026-07-28 12:32,30,3.0,40,4.0
2026-07-28T10:37:43Z,2026-07-28 12:37,40,4.0,40,4.0
2026-07-28T10:42:50Z,2026-07-28 12:42,40,4.0,40,4.0
2026-07-28T10:47:54Z,2026-07-28 12:47,40,4.0,40,4.0
2026-07-28T10:53:03Z,2026-07-28 12:53,40,4.0,40,4.0
2026-07-28T10:58:08Z,2026-07-28 12:58,40,4.0,40,4.0
2026-07-28T11:03:13Z,2026-07-28 13:03,40,4.0,40,4.0
2026-07-28T11:08:18Z,2026-07-28 13:08,40,4.0,40,4.0
2026-07-28T11:13:24Z,2026-07-28 13:13,40,4.0,40,4.0
2026-07-28T11:18:28Z,2026-07-28 13:18,40,4.0,40,4.0
2026-07-28T11:23:33Z,2026-07-28 13:23,40,4.0,40,4.0
2026-07-28T11:28:38Z,2026-07-28 13:28,40,4.0,40,4.0
2026-07-28T11:33:43Z,2026-07-28 13:33,40,4.0,40,4.0
2026-07-28T11:38:48Z,2026-07-28 13:38,40,4.0,40,4.0
2026-07-28T11:43:52Z,2026-07-28 13:43,40,4.0,40,4.0
2026-07-28T11:48:57Z,2026-07-28 13:48,40,4.0,40,4.0
2026-07-28T11:49:09Z,2026-07-28 13:49,40,4.0,40,4.0
2026-07-28T11:54:14Z,2026-07-28 13:54,40,4.0,40,4.0
2026-07-28T11:59:20Z,2026-07-28 13:59,40,4.0,40,4.0
2026-07-28T12:04:25Z,2026-07-28 14:04,40,4.0,40,4.0
2026-07-28T12:09:30Z,2026-07-28 14:09,40,4.0,40,4.0
2026-07-28T12:14:35Z,2026-07-28 14:14,40,4.0,40,4.0
2026-07-28T12:19:41Z,2026-07-28 14:19,40,4.0,40,4.0
2026-07-28T12:24:46Z,2026-07-28 14:24,40,4.0,40,4.0
2026-07-28T12:29:51Z,2026-07-28 14:29,40,4.0,40,4.0
2026-07-28T12:34:56Z,2026-07-28 14:34,40,4.0,40,4.0
2026-07-28T12:40:01Z,2026-07-28 14:40,50,5.0,40,4.0
2026-07-28T12:45:15Z,2026-07-28 14:45,50,5.0,40,4.0
2026-07-28T12:50:20Z,2026-07-28 14:50,50,5.0,40,4.0
2026-07-28T12:55:25Z,2026-07-28 14:55,50,5.0,40,4.0
2026-07-28T13:00:31Z,2026-07-28 15:00,50,5.0,40,4.0
2026-07-28T13:05:38Z,2026-07-28 15:05,50,5.0,40,4.0
2026-07-28T13:10:43Z,2026-07-28 15:10,50,5.0,40,4.0
2026-07-28T13:15:48Z,2026-07-28 15:15,50,5.0,40,4.0
2026-07-28T13:20:55Z,2026-07-28 15:20,50,5.0,40,4.0
2026-07-28T13:26:00Z,2026-07-28 15:26,50,5.0,40,4.0
2026-07-28T13:31:05Z,2026-07-28 15:31,40,4.0,40,4.0
2026-07-28T13:36:11Z,2026-07-28 15:36,40,4.0,40,4.0
2026-07-28T13:41:16Z,2026-07-28 15:41,40,4.0,40,4.0
2026-07-28T13:46:22Z,2026-07-28 15:46,40,4.0,40,4.0
2026-07-28T13:51:28Z,2026-07-28 15:51,40,4.0,40,4.0
2026-07-28T13:56:33Z,2026-07-28 15:56,40,4.0,40,4.0
2026-07-28T14:01:38Z,2026-07-28 16:01,40,4.0,40,4.0
2026-07-28T14:06:44Z,2026-07-28 16:06,30,3.0,40,4.0
2026-07-28T14:11:49Z,2026-07-28 16:11,30,3.0,40,4.0
2026-07-28T14:16:55Z,2026-07-28 16:16,30,3.0,40,4.0
2026-07-28T14:22:00Z,2026-07-28 16:22,30,3.0,40,4.0
2026-07-28T14:27:05Z,2026-07-28 16:27,30,3.0,40,4.0
2026-07-28T14:32:10Z,2026-07-28 16:32,30,3.0,40,4.0
2026-07-28T14:37:17Z,2026-07-28 16:37,30,3.0,40,4.0
2026-07-28T14:37:28Z,2026-07-28 16:37,30,3.0,40,4.0
2026-07-28T14:42:34Z,2026-07-28 16:42,30,3.0,30,3.0
2026-07-28T14:47:39Z,2026-07-28 16:47,30,3.0,30,3.0
2026-07-28T14:52:44Z,2026-07-28 16:52,20,2.0,30,3.0
2026-07-28T14:57:49Z,2026-07-28 16:57,20,2.0,30,3.0
2026-07-28T15:02:54Z,2026-07-28 17:02,20,2.0,30,3.0
2026-07-28T15:08:00Z,2026-07-28 17:08,20,2.0,30,3.0
2026-07-28T15:13:05Z,2026-07-28 17:13,20,2.0,30,3.0
2026-07-28T15:18:10Z,2026-07-28 17:18,20,2.0,30,3.0
2026-07-28T15:23:15Z,2026-07-28 17:23,20,2.0,30,3.0
2026-07-28T15:28:21Z,2026-07-28 17:28,0,,30,3.0
2026-07-28T15:33:26Z,2026-07-28 17:33,0,,30,3.0
2026-07-28T15:38:31Z,2026-07-28 17:38,0,,30,3.0
2026-07-28T15:43:36Z,2026-07-28 17:43,0,,30,3.0
2026-07-28T15:48:42Z,2026-07-28 17:48,0,,30,3.0
2026-07-28T15:53:48Z,2026-07-28 17:53,0,,30,3.0
2026-07-28T15:58:52Z,2026-07-28 17:58,0,,30,3.0
2026-07-28T16:03:58Z,2026-07-28 18:03,0,,30,3.0
2026-07-28T16:09:03Z,2026-07-28 18:09,0,,30,3.0
2026-07-28T16:14:09Z,2026-07-28 18:14,0,,20,2.0
2026-07-28T16:19:15Z,2026-07-28 18:19,0,,20,2.0
2026-07-28T16:24:19Z,2026-07-28 18:24,0,,20,2.0
2026-07-28T16:29:24Z,2026-07-28 18:29,0,,20,2.0
2026-07-28T16:34:29Z,2026-07-28 18:34,0,,20,2.0
2026-07-28T16:39:34Z,2026-07-28 18:39,0,,20,2.0
2026-07-28T16:44:39Z,2026-07-28 18:44,0,,20,2.0
2026-07-28T16:49:44Z,2026-07-28 18:49,0,,20,2.0
2026-07-28T16:54:49Z,2026-07-28 18:54,0,,20,2.0
2026-07-28T16:59:54Z,2026-07-28 18:59,0,,20,2.0
2026-07-28T17:04:59Z,2026-07-28 19:04,0,,20,2.0
2026-07-28T17:10:13Z,2026-07-28 19:10,0,,20,2.0
2026-07-28T17:15:18Z,2026-07-28 19:15,0,,20,2.0
2026-07-28T17:20:23Z,2026-07-28 19:20,0,,20,2.0
2026-07-28T17:25:28Z,2026-07-28 19:25,0,,20,2.0
2026-07-28T17:25:41Z,2026-07-28 19:25,0,,20,2.0
2026-07-28T17:30:47Z,2026-07-28 19:30,0,,10,1.0
2026-07-28T17:35:52Z,2026-07-28 19:35,0,,10,1.0
2026-07-28T17:40:57Z,2026-07-28 19:40,0,,10,1.0
2026-07-28T17:46:05Z,2026-07-28 19:46,0,,10,1.0
2026-07-28T17:51:11Z,2026-07-28 19:51,0,,10,1.0
2026-07-28T17:56:17Z,2026-07-28 19:56,0,,10,1.0
2026-07-28T18:01:22Z,2026-07-28 20:01,0,,10,1.0
2026-07-28T18:06:27Z,2026-07-28 20:06,0,,0,
2026-07-28T18:11:32Z,2026-07-28 20:11,0,,0,
2026-07-28T18:16:38Z,2026-07-28 20:16,0,,0,
2026-07-28T18:21:43Z,2026-07-28 20:21,0,,0,
2026-07-28T18:26:48Z,2026-07-28 20:26,0,,0,
2026-07-28T18:31:54Z,2026-07-28 20:31,0,,0,
2026-07-28T18:36:59Z,2026-07-28 20:36,0,,0,
2026-07-28T18:42:07Z,2026-07-28 20:42,0,,0,
2026-07-28T18:47:12Z,2026-07-28 20:47,0,,0,
2026-07-28T18:52:18Z,2026-07-28 20:52,0,,0,
2026-07-28T18:57:23Z,2026-07-28 20:57,0,,0,
2026-07-28T19:02:29Z,2026-07-28 21:02,0,,0,
2026-07-28T19:07:34Z,2026-07-28 21:07,0,,0,
2026-07-28T19:12:39Z,2026-07-28 21:12,0,,0,
2026-07-28T19:17:45Z,2026-07-28 21:17,0,,0,
2026-07-28T19:22:50Z,2026-07-28 21:22,0,,0,
2026-07-28T19:27:55Z,2026-07-28 21:27,0,,0,
2026-07-28T19:33:00Z,2026-07-28 21:33,0,,0,
2026-07-28T19:38:06Z,2026-07-28 21:38,0,,0,
2026-07-28T19:43:11Z,2026-07-28 21:43,0,,0,
2026-07-28T19:48:16Z,2026-07-28 21:48,0,,0,
2026-07-28T19:53:21Z,2026-07-28 21:53,0,,0,
2026-07-28T19:58:27Z,2026-07-28 21:58,0,,0,
2026-07-28T20:03:32Z,2026-07-28 22:03,0,,0,
2026-07-28T20:08:37Z,2026-07-28 22:08,0,,0,
2026-07-28T20:13:42Z,2026-07-28 22:13,0,,0,
2026-07-28T20:14:00Z,2026-07-28 22:14,0,,0,
2026-07-28T20:19:06Z,2026-07-28 22:19,0,,0,
2026-07-28T20:24:11Z,2026-07-28 22:24,0,,0,
2026-07-28T20:29:17Z,2026-07-28 22:29,0,,0,
2026-07-28T20:34:22Z,2026-07-28 22:34,0,,0,
2026-07-28T20:39:27Z,2026-07-28 22:39,0,,0,
2026-07-28T20:44:32Z,2026-07-28 22:44,0,,0,
2026-07-28T20:49:37Z,2026-07-28 22:49,0,,0,
2026-07-28T20:54:41Z,2026-07-28 22:54,0,,0,
2026-07-28T20:59:46Z,2026-07-28 22:59,0,,0,
2026-07-28T21:04:50Z,2026-07-28 23:04,0,,0,
2026-07-28T21:09:55Z,2026-07-28 23:09,0,,0,
2026-07-28T21:14:59Z,2026-07-28 23:14,0,,0,
2026-07-28T21:20:08Z,2026-07-28 23:20,0,,0,
2026-07-28T21:25:13Z,2026-07-28 23:25,0,,0,
2026-07-28T21:30:23Z,2026-07-28 23:30,0,,0,
2026-07-28T21:35:29Z,2026-07-28 23:35,0,,0,
2026-07-28T21:40:34Z,2026-07-28 23:40,0,,0,
2026-07-28T21:45:39Z,2026-07-28 23:45,0,,0,
2026-07-28T21:50:44Z,2026-07-28 23:50,0,,0,
2026-07-28T21:55:48Z,2026-07-28 23:55,0,,0,
2026-07-28T22:00:53Z,2026-07-29 00:00,0,,0,
2026-07-28T22:05:59Z,2026-07-29 00:05,0,,0,
2026-07-28T22:11:04Z,2026-07-29 00:11,0,,0,
2026-07-28T22:16:09Z,2026-07-29 00:16,0,,0,
2026-07-28T22:21:13Z,2026-07-29 00:21,0,,0,
2026-07-28T22:26:18Z,2026-07-29 00:26,0,,0,
2026-07-28T22:31:23Z,2026-07-29 00:31,0,,0,
2026-07-28T22:36:28Z,2026-07-29 00:36,0,,0,
2026-07-28T22:41:32Z,2026-07-29 00:41,0,,0,
2026-07-28T22:46:37Z,2026-07-29 00:46,0,,0,
2026-07-28T22:51:41Z,2026-07-29 00:51,0,,0,
2026-07-28T22:56:46Z,2026-07-29 00:56,0,,0,
2026-07-28T23:01:50Z,2026-07-29 01:01,0,,0,
2026-07-28T23:02:10Z,2026-07-29 01:02,0,,0,
2026-07-28T23:07:15Z,2026-07-29 01:07,0,,0,
2026-07-28T23:12:20Z,2026-07-29 01:12,0,,0,
2026-07-28T23:17:26Z,2026-07-29 01:17,0,,0,
2026-07-28T23:22:31Z,2026-07-29 01:22,0,,0,
2026-07-28T23:27:37Z,2026-07-29 01:27,0,,0,
2026-07-28T23:32:43Z,2026-07-29 01:32,0,,0,
2026-07-28T23:37:48Z,2026-07-29 01:37,0,,0,
2026-07-28T23:42:54Z,2026-07-29 01:42,0,,0,
2026-07-28T23:47:59Z,2026-07-29 01:47,0,,0,
2026-07-28T23:53:05Z,2026-07-29 01:53,0,,0,
2026-07-28T23:58:10Z,2026-07-29 01:58,0,,0,
2026-07-29T00:03:15Z,2026-07-29 02:03,0,,0,
2026-07-29T00:08:21Z,2026-07-29 02:08,0,,0,
2026-07-29T00:13:26Z,2026-07-29 02:13,0,,0,
2026-07-29T00:18:32Z,2026-07-29 02:18,0,,0,
2026-07-29T00:23:38Z,2026-07-29 02:23,0,,0,
2026-07-29T00:28:43Z,2026-07-29 02:28,0,,0,
2026-07-29T00:33:49Z,2026-07-29 02:33,0,,0,
2026-07-29T00:38:54Z,2026-07-29 02:38,0,,0,
2026-07-29T00:43:59Z,2026-07-29 02:43,0,,0,
2026-07-29T00:49:05Z,2026-07-29 02:49,0,,0,
2026-07-29T00:54:10Z,2026-07-29 02:54,0,,0,
2026-07-29T00:59:17Z,2026-07-29 02:59,0,,0,
2026-07-29T01:04:23Z,2026-07-29 03:04,0,,0,
2026-07-29T01:09:28Z,2026-07-29 03:09,0,,0,
2026-07-29T01:14:34Z,2026-07-29 03:14,0,,0,
2026-07-29T01:19:39Z,2026-07-29 03:19,0,,0,
2026-07-29T01:24:44Z,2026-07-29 03:24,0,,0,
2026-07-29T01:29:50Z,2026-07-29 03:29,0,,0,
2026-07-29T01:34:56Z,2026-07-29 03:34,0,,0,
2026-07-29T01:40:01Z,2026-07-29 03:40,0,,0,
2026-07-29T01:45:10Z,2026-07-29 03:45,0,,0,
2026-07-29T01:50:16Z,2026-07-29 03:50,0,,0,
2026-07-29T01:50:34Z,2026-07-29 03:50,0,,0,
2026-07-29T01:55:39Z,2026-07-29 03:55,0,,0,
2026-07-29T02:00:44Z,2026-07-29 04:00,0,,0,
2026-07-29T02:05:48Z,2026-07-29 04:05,0,,0,
2026-07-29T02:10:53Z,2026-07-29 04:10,0,,0,
2026-07-29T02:15:59Z,2026-07-29 04:15,0,,0,
2026-07-29T02:21:04Z,2026-07-29 04:21,0,,0,
2026-07-29T02:26:08Z,2026-07-29 04:26,0,,0,
2026-07-29T02:31:13Z,2026-07-29 04:31,0,,0,
2026-07-29T02:36:19Z,2026-07-29 04:36,0,,0,
2026-07-29T02:41:23Z,2026-07-29 04:41,0,,0,
2026-07-29T02:46:28Z,2026-07-29 04:46,0,,0,
2026-07-29T02:51:32Z,2026-07-29 04:51,0,,0,
2026-07-29T02:56:37Z,2026-07-29 04:56,0,,0,
2026-07-29T03:01:42Z,2026-07-29 05:01,0,,0,
2026-07-29T03:06:47Z,2026-07-29 05:06,0,,0,
2026-07-29T03:11:51Z,2026-07-29 05:11,0,,0,
2026-07-29T03:16:56Z,2026-07-29 05:16,0,,0,
2026-07-29T03:22:00Z,2026-07-29 05:22,0,,0,
2026-07-29T03:27:05Z,2026-07-29 05:27,0,,0,
2026-07-29T03:32:09Z,2026-07-29 05:32,0,,0,
2026-07-29T03:37:14Z,2026-07-29 05:37,0,,0,
2026-07-29T03:42:18Z,2026-07-29 05:42,0,,0,
2026-07-29T03:47:25Z,2026-07-29 05:47,0,,0,
2026-07-29T03:52:29Z,2026-07-29 05:52,0,,0,
2026-07-29T03:57:34Z,2026-07-29 05:57,0,,0,
2026-07-29T04:02:38Z,2026-07-29 06:02,0,,0,
2026-07-29T04:07:43Z,2026-07-29 06:07,0,,0,
2026-07-29T04:12:47Z,2026-07-29 06:12,0,,0,
2026-07-29T04:17:52Z,2026-07-29 06:17,0,,0,
2026-07-29T04:22:57Z,2026-07-29 06:22,0,,0,
2026-07-29T04:28:01Z,2026-07-29 06:28,0,,0,
2026-07-29T04:33:07Z,2026-07-29 06:33,0,,0,
2026-07-29T04:38:12Z,2026-07-29 06:38,0,,0,
2026-07-29T04:38:24Z,2026-07-29 06:38,0,,0,
2026-07-29T04:43:30Z,2026-07-29 06:43,0,,0,
2026-07-29T04:48:35Z,2026-07-29 06:48,0,,0,
2026-07-29T04:53:41Z,2026-07-29 06:53,0,,0,
2026-07-29T04:58:46Z,2026-07-29 06:58,0,,0,
2026-07-29T05:03:51Z,2026-07-29 07:03,0,,0,
2026-07-29T05:08:57Z,2026-07-29 07:08,0,,0,
2026-07-29T05:14:03Z,2026-07-29 07:14,0,,0,
2026-07-29T05:19:09Z,2026-07-29 07:19,0,,0,
2026-07-29T05:24:15Z,2026-07-29 07:24,0,,0,
2026-07-29T05:29:20Z,2026-07-29 07:29,0,,0,
2026-07-29T05:34:26Z,2026-07-29 07:34,0,,0,
2026-07-29T05:39:31Z,2026-07-29 07:39,0,,0,
2026-07-29T05:44:37Z,2026-07-29 07:44,0,,0,
2026-07-29T05:49:42Z,2026-07-29 07:49,0,,0,
2026-07-29T05:54:52Z,2026-07-29 07:54,0,,0,
2026-07-29T05:59:57Z,2026-07-29 07:59,0,,0,
2026-07-29T06:05:03Z,2026-07-29 08:05,0,,0,
2026-07-29T06:10:14Z,2026-07-29 08:10,0,,0,
2026-07-29T06:15:21Z,2026-07-29 08:15,0,,0,
2026-07-29T06:20:26Z,2026-07-29 08:20,0,,0,
2026-07-29T06:25:33Z,2026-07-29 08:25,0,,0,
2026-07-29T06:30:39Z,2026-07-29 08:30,0,,0,
2026-07-29T06:35:45Z,2026-07-29 08:35,0,,0,
2026-07-29T06:40:51Z,2026-07-29 08:40,0,,0,
2026-07-29T06:45:57Z,2026-07-29 08:45,0,,0,
2026-07-29T06:51:02Z,2026-07-29 08:51,0,,0,
2026-07-29T06:56:08Z,2026-07-29 08:56,0,,0,
2026-07-29T07:01:14Z,2026-07-29 09:01,0,,0,
2026-07-29T07:06:20Z,2026-07-29 09:06,0,,0,
2026-07-29T07:11:26Z,2026-07-29 09:11,0,,0,
2026-07-29T07:16:31Z,2026-07-29 09:16,0,,0,
2026-07-29T07:21:38Z,2026-07-29 09:21,0,,0,
2026-07-29T07:26:44Z,2026-07-29 09:26,0,,0,
2026-07-29T07:27:03Z,2026-07-29 09:27,0,,0,
2026-07-29T07:32:09Z,2026-07-29 09:32,0,,0,
2026-07-29T07:37:15Z,2026-07-29 09:37,0,,0,
2026-07-29T07:42:21Z,2026-07-29 09:42,0,,0,
2026-07-29T07:47:27Z,2026-07-29 09:47,0,,0,
2026-07-29T07:52:32Z,2026-07-29 09:52,0,,0,
2026-07-29T07:57:37Z,2026-07-29 09:57,0,,0,
2026-07-29T08:02:43Z,2026-07-29 10:02,0,,0,
2026-07-29T08:07:49Z,2026-07-29 10:07,0,,0,
2026-07-29T08:12:54Z,2026-07-29 10:12,0,,0,
2026-07-29T08:18:00Z,2026-07-29 10:18,0,,0,
2026-07-29T08:23:06Z,2026-07-29 10:23,0,,10,1.0
2026-07-29T08:28:12Z,2026-07-29 10:28,0,,20,2.0
2026-07-29T08:33:18Z,2026-07-29 10:33,0,,20,2.0
2026-07-29T08:38:24Z,2026-07-29 10:38,0,,20,2.0
2026-07-29T08:43:29Z,2026-07-29 10:43,0,,20,2.0
2026-07-29T08:48:35Z,2026-07-29 10:48,0,,20,2.0
2026-07-29T08:53:40Z,2026-07-29 10:53,0,,20,2.0
2026-07-29T08:58:46Z,2026-07-29 10:58,10,1.0,20,2.0
2026-07-29T09:03:51Z,2026-07-29 11:03,10,1.0,30,3.0
2026-07-29T09:08:57Z,2026-07-29 11:08,10,1.0,30,3.0
2026-07-29T09:14:02Z,2026-07-29 11:14,10,1.0,30,3.0
2026-07-29T09:19:08Z,2026-07-29 11:19,10,1.0,30,3.0
2026-07-29T09:24:14Z,2026-07-29 11:24,10,1.0,30,3.0
2026-07-29T09:29:20Z,2026-07-29 11:29,10,1.0,30,3.0
2026-07-29T09:34:26Z,2026-07-29 11:34,10,1.0,30,3.0
2026-07-29T09:39:32Z,2026-07-29 11:39,10,1.0,30,3.0
2026-07-29T09:44:37Z,2026-07-29 11:44,10,1.0,30,3.0
2026-07-29T09:49:43Z,2026-07-29 11:49,20,2.0,40,4.0
2026-07-29T09:54:49Z,2026-07-29 11:54,20,2.0,40,4.0
2026-07-29T09:59:54Z,2026-07-29 11:59,20,2.0,40,4.0
2026-07-29T10:05:00Z,2026-07-29 12:05,20,2.0,40,4.0
2026-07-29T10:10:10Z,2026-07-29 12:10,20,2.0,40,4.0
2026-07-29T10:15:15Z,2026-07-29 12:15,20,2.0,40,4.0
2026-07-29T10:15:29Z,2026-07-29 12:15,20,2.0,40,4.0
2026-07-29T10:20:35Z,2026-07-29 12:20,20,2.0,40,4.0
2026-07-29T10:25:41Z,2026-07-29 12:25,20,2.0,40,4.0
2026-07-29T10:30:46Z,2026-07-29 12:30,20,2.0,50,5.0
2026-07-29T10:35:52Z,2026-07-29 12:35,20,2.0,50,5.0
2026-07-29T10:40:58Z,2026-07-29 12:40,20,2.0,50,5.0
2026-07-29T10:46:06Z,2026-07-29 12:46,20,2.0,50,5.0
2026-07-29T10:51:11Z,2026-07-29 12:51,10,1.0,50,5.0
2026-07-29T10:56:17Z,2026-07-29 12:56,10,1.0,50,5.0
2026-07-29T11:01:23Z,2026-07-29 13:01,10,1.0,50,5.0
2026-07-29T11:06:28Z,2026-07-29 13:06,20,2.0,50,5.0
2026-07-29T11:11:34Z,2026-07-29 13:11,20,2.0,50,5.0
2026-07-29T11:16:40Z,2026-07-29 13:16,20,2.0,50,5.0
2026-07-29T11:21:45Z,2026-07-29 13:21,20,2.0,50,5.0
2026-07-29T11:26:51Z,2026-07-29 13:26,20,2.0,50,5.0
2026-07-29T11:31:56Z,2026-07-29 13:31,20,2.0,50,5.0
2026-07-29T11:37:02Z,2026-07-29 13:37,30,3.0,50,5.0
2026-07-29T11:42:09Z,2026-07-29 13:42,30,3.0,50,5.0
2026-07-29T11:47:15Z,2026-07-29 13:47,30,3.0,50,5.0
2026-07-29T11:52:20Z,2026-07-29 13:52,30,3.0,50,5.0
2026-07-29T11:57:26Z,2026-07-29 13:57,30,3.0,50,5.0
2026-07-29T12:02:31Z,2026-07-29 14:02,30,3.0,50,5.0
2026-07-29T12:07:37Z,2026-07-29 14:07,30,3.0,50,5.0
2026-07-29T12:12:43Z,2026-07-29 14:12,40,4.0,50,5.0
2026-07-29T12:17:49Z,2026-07-29 14:17,40,4.0,50,5.0
2026-07-29T12:22:54Z,2026-07-29 14:22,40,4.0,50,5.0
2026-07-29T12:28:00Z,2026-07-29 14:28,40,4.0,50,5.0
2026-07-29T12:33:06Z,2026-07-29 14:33,30,3.0,50,5.0
2026-07-29T12:38:11Z,2026-07-29 14:38,30,3.0,50,5.0
2026-07-29T12:43:17Z,2026-07-29 14:43,30,3.0,50,5.0
2026-07-29T12:48:22Z,2026-07-29 14:48,30,3.0,50,5.0
2026-07-29T12:53:28Z,2026-07-29 14:53,30,3.0,40,4.0
2026-07-29T12:58:33Z,2026-07-29 14:58,30,3.0,40,4.0
2026-07-29T13:03:39Z,2026-07-29 15:03,30,3.0,40,4.0
2026-07-29T13:03:54Z,2026-07-29 15:03,30,3.0,40,4.0
2026-07-29T13:08:59Z,2026-07-29 15:08,30,3.0,40,4.0
2026-07-29T13:14:05Z,2026-07-29 15:14,30,3.0,40,4.0
2026-07-29T13:19:10Z,2026-07-29 15:19,30,3.0,40,4.0
2026-07-29T13:24:16Z,2026-07-29 15:24,30,3.0,40,4.0
2026-07-29T13:29:22Z,2026-07-29 15:29,30,3.0,40,4.0
2026-07-29T13:34:27Z,2026-07-29 15:34,30,3.0,40,4.0
2026-07-29T13:39:33Z,2026-07-29 15:39,30,3.0,40,4.0
2026-07-29T13:44:39Z,2026-07-29 15:44,30,3.0,40,4.0
2026-07-29T13:49:46Z,2026-07-29 15:49,30,3.0,40,4.0
2026-07-29T13:54:51Z,2026-07-29 15:54,30,3.0,40,4.0
2026-07-29T13:59:57Z,2026-07-29 15:59,30,3.0,40,4.0
2026-07-29T14:05:03Z,2026-07-29 16:05,30,3.0,40,4.0
2026-07-29T14:10:15Z,2026-07-29 16:10,30,3.0,40,4.0
2026-07-29T14:15:21Z,2026-07-29 16:15,30,3.0,40,4.0
2026-07-29T14:20:29Z,2026-07-29 16:20,30,3.0,40,4.0
2026-07-29T14:25:39Z,2026-07-29 16:25,30,3.0,40,4.0
2026-07-29T14:30:44Z,2026-07-29 16:30,30,3.0,40,4.0
2026-07-29T14:35:50Z,2026-07-29 16:35,30,3.0,40,4.0
2026-07-29T14:40:56Z,2026-07-29 16:40,30,3.0,40,4.0
2026-07-29T14:46:02Z,2026-07-29 16:46,30,3.0,40,4.0
2026-07-29T14:51:08Z,2026-07-29 16:51,30,3.0,40,4.0
2026-07-29T14:56:14Z,2026-07-29 16:56,20,2.0,40,4.0
2026-07-29T15:01:20Z,2026-07-29 17:01,20,2.0,40,4.0
2026-07-29T15:06:27Z,2026-07-29 17:06,20,2.0,40,4.0
2026-07-29T15:11:32Z,2026-07-29 17:11,20,2.0,40,4.0
2026-07-29T15:16:38Z,2026-07-29 17:16,20,2.0,40,4.0
2026-07-29T15:21:44Z,2026-07-29 17:21,20,2.0,40,4.0
2026-07-29T15:26:50Z,2026-07-29 17:26,10,1.0,40,4.0
2026-07-29T15:31:56Z,2026-07-29 17:31,10,1.0,40,4.0
2026-07-29T15:37:03Z,2026-07-29 17:37,10,1.0,40,4.0
2026-07-29T15:42:10Z,2026-07-29 17:42,10,1.0,40,4.0
2026-07-29T15:47:16Z,2026-07-29 17:47,10,1.0,40,4.0
2026-07-29T15:52:21Z,2026-07-29 17:52,0,,40,4.0
2026-07-29T15:52:33Z,2026-07-29 17:52,0,,40,4.0
2026-07-29T15:57:38Z,2026-07-29 17:57,0,,40,4.0
2026-07-29T16:02:43Z,2026-07-29 18:02,0,,40,4.0
2026-07-29T16:07:47Z,2026-07-29 18:07,0,,40,4.0
2026-07-29T16:12:52Z,2026-07-29 18:12,0,,40,4.0
2026-07-29T16:17:58Z,2026-07-29 18:17,0,,40,4.0
2026-07-29T16:23:02Z,2026-07-29 18:23,0,,40,4.0
2026-07-29T16:28:07Z,2026-07-29 18:28,0,,30,3.0
2026-07-29T16:33:12Z,2026-07-29 18:33,0,,30,3.0
2026-07-29T16:38:17Z,2026-07-29 18:38,0,,30,3.0
2026-07-29T16:43:22Z,2026-07-29 18:43,0,,30,3.0
2026-07-29T16:48:28Z,2026-07-29 18:48,0,,20,2.0
2026-07-29T16:53:33Z,2026-07-29 18:53,0,,20,2.0
2026-07-29T16:58:38Z,2026-07-29 18:58,0,,20,2.0
2026-07-29T17:03:43Z,2026-07-29 19:03,0,,20,2.0
2026-07-29T17:08:48Z,2026-07-29 19:08,0,,20,2.0
2026-07-29T17:13:52Z,2026-07-29 19:13,0,,20,2.0
2026-07-29T17:18:57Z,2026-07-29 19:18,0,,20,2.0
2026-07-29T17:24:02Z,2026-07-29 19:24,0,,20,2.0
2026-07-29T17:29:06Z,2026-07-29 19:29,0,,20,2.0
2026-07-29T17:34:11Z,2026-07-29 19:34,0,,20,2.0
2026-07-29T17:39:17Z,2026-07-29 19:39,0,,20,2.0
2026-07-29T17:44:22Z,2026-07-29 19:44,0,,20,2.0
2026-07-29T17:49:27Z,2026-07-29 19:49,0,,20,2.0
2026-07-29T17:54:32Z,2026-07-29 19:54,0,,20,2.0
2026-07-29T17:59:37Z,2026-07-29 19:59,0,,20,2.0
2026-07-29T18:04:42Z,2026-07-29 20:04,0,,20,2.0
2026-07-29T18:09:47Z,2026-07-29 20:09,0,,20,2.0
2026-07-29T18:14:52Z,2026-07-29 20:14,0,,20,2.0
2026-07-29T18:19:57Z,2026-07-29 20:19,0,,0,
2026-07-29T18:25:02Z,2026-07-29 20:25,0,,0,
2026-07-29T18:30:18Z,2026-07-29 20:30,0,,0,
2026-07-29T18:35:23Z,2026-07-29 20:35,0,,0,
2026-07-29T18:40:28Z,2026-07-29 20:40,0,,0,
2026-07-29T18:40:43Z,2026-07-29 20:40,0,,0,
2026-07-29T18:45:49Z,2026-07-29 20:45,0,,0,
2026-07-29T18:50:55Z,2026-07-29 20:50,0,,0,
2026-07-29T18:56:01Z,2026-07-29 20:56,0,,0,
2026-07-29T19:01:07Z,2026-07-29 21:01,0,,0,
2026-07-29T19:06:12Z,2026-07-29 21:06,0,,0,
2026-07-29T19:11:18Z,2026-07-29 21:11,0,,0,
2026-07-29T19:16:23Z,2026-07-29 21:16,0,,0,
2026-07-29T19:21:29Z,2026-07-29 21:21,0,,0,
2026-07-29T19:26:34Z,2026-07-29 21:26,0,,0,
2026-07-29T19:31:40Z,2026-07-29 21:31,0,,0,
2026-07-29T19:36:45Z,2026-07-29 21:36,0,,0,
2026-07-29T19:41:51Z,2026-07-29 21:41,0,,0,
2026-07-29T19:46:57Z,2026-07-29 21:46,0,,0,
2026-07-29T19:52:03Z,2026-07-29 21:52,0,,0,
2026-07-29T19:57:08Z,2026-07-29 21:57,0,,0,
2026-07-29T20:02:13Z,2026-07-29 22:02,0,,0,
2026-07-29T20:07:19Z,2026-07-29 22:07,0,,0,
2026-07-29T20:12:25Z,2026-07-29 22:12,0,,0,
2026-07-29T20:17:30Z,2026-07-29 22:17,0,,0,
2026-07-29T20:22:36Z,2026-07-29 22:22,0,,0,
2026-07-29T20:27:42Z,2026-07-29 22:27,0,,0,
2026-07-29T20:32:48Z,2026-07-29 22:32,0,,0,
2026-07-29T20:37:54Z,2026-07-29 22:37,0,,0,
2026-07-29T20:42:59Z,2026-07-29 22:42,0,,0,
2026-07-29T20:48:06Z,2026-07-29 22:48,0,,0,
2026-07-29T20:53:11Z,2026-07-29 22:53,0,,0,
2026-07-29T20:58:17Z,2026-07-29 22:58,0,,0,
2026-07-29T21:03:24Z,2026-07-29 23:03,0,,0,
2026-07-29T21:08:29Z,2026-07-29 23:08,0,,0,
2026-07-29T21:13:35Z,2026-07-29 23:13,0,,0,
2026-07-29T21:18:41Z,2026-07-29 23:18,0,,0,
2026-07-29T21:23:46Z,2026-07-29 23:23,0,,0,
2026-07-29T21:28:52Z,2026-07-29 23:28,0,,0,
2026-07-29T21:29:13Z,2026-07-29 23:29,0,,0,
2026-07-29T21:34:19Z,2026-07-29 23:34,0,,0,
2026-07-29T21:39:25Z,2026-07-29 23:39,0,,0,
2026-07-29T21:44:30Z,2026-07-29 23:44,0,,0,
2026-07-29T21:49:35Z,2026-07-29 23:49,0,,0,
2026-07-29T21:54:41Z,2026-07-29 23:54,0,,0,
2026-07-29T21:59:47Z,2026-07-29 23:59,0,,0,
2026-07-29T22:04:53Z,2026-07-30 00:04,0,,0,
2026-07-29T22:09:58Z,2026-07-30 00:09,0,,0,
2026-07-29T22:15:05Z,2026-07-30 00:15,0,,0,
2026-07-29T22:20:11Z,2026-07-30 00:20,0,,0,
2026-07-29T22:25:16Z,2026-07-30 00:25,0,,0,
2026-07-29T22:30:21Z,2026-07-30 00:30,0,,0,
2026-07-29T22:35:27Z,2026-07-30 00:35,0,,0,
2026-07-29T22:40:35Z,2026-07-30 00:40,0,,0,
2026-07-29T22:45:41Z,2026-07-30 00:45,0,,0,
2026-07-29T22:50:47Z,2026-07-30 00:50,0,,0,
2026-07-29T22:55:52Z,2026-07-30 00:55,0,,0,
2026-07-29T23:00:58Z,2026-07-30 01:00,0,,0,
2026-07-29T23:06:04Z,2026-07-30 01:06,0,,0,
2026-07-29T23:11:10Z,2026-07-30 01:11,0,,0,
2026-07-29T23:16:16Z,2026-07-30 01:16,0,,0,
2026-07-29T23:21:23Z,2026-07-30 01:21,0,,0,
2026-07-29T23:26:28Z,2026-07-30 01:26,0,,0,
2026-07-29T23:31:35Z,2026-07-30 01:31,0,,0,
2026-07-29T23:36:40Z,2026-07-30 01:36,0,,0,
2026-07-29T23:41:46Z,2026-07-30 01:41,0,,0,
2026-07-29T23:46:51Z,2026-07-30 01:46,0,,0,
2026-07-29T23:51:57Z,2026-07-30 01:51,0,,0,
2026-07-29T23:57:02Z,2026-07-30 01:57,0,,0,
2026-07-30T00:02:08Z,2026-07-30 02:02,0,,0,
2026-07-30T00:07:13Z,2026-07-30 02:07,0,,0,
2026-07-30T00:12:19Z,2026-07-30 02:12,0,,0,
2026-07-30T00:17:25Z,2026-07-30 02:17,0,,0,
2026-07-30T00:17:38Z,2026-07-30 02:17,0,,0,
2026-07-30T00:22:44Z,2026-07-30 02:22,0,,0,
2026-07-30T00:27:48Z,2026-07-30 02:27,0,,0,
2026-07-30T00:32:53Z,2026-07-30 02:32,0,,0,
2026-07-30T00:37:58Z,2026-07-30 02:37,0,,0,
2026-07-30T00:43:02Z,2026-07-30 02:43,0,,0,
2026-07-30T00:48:07Z,2026-07-30 02:48,0,,0,
2026-07-30T00:53:13Z,2026-07-30 02:53,0,,0,
2026-07-30T00:58:18Z,2026-07-30 02:58,0,,0,
2026-07-30T01:03:23Z,2026-07-30 03:03,0,,0,
2026-07-30T01:08:29Z,2026-07-30 03:08,0,,0,
2026-07-30T01:13:34Z,2026-07-30 03:13,0,,0,
2026-07-30T01:18:38Z,2026-07-30 03:18,0,,0,
2026-07-30T01:23:43Z,2026-07-30 03:23,0,,0,
2026-07-30T01:28:48Z,2026-07-30 03:28,0,,0,
2026-07-30T01:33:53Z,2026-07-30 03:33,0,,0,
2026-07-30T01:38:57Z,2026-07-30 03:38,0,,0,
2026-07-30T01:44:02Z,2026-07-30 03:44,0,,0,
2026-07-30T01:49:07Z,2026-07-30 03:49,0,,0,
2026-07-30T01:54:12Z,2026-07-30 03:54,0,,0,
2026-07-30T01:59:17Z,2026-07-30 03:59,0,,0,
2026-07-30T02:04:22Z,2026-07-30 04:04,0,,0,
2026-07-30T02:09:27Z,2026-07-30 04:09,0,,0,
2026-07-30T02:14:32Z,2026-07-30 04:14,0,,0,
2026-07-30T02:19:36Z,2026-07-30 04:19,0,,0,
2026-07-30T02:24:41Z,2026-07-30 04:24,0,,0,
2026-07-30T02:29:47Z,2026-07-30 04:29,0,,0,
2026-07-30T02:34:51Z,2026-07-30 04:34,0,,0,
2026-07-30T02:39:56Z,2026-07-30 04:39,0,,0,
2026-07-30T02:45:01Z,2026-07-30 04:45,0,,0,
2026-07-30T02:50:11Z,2026-07-30 04:50,0,,0,
2026-07-30T02:55:16Z,2026-07-30 04:55,0,,0,
2026-07-30T03:00:23Z,2026-07-30 05:00,0,,0,
2026-07-30T03:05:28Z,2026-07-30 05:05,0,,0,
2026-07-30T03:05:40Z,2026-07-30 05:05,0,,0,
2026-07-30T03:10:46Z,2026-07-30 05:10,0,,0,
2026-07-30T03:15:51Z,2026-07-30 05:15,0,,0,
2026-07-30T03:20:56Z,2026-07-30 05:20,0,,0,
2026-07-30T03:26:01Z,2026-07-30 05:26,0,,0,
2026-07-30T03:31:07Z,2026-07-30 05:31,0,,0,
2026-07-30T03:36:16Z,2026-07-30 05:36,0,,0,
2026-07-30T03:41:21Z,2026-07-30 05:41,0,,0,
2026-07-30T03:46:27Z,2026-07-30 05:46,0,,0,
2026-07-30T03:51:32Z,2026-07-30 05:51,0,,0,
2026-07-30T03:56:37Z,2026-07-30 05:56,0,,0,
2026-07-30T04:01:43Z,2026-07-30 06:01,0,,0,
2026-07-30T04:06:48Z,2026-07-30 06:06,0,,0,
2026-07-30T04:11:53Z,2026-07-30 06:11,0,,0,
2026-07-30T04:16:58Z,2026-07-30 06:16,0,,0,
2026-07-30T04:22:06Z,2026-07-30 06:22,0,,0,
2026-07-30T04:27:11Z,2026-07-30 06:27,0,,0,
2026-07-30T04:32:16Z,2026-07-30 06:32,0,,0,
2026-07-30T04:37:21Z,2026-07-30 06:37,0,,0,
2026-07-30T04:42:27Z,2026-07-30 06:42,0,,0,
2026-07-30T04:47:32Z,2026-07-30 06:47,0,,0,
2026-07-30T04:52:37Z,2026-07-30 06:52,0,,0,
2026-07-30T04:57:44Z,2026-07-30 06:57,0,,0,
2026-07-30T05:02:49Z,2026-07-30 07:02,0,,0,
2026-07-30T05:07:54Z,2026-07-30 07:07,0,,0,
2026-07-30T05:12:59Z,2026-07-30 07:12,0,,0,
2026-07-30T05:18:07Z,2026-07-30 07:18,0,,0,
2026-07-30T05:23:12Z,2026-07-30 07:23,0,,0,
2026-07-30T05:28:17Z,2026-07-30 07:28,0,,0,
2026-07-30T05:33:22Z,2026-07-30 07:33,0,,0,
2026-07-30T05:38:28Z,2026-07-30 07:38,0,,0,
2026-07-30T05:43:33Z,2026-07-30 07:43,0,,0,
2026-07-30T05:48:38Z,2026-07-30 07:48,0,,0,
2026-07-30T05:53:43Z,2026-07-30 07:53,10,1.0,0,
2026-07-30T05:53:56Z,2026-07-30 07:53,10,1.0,0,
2026-07-30T05:59:02Z,2026-07-30 07:59,10,1.0,0,
2026-07-30T06:04:09Z,2026-07-30 08:04,10,1.0,0,
2026-07-30T06:09:15Z,2026-07-30 08:09,10,1.0,0,
2026-07-30T06:14:21Z,2026-07-30 08:14,10,1.0,0,
2026-07-30T06:19:27Z,2026-07-30 08:19,10,1.0,0,
2026-07-30T06:24:33Z,2026-07-30 08:24,10,1.0,0,
2026-07-30T06:29:38Z,2026-07-30 08:29,10,1.0,0,
2026-07-30T06:34:43Z,2026-07-30 08:34,10,1.0,0,
2026-07-30T06:39:49Z,2026-07-30 08:39,10,1.0,0,
2026-07-30T06:44:55Z,2026-07-30 08:44,10,1.0,0,
2026-07-30T06:50:00Z,2026-07-30 08:50,10,1.0,0,
2026-07-30T06:55:12Z,2026-07-30 08:55,10,1.0,0,
2026-07-30T07:00:19Z,2026-07-30 09:00,10,1.0,0,
2026-07-30T07:05:25Z,2026-07-30 09:05,10,1.0,0,
2026-07-30T07:10:30Z,2026-07-30 09:10,10,1.0,0,
2026-07-30T07:15:36Z,2026-07-30 09:15,10,1.0,0,
2026-07-30T07:20:42Z,2026-07-30 09:20,10,1.0,0,
2026-07-30T07:25:48Z,2026-07-30 09:25,10,1.0,0,
2026-07-30T07:30:54Z,2026-07-30 09:30,10,1.0,0,
2026-07-30T07:36:00Z,2026-07-30 09:36,10,1.0,0,
2026-07-30T07:41:06Z,2026-07-30 09:41,10,1.0,0,
2026-07-30T07:46:12Z,2026-07-30 09:46,10,1.0,0,
2026-07-30T07:51:18Z,2026-07-30 09:51,10,1.0,0,
2026-07-30T07:56:24Z,2026-07-30 09:56,10,1.0,0,
2026-07-30T08:01:30Z,2026-07-30 10:01,10,1.0,0,
2026-07-30T08:06:36Z,2026-07-30 10:06,10,1.0,10,1.0
2026-07-30T08:11:42Z,2026-07-30 10:11,10,1.0,10,1.0
2026-07-30T08:16:47Z,2026-07-30 10:16,10,1.0,10,1.0
2026-07-30T08:21:53Z,2026-07-30 10:21,10,1.0,10,1.0
2026-07-30T08:26:59Z,2026-07-30 10:26,20,2.0,10,1.0
2026-07-30T08:32:06Z,2026-07-30 10:32,20,2.0,10,1.0
2026-07-30T08:37:12Z,2026-07-30 10:37,20,2.0,10,1.0
2026-07-30T08:42:20Z,2026-07-30 10:42,20,2.0,10,1.0
2026-07-30T08:42:35Z,2026-07-30 10:42,20,2.0,10,1.0
2026-07-30T08:47:40Z,2026-07-30 10:47,20,2.0,10,1.0
2026-07-30T08:52:46Z,2026-07-30 10:52,20,2.0,30,3.0
2026-07-30T08:57:52Z,2026-07-30 10:57,20,2.0,30,3.0
2026-07-30T09:02:58Z,2026-07-30 11:02,20,2.0,30,3.0
2026-07-30T09:08:04Z,2026-07-30 11:08,20,2.0,30,3.0
2026-07-30T09:13:10Z,2026-07-30 11:13,20,2.0,30,3.0
2026-07-30T09:18:16Z,2026-07-30 11:18,20,2.0,40,4.0
2026-07-30T09:23:22Z,2026-07-30 11:23,20,2.0,40,4.0
2026-07-30T09:28:28Z,2026-07-30 11:28,20,2.0,40,4.0
2026-07-30T09:33:34Z,2026-07-30 11:33,20,2.0,40,4.0
2026-07-30T09:38:39Z,2026-07-30 11:38,20,2.0,40,4.0
2026-07-30T09:43:48Z,2026-07-30 11:43,20,2.0,40,4.0
2026-07-30T09:48:54Z,2026-07-30 11:48,20,2.0,50,5.0
2026-07-30T09:53:59Z,2026-07-30 11:53,20,2.0,50,5.0
2026-07-30T09:59:05Z,2026-07-30 11:59,30,3.0,50,5.0
2026-07-30T10:04:11Z,2026-07-30 12:04,30,3.0,50,5.0
2026-07-30T10:09:18Z,2026-07-30 12:09,30,3.0,50,5.0
2026-07-30T10:14:24Z,2026-07-30 12:14,30,3.0,50,5.0
2026-07-30T10:19:30Z,2026-07-30 12:19,30,3.0,50,5.0
2026-07-30T10:24:35Z,2026-07-30 12:24,30,3.0,50,5.0
2026-07-30T10:29:41Z,2026-07-30 12:29,40,4.0,50,5.0
2026-07-30T10:34:47Z,2026-07-30 12:34,40,4.0,50,5.0
2026-07-30T10:39:52Z,2026-07-30 12:39,40,4.0,50,5.0
2026-07-30T10:44:58Z,2026-07-30 12:44,40,4.0,50,5.0
2026-07-30T10:50:08Z,2026-07-30 12:50,40,4.0,50,5.0
2026-07-30T10:55:14Z,2026-07-30 12:55,40,4.0,50,5.0
2026-07-30T11:00:20Z,2026-07-30 13:00,40,4.0,50,5.0
2026-07-30T11:05:26Z,2026-07-30 13:05,40,4.0,50,5.0
2026-07-30T11:10:32Z,2026-07-30 13:10,40,4.0,50,5.0
2026-07-30T11:15:38Z,2026-07-30 13:15,40,4.0,50,5.0
2026-07-30T11:20:44Z,2026-07-30 13:20,40,4.0,50,5.0
2026-07-30T11:25:50Z,2026-07-30 13:25,40,4.0,50,5.0
2026-07-30T11:30:56Z,2026-07-30 13:30,50,5.0,50,5.0
2026-07-30T11:31:12Z,2026-07-30 13:31,50,5.0,50,5.0
2026-07-30T11:36:18Z,2026-07-30 13:36,50,5.0,50,5.0
2026-07-30T11:41:24Z,2026-07-30 13:41,50,5.0,50,5.0
2026-07-30T11:46:30Z,2026-07-30 13:46,50,5.0,40,4.0
2026-07-30T11:51:36Z,2026-07-30 13:51,50,5.0,40,4.0
2026-07-30T11:56:42Z,2026-07-30 13:56,50,5.0,40,4.0
2026-07-30T12:01:47Z,2026-07-30 14:01,50,5.0,40,4.0
2026-07-30T12:06:53Z,2026-07-30 14:06,50,5.0,30,3.0
2026-07-30T12:11:59Z,2026-07-30 14:11,50,5.0,30,3.0
2026-07-30T12:17:05Z,2026-07-30 14:17,50,5.0,30,3.0
2026-07-30T12:22:11Z,2026-07-30 14:22,50,5.0,30,3.0
2026-07-30T12:27:17Z,2026-07-30 14:27,50,5.0,30,3.0
2026-07-30T12:32:24Z,2026-07-30 14:32,50,5.0,30,3.0
2026-07-30T12:37:29Z,2026-07-30 14:37,50,5.0,30,3.0
2026-07-30T12:42:35Z,2026-07-30 14:42,50,5.0,30,3.0
2026-07-30T12:47:41Z,2026-07-30 14:47,50,5.0,30,3.0
2026-07-30T12:52:47Z,2026-07-30 14:52,50,5.0,40,4.0
2026-07-30T12:57:52Z,2026-07-30 14:57,50,5.0,40,4.0
2026-07-30T13:02:58Z,2026-07-30 15:02,50,5.0,40,4.0
2026-07-30T13:08:04Z,2026-07-30 15:08,50,5.0,50,5.0
2026-07-30T13:13:10Z,2026-07-30 15:13,50,5.0,50,5.0
2026-07-30T13:18:16Z,2026-07-30 15:18,50,5.0,50,5.0
2026-07-30T13:23:22Z,2026-07-30 15:23,50,5.0,50,5.0
2026-07-30T13:28:28Z,2026-07-30 15:28,50,5.0,50,5.0
2026-07-30T13:33:35Z,2026-07-30 15:33,50,5.0,50,5.0
2026-07-30T13:38:40Z,2026-07-30 15:38,50,5.0,50,5.0
2026-07-30T13:43:46Z,2026-07-30 15:43,50,5.0,50,5.0
2026-07-30T13:48:52Z,2026-07-30 15:48,50,5.0,50,5.0
2026-07-30T13:53:57Z,2026-07-30 15:53,50,5.0,60,6.0
2026-07-30T13:59:04Z,2026-07-30 15:59,50,5.0,60,6.0
2026-07-30T14:04:10Z,2026-07-30 16:04,50,5.0,60,6.0
2026-07-30T14:09:18Z,2026-07-30 16:09,50,5.0,60,6.0
2026-07-30T14:14:24Z,2026-07-30 16:14,50,5.0,60,6.0
2026-07-30T14:19:29Z,2026-07-30 16:19,50,5.0,60,6.0
2026-07-30T14:19:45Z,2026-07-30 16:19,50,5.0,60,6.0
2026-07-30T14:24:52Z,2026-07-30 16:24,50,5.0,60,6.0
2026-07-30T14:29:57Z,2026-07-30 16:29,50,5.0,60,6.0
2026-07-30T14:35:04Z,2026-07-30 16:35,50,5.0,60,6.0
2026-07-30T14:40:10Z,2026-07-30 16:40,50,5.0,60,6.0
2026-07-30T14:45:21Z,2026-07-30 16:45,50,5.0,60,6.0
2026-07-30T14:50:27Z,2026-07-30 16:50,50,5.0,60,6.0
2026-07-30T14:55:33Z,2026-07-30 16:55,50,5.0,60,6.0
2026-07-30T15:00:39Z,2026-07-30 17:00,50,5.0,60,6.0
2026-07-30T15:05:45Z,2026-07-30 17:05,50,5.0,60,6.0
2026-07-30T15:10:52Z,2026-07-30 17:10,50,5.0,60,6.0
2026-07-30T15:16:02Z,2026-07-30 17:16,50,5.0,60,6.0
2026-07-30T15:21:08Z,2026-07-30 17:21,50,5.0,60,6.0
2026-07-30T15:26:14Z,2026-07-30 17:26,50,5.0,60,6.0
2026-07-30T15:31:20Z,2026-07-30 17:31,50,5.0,60,6.0
2026-07-30T15:36:26Z,2026-07-30 17:36,40,4.0,60,6.0
2026-07-30T15:41:31Z,2026-07-30 17:41,40,4.0,60,6.0
2026-07-30T15:46:39Z,2026-07-30 17:46,40,4.0,60,6.0
2026-07-30T15:51:46Z,2026-07-30 17:51,30,3.0,60,6.0
2026-07-30T15:56:52Z,2026-07-30 17:56,30,3.0,60,6.0
2026-07-30T16:01:58Z,2026-07-30 18:01,30,3.0,60,6.0
2026-07-30T16:07:06Z,2026-07-30 18:07,30,3.0,60,6.0
2026-07-30T16:12:13Z,2026-07-30 18:12,30,3.0,60,6.0
2026-07-30T16:17:20Z,2026-07-30 18:17,30,3.0,60,6.0
2026-07-30T16:22:27Z,2026-07-30 18:22,30,3.0,60,6.0
2026-07-30T16:27:33Z,2026-07-30 18:27,30,3.0,60,6.0
2026-07-30T16:32:39Z,2026-07-30 18:32,30,3.0,50,5.0
2026-07-30T16:37:45Z,2026-07-30 18:37,40,4.0,50,5.0
2026-07-30T16:42:51Z,2026-07-30 18:42,40,4.0,50,5.0
2026-07-30T16:47:57Z,2026-07-30 18:47,40,4.0,50,5.0
2026-07-30T16:53:03Z,2026-07-30 18:53,40,4.0,50,5.0
2026-07-30T16:58:09Z,2026-07-30 18:58,40,4.0,50,5.0
2026-07-30T17:03:15Z,2026-07-30 19:03,40,4.0,50,5.0
2026-07-30T17:08:24Z,2026-07-30 19:08,40,4.0,40,4.0
2026-07-30T17:08:38Z,2026-07-30 19:08,40,4.0,40,4.0
2026-07-30T17:13:43Z,2026-07-30 19:13,40,4.0,40,4.0
2026-07-30T17:18:47Z,2026-07-30 19:18,40,4.0,40,4.0
2026-07-30T17:23:52Z,2026-07-30 19:23,40,4.0,40,4.0
2026-07-30T17:28:57Z,2026-07-30 19:28,40,4.0,40,4.0
2026-07-30T17:34:02Z,2026-07-30 19:34,40,4.0,40,4.0
2026-07-30T17:39:07Z,2026-07-30 19:39,40,4.0,40,4.0
2026-07-30T17:44:13Z,2026-07-30 19:44,30,3.0,40,4.0
2026-07-30T17:49:18Z,2026-07-30 19:49,30,3.0,40,4.0
2026-07-30T17:54:23Z,2026-07-30 19:54,30,3.0,40,4.0
2026-07-30T17:59:28Z,2026-07-30 19:59,30,3.0,40,4.0
2026-07-30T18:04:32Z,2026-07-30 20:04,30,3.0,30,3.0
2026-07-30T18:09:39Z,2026-07-30 20:09,30,3.0,30,3.0
2026-07-30T18:14:44Z,2026-07-30 20:14,20,2.0,30,3.0
2026-07-30T18:19:49Z,2026-07-30 20:19,20,2.0,30,3.0
2026-07-30T18:24:54Z,2026-07-30 20:24,20,2.0,30,3.0
2026-07-30T18:29:58Z,2026-07-30 20:29,20,2.0,30,3.0
2026-07-30T18:35:03Z,2026-07-30 20:35,20,2.0,30,3.0
2026-07-30T18:40:12Z,2026-07-30 20:40,20,2.0,30,3.0
2026-07-30T18:45:18Z,2026-07-30 20:45,20,2.0,30,3.0
2026-07-30T18:50:22Z,2026-07-30 20:50,20,2.0,20,2.0
2026-07-30T18:55:27Z,2026-07-30 20:55,10,1.0,20,2.0
2026-07-30T19:00:32Z,2026-07-30 21:00,10,1.0,20,2.0
2026-07-30T19:05:38Z,2026-07-30 21:05,10,1.0,20,2.0
2026-07-30T19:10:43Z,2026-07-30 21:10,10,1.0,20,2.0
2026-07-30T19:15:48Z,2026-07-30 21:15,0,,10,1.0
2026-07-30T19:20:53Z,2026-07-30 21:20,0,,10,1.0
2026-07-30T19:25:58Z,2026-07-30 21:25,0,,10,1.0
2026-07-30T19:31:04Z,2026-07-30 21:31,0,,10,1.0
2026-07-30T19:36:09Z,2026-07-30 21:36,0,,10,1.0
2026-07-30T19:41:14Z,2026-07-30 21:41,0,,10,1.0
2026-07-30T19:46:19Z,2026-07-30 21:46,0,,0,
2026-07-30T19:51:25Z,2026-07-30 21:51,0,,0,
2026-07-30T19:56:29Z,2026-07-30 21:56,0,,0,
2026-07-30T19:56:42Z,2026-07-30 21:56,0,,0,
2026-07-30T20:01:48Z,2026-07-30 22:01,0,,0,
2026-07-30T20:06:55Z,2026-07-30 22:06,0,,0,
2026-07-30T20:12:01Z,2026-07-30 22:12,0,,0,
2026-07-30T20:17:07Z,2026-07-30 22:17,0,,0,
2026-07-30T20:22:15Z,2026-07-30 22:22,0,,0,
2026-07-30T20:27:21Z,2026-07-30 22:27,0,,0,
2026-07-30T20:32:27Z,2026-07-30 22:32,0,,0,
2026-07-30T20:37:33Z,2026-07-30 22:37,0,,0,
2026-07-30T20:42:39Z,2026-07-30 22:42,0,,0,
2026-07-30T20:47:45Z,2026-07-30 22:47,0,,0,
2026-07-30T20:52:51Z,2026-07-30 22:52,0,,0,
2026-07-30T20:57:58Z,2026-07-30 22:57,0,,0,
2026-07-30T21:03:04Z,2026-07-30 23:03,0,,0,
2026-07-30T21:08:10Z,2026-07-30 23:08,0,,0,
2026-07-30T21:13:15Z,2026-07-30 23:13,0,,0,
2026-07-30T21:18:25Z,2026-07-30 23:18,0,,0,
2026-07-30T21:23:31Z,2026-07-30 23:23,0,,0,
2026-07-30T21:28:37Z,2026-07-30 23:28,0,,0,
2026-07-30T21:33:43Z,2026-07-30 23:33,0,,0,
2026-07-30T21:38:49Z,2026-07-30 23:38,0,,0,
2026-07-30T21:43:56Z,2026-07-30 23:43,0,,0,
2026-07-30T21:49:06Z,2026-07-30 23:49,0,,0,
2026-07-30T21:54:12Z,2026-07-30 23:54,0,,0,
2026-07-30T21:59:18Z,2026-07-30 23:59,0,,0,
2026-07-30T22:04:24Z,2026-07-31 00:04,0,,0,
2026-07-30T22:09:29Z,2026-07-31 00:09,0,,0,
2026-07-30T22:14:35Z,2026-07-31 00:14,0,,0,
2026-07-30T22:19:41Z,2026-07-31 00:19,0,,0,
2026-07-30T22:24:47Z,2026-07-31 00:24,0,,0,
2026-07-30T22:29:52Z,2026-07-31 00:29,0,,0,
2026-07-30T22:34:57Z,2026-07-31 00:34,0,,0,
2026-07-30T22:40:04Z,2026-07-31 00:40,0,,0,
2026-07-30T22:45:15Z,2026-07-31 00:45,0,,0,
2026-07-30T22:45:30Z,2026-07-31 00:45,0,,0,
2026-07-30T22:50:36Z,2026-07-31 00:50,0,,0,
2026-07-30T22:55:41Z,2026-07-31 00:55,0,,0,
2026-07-30T23:00:47Z,2026-07-31 01:00,0,,0,
2026-07-30T23:05:53Z,2026-07-31 01:05,0,,0,
2026-07-30T23:10:59Z,2026-07-31 01:10,0,,0,
2026-07-30T23:16:06Z,2026-07-31 01:16,0,,0,
2026-07-30T23:21:11Z,2026-07-31 01:21,0,,0,
2026-07-30T23:26:17Z,2026-07-31 01:26,0,,0,
2026-07-30T23:31:23Z,2026-07-31 01:31,0,,0,
2026-07-30T23:36:28Z,2026-07-31 01:36,0,,0,
2026-07-30T23:41:34Z,2026-07-31 01:41,0,,0,
2026-07-30T23:46:40Z,2026-07-31 01:46,0,,0,
2026-07-30T23:51:46Z,2026-07-31 01:51,0,,0,
2026-07-30T23:56:52Z,2026-07-31 01:56,0,,0,
2026-07-31T00:01:58Z,2026-07-31 02:01,0,,0,
2026-07-31T00:07:04Z,2026-07-31 02:07,0,,0,
2026-07-31T00:12:13Z,2026-07-31 02:12,0,,0,
2026-07-31T00:17:20Z,2026-07-31 02:17,0,,0,
2026-07-31T00:22:26Z,2026-07-31 02:22,0,,0,
2026-07-31T00:27:32Z,2026-07-31 02:27,0,,0,
2026-07-31T00:32:38Z,2026-07-31 02:32,0,,0,
2026-07-31T00:37:44Z,2026-07-31 02:37,0,,0,
2026-07-31T00:42:50Z,2026-07-31 02:42,0,,0,
2026-07-31T00:47:55Z,2026-07-31 02:47,0,,0,
2026-07-31T00:53:01Z,2026-07-31 02:53,0,,0,
2026-07-31T00:58:07Z,2026-07-31 02:58,0,,0,
2026-07-31T01:03:13Z,2026-07-31 03:03,0,,0,
2026-07-31T01:08:19Z,2026-07-31 03:08,0,,0,
2026-07-31T01:13:24Z,2026-07-31 03:13,0,,0,
2026-07-31T01:18:30Z,2026-07-31 03:18,0,,0,
2026-07-31T01:23:38Z,2026-07-31 03:23,0,,0,
2026-07-31T01:28:45Z,2026-07-31 03:28,0,,0,
2026-07-31T01:33:50Z,2026-07-31 03:33,0,,0,
2026-07-31T01:34:09Z,2026-07-31 03:34,0,,0,
2026-07-31T01:39:15Z,2026-07-31 03:39,0,,0,
2026-07-31T01:44:21Z,2026-07-31 03:44,0,,0,
2026-07-31T01:49:27Z,2026-07-31 03:49,0,,0,
2026-07-31T01:54:32Z,2026-07-31 03:54,0,,0,
2026-07-31T01:59:38Z,2026-07-31 03:59,0,,0,
2026-07-31T02:04:43Z,2026-07-31 04:04,0,,0,
2026-07-31T02:09:50Z,2026-07-31 04:09,0,,0,
2026-07-31T02:14:56Z,2026-07-31 04:14,0,,0,
2026-07-31T02:20:01Z,2026-07-31 04:20,0,,0,
2026-07-31T02:25:10Z,2026-07-31 04:25,0,,0,
2026-07-31T02:30:21Z,2026-07-31 04:30,0,,0,
2026-07-31T02:35:27Z,2026-07-31 04:35,0,,0,
2026-07-31T02:40:33Z,2026-07-31 04:40,0,,0,
2026-07-31T02:45:39Z,2026-07-31 04:45,0,,0,
2026-07-31T02:50:44Z,2026-07-31 04:50,0,,0,
2026-07-31T02:55:50Z,2026-07-31 04:55,0,,0,
2026-07-31T03:00:56Z,2026-07-31 05:00,0,,0,
2026-07-31T03:06:01Z,2026-07-31 05:06,0,,0,
2026-07-31T03:11:07Z,2026-07-31 05:11,0,,0,
2026-07-31T03:16:13Z,2026-07-31 05:16,0,,0,
2026-07-31T03:21:19Z,2026-07-31 05:21,0,,0,
2026-07-31T03:26:25Z,2026-07-31 05:26,0,,0,
2026-07-31T03:31:30Z,2026-07-31 05:31,0,,0,
2026-07-31T03:36:36Z,2026-07-31 05:36,0,,0,
2026-07-31T03:41:42Z,2026-07-31 05:41,0,,0,
2026-07-31T03:46:48Z,2026-07-31 05:46,0,,0,
2026-07-31T03:51:54Z,2026-07-31 05:51,0,,0,
2026-07-31T03:57:00Z,2026-07-31 05:57,0,,0,
2026-07-31T04:02:08Z,2026-07-31 06:02,0,,0,
2026-07-31T04:07:14Z,2026-07-31 06:07,0,,0,
2026-07-31T04:12:21Z,2026-07-31 06:12,0,,0,
2026-07-31T04:17:27Z,2026-07-31 06:17,0,,0,
2026-07-31T04:22:32Z,2026-07-31 06:22,0,,0,
2026-07-31T04:22:53Z,2026-07-31 06:22,0,,0,
2026-07-31T04:27:59Z,2026-07-31 06:27,0,,0,
2026-07-31T04:33:05Z,2026-07-31 06:33,10,1.0,0,
2026-07-31T04:38:10Z,2026-07-31 06:38,10,1.0,0,
2026-07-31T04:43:16Z,2026-07-31 06:43,10,1.0,0,
2026-07-31T04:48:22Z,2026-07-31 06:48,10,1.0,0,
2026-07-31T04:53:27Z,2026-07-31 06:53,20,2.0,0,
2026-07-31T04:58:34Z,2026-07-31 06:58,20,2.0,0,
2026-07-31T05:03:40Z,2026-07-31 07:03,20,2.0,0,
2026-07-31T05:08:46Z,2026-07-31 07:08,20,2.0,0,
2026-07-31T05:13:52Z,2026-07-31 07:13,20,2.0,0,
2026-07-31T05:18:58Z,2026-07-31 07:18,20,2.0,0,
2026-07-31T05:24:06Z,2026-07-31 07:24,20,2.0,0,
2026-07-31T05:29:12Z,2026-07-31 07:29,20,2.0,0,
2026-07-31T05:34:18Z,2026-07-31 07:34,20,2.0,0,
2026-07-31T05:39:24Z,2026-07-31 07:39,20,2.0,0,
2026-07-31T05:44:32Z,2026-07-31 07:44,20,2.0,0,
2026-07-31T05:49:37Z,2026-07-31 07:49,20,2.0,0,
2026-07-31T05:54:43Z,2026-07-31 07:54,20,2.0,0,
2026-07-31T05:59:50Z,2026-07-31 07:59,20,2.0,0,
2026-07-31T06:04:55Z,2026-07-31 08:04,20,2.0,0,
2026-07-31T06:10:02Z,2026-07-31 08:10,20,2.0,0,
2026-07-31T06:15:19Z,2026-07-31 08:15,20,2.0,0,
2026-07-31T06:20:25Z,2026-07-31 08:20,20,2.0,0,
2026-07-31T06:25:32Z,2026-07-31 08:25,20,2.0,0,
2026-07-31T06:30:38Z,2026-07-31 08:30,20,2.0,0,
2026-07-31T06:35:44Z,2026-07-31 08:35,20,2.0,10,1.0
2026-07-31T06:40:50Z,2026-07-31 08:40,20,2.0,10,1.0
2026-07-31T06:45:55Z,2026-07-31 08:45,20,2.0,10,1.0
2026-07-31T06:51:01Z,2026-07-31 08:51,20,2.0,10,1.0
2026-07-31T06:56:09Z,2026-07-31 08:56,20,2.0,10,1.0
2026-07-31T07:01:15Z,2026-07-31 09:01,20,2.0,10,1.0
2026-07-31T07:06:21Z,2026-07-31 09:06,20,2.0,10,1.0
2026-07-31T07:11:27Z,2026-07-31 09:11,20,2.0,10,1.0
2026-07-31T07:11:40Z,2026-07-31 09:11,20,2.0,10,1.0
2026-07-31T07:16:44Z,2026-07-31 09:16,20,2.0,10,1.0
2026-07-31T07:21:49Z,2026-07-31 09:21,20,2.0,20,2.0
2026-07-31T07:26:55Z,2026-07-31 09:26,20,2.0,20,2.0
2026-07-31T07:32:00Z,2026-07-31 09:32,20,2.0,20,2.0
2026-07-31T07:37:05Z,2026-07-31 09:37,20,2.0,20,2.0
2026-07-31T07:42:10Z,2026-07-31 09:42,20,2.0,30,3.0
2026-07-31T07:47:15Z,2026-07-31 09:47,20,2.0,30,3.0
2026-07-31T07:52:20Z,2026-07-31 09:52,20,2.0,30,3.0
2026-07-31T07:57:26Z,2026-07-31 09:57,20,2.0,30,3.0
2026-07-31T08:02:33Z,2026-07-31 10:02,20,2.0,30,3.0
2026-07-31T08:07:38Z,2026-07-31 10:07,30,3.0,30,3.0
2026-07-31T08:12:43Z,2026-07-31 10:12,30,3.0,30,3.0
2026-07-31T08:17:53Z,2026-07-31 10:17,30,3.0,30,3.0
2026-07-31T08:22:58Z,2026-07-31 10:22,30,3.0,30,3.0
2026-07-31T08:28:03Z,2026-07-31 10:28,30,3.0,40,4.0
2026-07-31T08:33:09Z,2026-07-31 10:33,40,4.0,40,4.0
2026-07-31T08:38:14Z,2026-07-31 10:38,40,4.0,40,4.0
2026-07-31T08:43:19Z,2026-07-31 10:43,40,4.0,40,4.0
2026-07-31T08:48:24Z,2026-07-31 10:48,40,4.0,40,4.0
2026-07-31T08:53:31Z,2026-07-31 10:53,40,4.0,50,5.0
2026-07-31T08:58:36Z,2026-07-31 10:58,40,4.0,50,5.0
2026-07-31T09:03:41Z,2026-07-31 11:03,40,4.0,50,5.0
2026-07-31T09:08:46Z,2026-07-31 11:08,40,4.0,50,5.0
2026-07-31T09:13:51Z,2026-07-31 11:13,40,4.0,50,5.0
2026-07-31T09:19:04Z,2026-07-31 11:19,40,4.0,50,5.0
2026-07-31T09:24:10Z,2026-07-31 11:24,40,4.0,50,5.0
2026-07-31T09:29:15Z,2026-07-31 11:29,40,4.0,50,5.0
2026-07-31T09:34:20Z,2026-07-31 11:34,40,4.0,50,5.0
2026-07-31T09:39:25Z,2026-07-31 11:39,40,4.0,50,5.0
2026-07-31T09:44:30Z,2026-07-31 11:44,40,4.0,50,5.0
2026-07-31T09:49:36Z,2026-07-31 11:49,40,4.0,50,5.0
2026-07-31T09:54:41Z,2026-07-31 11:54,40,4.0,60,6.0
2026-07-31T09:59:46Z,2026-07-31 11:59,40,4.0,60,6.0
2026-07-31T10:00:06Z,2026-07-31 12:00,40,4.0,60,6.0
2026-07-31T10:05:14Z,2026-07-31 12:05,40,4.0,60,6.0
2026-07-31T10:10:19Z,2026-07-31 12:10,40,4.0,60,6.0
2026-07-31T10:15:25Z,2026-07-31 12:15,40,4.0,60,6.0
2026-07-31T10:20:30Z,2026-07-31 12:20,40,4.0,60,6.0
2026-07-31T10:25:34Z,2026-07-31 12:25,50,5.0,60,6.0
2026-07-31T10:30:40Z,2026-07-31 12:30,50,5.0,60,6.0
2026-07-31T10:35:46Z,2026-07-31 12:35,50,5.0,60,6.0
2026-07-31T10:40:51Z,2026-07-31 12:40,50,5.0,60,6.0
2026-07-31T10:45:55Z,2026-07-31 12:45,50,5.0,70,7.0
2026-07-31T10:51:00Z,2026-07-31 12:51,50,5.0,70,7.0
2026-07-31T10:56:05Z,2026-07-31 12:56,50,5.0,80,8.0
2026-07-31T11:01:10Z,2026-07-31 13:01,50,5.0,80,8.0
2026-07-31T11:06:16Z,2026-07-31 13:06,40,4.0,80,8.0
2026-07-31T11:16:26Z,2026-07-31 13:16,40,4.0,80,8.0
2026-07-31T11:21:31Z,2026-07-31 13:21,40,4.0,80,8.0
2026-07-31T11:26:36Z,2026-07-31 13:26,40,4.0,80,8.0
2026-07-31T11:31:41Z,2026-07-31 13:31,40,4.0,80,8.0
2026-07-31T11:36:46Z,2026-07-31 13:36,50,5.0,70,7.0
2026-07-31T11:41:52Z,2026-07-31 13:41,50,5.0,70,7.0
2026-07-31T11:46:57Z,2026-07-31 13:46,50,5.0,70,7.0
2026-07-31T11:52:02Z,2026-07-31 13:52,50,5.0,70,7.0
2026-07-31T11:57:07Z,2026-07-31 13:57,50,5.0,70,7.0
2026-07-31T12:02:13Z,2026-07-31 14:02,50,5.0,70,7.0
2026-07-31T12:07:19Z,2026-07-31 14:07,50,5.0,70,7.0
2026-07-31T12:12:24Z,2026-07-31 14:12,50,5.0,70,7.0
2026-07-31T12:17:29Z,2026-07-31 14:17,50,5.0,70,7.0
2026-07-31T12:22:35Z,2026-07-31 14:22,50,5.0,70,7.0
2026-07-31T12:27:40Z,2026-07-31 14:27,50,5.0,70,7.0
2026-07-31T12:32:46Z,2026-07-31 14:32,40,4.0,70,7.0
2026-07-31T12:37:51Z,2026-07-31 14:37,40,4.0,60,6.0
2026-07-31T12:42:56Z,2026-07-31 14:42,40,4.0,60,6.0
2026-07-31T12:48:02Z,2026-07-31 14:48,40,4.0,60,6.0
2026-07-31T12:48:20Z,2026-07-31 14:48,40,4.0,60,6.0
2026-07-31T12:53:25Z,2026-07-31 14:53,40,4.0,60,6.0
2026-07-31T12:58:30Z,2026-07-31 14:58,40,4.0,60,6.0
2026-07-31T13:03:35Z,2026-07-31 15:03,40,4.0,60,6.0
2026-07-31T13:08:40Z,2026-07-31 15:08,40,4.0,60,6.0
2026-07-31T13:13:45Z,2026-07-31 15:13,40,4.0,60,6.0
2026-07-31T13:18:50Z,2026-07-31 15:18,40,4.0,60,6.0
2026-07-31T13:23:55Z,2026-07-31 15:23,40,4.0,60,6.0
2026-07-31T13:29:00Z,2026-07-31 15:29,40,4.0,60,6.0
2026-07-31T13:34:09Z,2026-07-31 15:34,40,4.0,60,6.0
2026-07-31T13:39:15Z,2026-07-31 15:39,40,4.0,60,6.0
2026-07-31T13:44:20Z,2026-07-31 15:44,30,3.0,60,6.0
2026-07-31T13:49:24Z,2026-07-31 15:49,30,3.0,60,6.0
2026-07-31T13:54:29Z,2026-07-31 15:54,30,3.0,60,6.0
2026-07-31T13:59:34Z,2026-07-31 15:59,30,3.0,60,6.0
2026-07-31T14:04:39Z,2026-07-31 16:04,30,3.0,60,6.0
2026-07-31T14:09:44Z,2026-07-31 16:09,30,3.0,60,6.0
2026-07-31T14:14:49Z,2026-07-31 16:14,30,3.0,60,6.0
2026-07-31T14:19:55Z,2026-07-31 16:19,30,3.0,60,6.0
2026-07-31T14:25:14Z,2026-07-31 16:25,30,3.0,60,6.0
2026-07-31T14:30:19Z,2026-07-31 16:30,30,3.0,60,6.0
2026-07-31T14:35:24Z,2026-07-31 16:35,30,3.0,60,6.0
2026-07-31T14:40:29Z,2026-07-31 16:40,30,3.0,60,6.0
2026-07-31T14:45:36Z,2026-07-31 16:45,30,3.0,60,6.0
2026-07-31T14:50:41Z,2026-07-31 16:50,30,3.0,60,6.0
2026-07-31T14:55:46Z,2026-07-31 16:55,30,3.0,60,6.0
2026-07-31T15:00:52Z,2026-07-31 17:00,30,3.0,60,6.0
2026-07-31T15:05:57Z,2026-07-31 17:05,30,3.0,50,5.0
2026-07-31T15:11:03Z,2026-07-31 17:11,30,3.0,50,5.0
2026-07-31T15:16:08Z,2026-07-31 17:16,30,3.0,50,5.0
2026-07-31T15:21:13Z,2026-07-31 17:21,30,3.0,50,5.0
2026-07-31T15:26:19Z,2026-07-31 17:26,30,3.0,50,5.0
2026-07-31T15:31:25Z,2026-07-31 17:31,30,3.0,40,4.0
2026-07-31T15:36:30Z,2026-07-31 17:36,20,2.0,40,4.0
2026-07-31T15:36:44Z,2026-07-31 17:36,20,2.0,40,4.0
2026-07-31T15:41:50Z,2026-07-31 17:41,20,2.0,40,4.0
2026-07-31T15:46:55Z,2026-07-31 17:46,20,2.0,40,4.0
2026-07-31T15:52:02Z,2026-07-31 17:52,20,2.0,30,3.0
2026-07-31T15:57:07Z,2026-07-31 17:57,20,2.0,30,3.0
2026-07-31T16:02:13Z,2026-07-31 18:02,20,2.0,30,3.0
2026-07-31T16:07:19Z,2026-07-31 18:07,20,2.0,30,3.0
2026-07-31T16:12:26Z,2026-07-31 18:12,20,2.0,20,2.0
2026-07-31T16:17:32Z,2026-07-31 18:17,20,2.0,20,2.0
2026-07-31T16:22:38Z,2026-07-31 18:22,20,2.0,20,2.0
2026-07-31T16:27:44Z,2026-07-31 18:27,20,2.0,10,1.0
2026-07-31T16:32:49Z,2026-07-31 18:32,20,2.0,10,1.0
2026-07-31T16:37:55Z,2026-07-31 18:37,20,2.0,10,1.0
2026-07-31T16:43:02Z,2026-07-31 18:43,20,2.0,10,1.0
2026-07-31T16:48:07Z,2026-07-31 18:48,20,2.0,10,1.0
2026-07-31T16:53:15Z,2026-07-31 18:53,20,2.0,10,1.0
2026-07-31T16:58:20Z,2026-07-31 18:58,20,2.0,10,1.0
2026-07-31T17:03:26Z,2026-07-31 19:03,20,2.0,10,1.0
2026-07-31T17:08:32Z,2026-07-31 19:08,20,2.0,20,2.0
2026-07-31T17:13:39Z,2026-07-31 19:13,20,2.0,20,2.0
2026-07-31T17:18:44Z,2026-07-31 19:18,20,2.0,20,2.0
2026-07-31T17:23:49Z,2026-07-31 19:23,20,2.0,30,3.0
2026-07-31T17:28:54Z,2026-07-31 19:28,20,2.0,30,3.0
2026-07-31T17:33:59Z,2026-07-31 19:33,20,2.0,40,4.0
2026-07-31T17:39:04Z,2026-07-31 19:39,20,2.0,40,4.0
2026-07-31T17:44:09Z,2026-07-31 19:44,20,2.0,40,4.0
2026-07-31T17:49:14Z,2026-07-31 19:49,20,2.0,40,4.0
2026-07-31T17:54:20Z,2026-07-31 19:54,20,2.0,40,4.0
2026-07-31T17:59:24Z,2026-07-31 19:59,20,2.0,50,5.0
2026-07-31T18:04:29Z,2026-07-31 20:04,20,2.0,50,5.0
2026-07-31T18:09:35Z,2026-07-31 20:09,20,2.0,50,5.0
2026-07-31T18:14:40Z,2026-07-31 20:14,20,2.0,60,6.0
2026-07-31T18:19:45Z,2026-07-31 20:19,20,2.0,60,6.0
2026-07-31T18:24:51Z,2026-07-31 20:24,20,2.0,60,6.0
2026-07-31T18:25:09Z,2026-07-31 20:25,20,2.0,60,6.0
2026-07-31T18:30:16Z,2026-07-31 20:30,20,2.0,60,6.0
2026-07-31T18:35:22Z,2026-07-31 20:35,20,2.0,60,6.0
2026-07-31T18:40:27Z,2026-07-31 20:40,20,2.0,60,6.0
2026-07-31T18:45:32Z,2026-07-31 20:45,20,2.0,70,7.0
2026-07-31T18:50:38Z,2026-07-31 20:50,20,2.0,70,7.0
2026-07-31T18:55:43Z,2026-07-31 20:55,20,2.0,80,8.0
2026-07-31T19:00:48Z,2026-07-31 21:00,20,2.0,80,8.0
2026-07-31T19:05:54Z,2026-07-31 21:05,20,2.0,80,8.0
2026-07-31T19:10:59Z,2026-07-31 21:10,20,2.0,80,8.0
2026-07-31T19:16:06Z,2026-07-31 21:16,20,2.0,80,8.0
2026-07-31T19:21:11Z,2026-07-31 21:21,20,2.0,80,8.0
2026-07-31T19:26:16Z,2026-07-31 21:26,20,2.0,80,8.0
2026-07-31T19:31:23Z,2026-07-31 21:31,20,2.0,80,8.0
2026-07-31T19:36:28Z,2026-07-31 21:36,20,2.0,80,8.0
2026-07-31T19:41:33Z,2026-07-31 21:41,20,2.0,80,8.0
2026-07-31T19:46:38Z,2026-07-31 21:46,20,2.0,80,8.0
2026-07-31T19:51:42Z,2026-07-31 21:51,20,2.0,80,8.0
2026-07-31T19:56:52Z,2026-07-31 21:56,20,2.0,80,8.0
2026-07-31T20:01:57Z,2026-07-31 22:01,20,2.0,80,8.0
2026-07-31T20:07:02Z,2026-07-31 22:07,10,1.0,80,8.0
2026-07-31T20:12:06Z,2026-07-31 22:12,10,1.0,80,8.0
2026-07-31T20:17:12Z,2026-07-31 22:17,20,2.0,80,8.0
2026-07-31T20:22:17Z,2026-07-31 22:22,20,2.0,80,8.0
2026-07-31T20:27:23Z,2026-07-31 22:27,20,2.0,60,6.0
2026-07-31T20:32:27Z,2026-07-31 22:32,20,2.0,60,6.0
2026-07-31T20:37:32Z,2026-07-31 22:37,20,2.0,60,6.0
2026-07-31T20:42:37Z,2026-07-31 22:42,20,2.0,60,6.0
2026-07-31T20:47:42Z,2026-07-31 22:47,20,2.0,60,6.0
2026-07-31T20:52:47Z,2026-07-31 22:52,20,2.0,60,6.0
2026-07-31T20:57:53Z,2026-07-31 22:57,20,2.0,60,6.0
2026-07-31T21:02:57Z,2026-07-31 23:02,20,2.0,60,6.0
2026-07-31T21:08:02Z,2026-07-31 23:08,20,2.0,60,6.0
2026-07-31T21:13:07Z,2026-07-31 23:13,20,2.0,50,5.0
2026-07-31T21:13:28Z,2026-07-31 23:13,20,2.0,50,5.0
2026-07-31T21:18:34Z,2026-07-31 23:18,20,2.0,50,5.0
2026-07-31T21:23:40Z,2026-07-31 23:23,20,2.0,40,4.0
2026-07-31T21:28:46Z,2026-07-31 23:28,20,2.0,40,4.0
2026-07-31T21:33:52Z,2026-07-31 23:33,20,2.0,40,4.0
2026-07-31T21:38:58Z,2026-07-31 23:38,20,2.0,40,4.0
2026-07-31T21:44:04Z,2026-07-31 23:44,20,2.0,40,4.0
2026-07-31T21:49:10Z,2026-07-31 23:49,20,2.0,40,4.0
2026-07-31T21:54:15Z,2026-07-31 23:54,20,2.0,30,3.0
2026-07-31T21:59:21Z,2026-07-31 23:59,10,1.0,30,3.0
2026-07-31T22:04:27Z,2026-08-01 00:04,10,1.0,30,3.0
2026-07-31T22:09:33Z,2026-08-01 00:09,10,1.0,30,3.0
2026-07-31T22:14:39Z,2026-08-01 00:14,10,1.0,30,3.0
2026-07-31T22:19:45Z,2026-08-01 00:19,10,1.0,30,3.0
2026-07-31T22:24:49Z,2026-08-01 00:24,0,,30,3.0
2026-07-31T22:29:54Z,2026-08-01 00:29,0,,30,3.0
2026-07-31T22:34:59Z,2026-08-01 00:34,0,,30,3.0
2026-07-31T22:40:09Z,2026-08-01 00:40,0,,20,2.0
2026-07-31T22:45:15Z,2026-08-01 00:45,0,,20,2.0
2026-07-31T22:50:21Z,2026-08-01 00:50,0,,20,2.0
2026-07-31T22:55:26Z,2026-08-01 00:55,0,,20,2.0
2026-07-31T23:00:32Z,2026-08-01 01:00,0,,20,2.0
2026-07-31T23:05:37Z,2026-08-01 01:05,10,1.0,20,2.0
2026-07-31T23:10:43Z,2026-08-01 01:10,10,1.0,20,2.0
2026-07-31T23:15:48Z,2026-08-01 01:15,20,2.0,20,2.0
2026-07-31T23:20:54Z,2026-08-01 01:20,20,2.0,20,2.0
2026-07-31T23:25:59Z,2026-08-01 01:25,20,2.0,30,3.0
2026-07-31T23:31:05Z,2026-08-01 01:31,20,2.0,30,3.0
2026-07-31T23:36:11Z,2026-08-01 01:36,20,2.0,30,3.0
2026-07-31T23:41:16Z,2026-08-01 01:41,20,2.0,30,3.0
2026-07-31T23:46:21Z,2026-08-01 01:46,20,2.0,30,3.0
2026-07-31T23:51:28Z,2026-08-01 01:51,20,2.0,30,3.0
2026-07-31T23:56:33Z,2026-08-01 01:56,20,2.0,40,4.0
2026-08-01T00:01:39Z,2026-08-01 02:01,20,2.0,40,4.0
2026-08-01T00:01:57Z,2026-08-01 02:01,20,2.0,40,4.0
2026-08-01T00:07:02Z,2026-08-01 02:07,20,2.0,40,4.0
2026-08-01T00:12:10Z,2026-08-01 02:12,20,2.0,30,3.0
2026-08-01T00:17:15Z,2026-08-01 02:17,20,2.0,30,3.0
2026-08-01T00:22:19Z,2026-08-01 02:22,20,2.0,30,3.0
2026-08-01T00:27:24Z,2026-08-01 02:27,20,2.0,30,3.0
2026-08-01T00:32:29Z,2026-08-01 02:32,20,2.0,30,3.0
2026-08-01T00:37:34Z,2026-08-01 02:37,20,2.0,30,3.0
2026-08-01T00:42:38Z,2026-08-01 02:42,20,2.0,30,3.0
2026-08-01T00:47:43Z,2026-08-01 02:47,20,2.0,30,3.0
2026-08-01T00:57:49Z,2026-08-01 02:57,20,2.0,30,3.0
2026-08-01T01:07:53Z,2026-08-01 03:07,20,2.0,30,3.0
2026-08-01T01:12:58Z,2026-08-01 03:12,20,2.0,30,3.0
2026-08-01T01:18:03Z,2026-08-01 03:18,20,2.0,30,3.0
2026-08-01T01:23:07Z,2026-08-01 03:23,20,2.0,0,
2026-08-01T01:28:11Z,2026-08-01 03:28,20,2.0,0,
2026-08-01T01:33:16Z,2026-08-01 03:33,20,2.0,0,
2026-08-01T01:38:20Z,2026-08-01 03:38,10,1.0,0,
2026-08-01T01:48:25Z,2026-08-01 03:48,10,1.0,0,
2026-08-01T01:53:29Z,2026-08-01 03:53,10,1.0,0,
2026-08-01T01:58:33Z,2026-08-01 03:58,10,1.0,0,
2026-08-01T02:03:37Z,2026-08-01 04:03,10,1.0,0,
2026-08-01T02:08:41Z,2026-08-01 04:08,10,1.0,0,
2026-08-01T02:13:44Z,2026-08-01 04:13,10,1.0,0,
2026-08-01T02:18:48Z,2026-08-01 04:18,10,1.0,0,
2026-08-01T02:23:52Z,2026-08-01 04:23,10,1.0,0,
2026-08-01T02:28:57Z,2026-08-01 04:28,20,2.0,0,
2026-08-01T02:34:00Z,2026-08-01 04:34,20,2.0,0,
2026-08-01T02:39:05Z,2026-08-01 04:39,20,2.0,0,
2026-08-01T02:44:13Z,2026-08-01 04:44,30,3.0,10,1.0
2026-08-01T02:49:17Z,2026-08-01 04:49,30,3.0,10,1.0
2026-08-01T02:49:29Z,2026-08-01 04:49,30,3.0,10,1.0
2026-08-01T02:54:36Z,2026-08-01 04:54,30,3.0,10,1.0
2026-08-01T02:59:40Z,2026-08-01 04:59,30,3.0,10,1.0
2026-08-01T03:04:43Z,2026-08-01 05:04,30,3.0,10,1.0
2026-08-01T03:09:48Z,2026-08-01 05:09,30,3.0,10,1.0
2026-08-01T03:14:53Z,2026-08-01 05:14,50,5.0,20,2.0
2026-08-01T03:19:58Z,2026-08-01 05:19,50,5.0,20,2.0
2026-08-01T03:25:01Z,2026-08-01 05:25,50,5.0,20,2.0
2026-08-01T03:30:18Z,2026-08-01 05:30,60,6.0,20,2.0
2026-08-01T03:35:23Z,2026-08-01 05:35,60,6.0,20,2.0
2026-08-01T03:40:28Z,2026-08-01 05:40,60,6.0,20,2.0
2026-08-01T03:45:32Z,2026-08-01 05:45,60,6.0,20,2.0
2026-08-01T03:50:38Z,2026-08-01 05:50,80,8.0,20,2.0
2026-08-01T03:55:42Z,2026-08-01 05:55,80,8.0,20,2.0
2026-08-01T04:00:47Z,2026-08-01 06:00,80,8.0,20,2.0
2026-08-01T04:05:53Z,2026-08-01 06:05,80,8.0,20,2.0
2026-08-01T04:10:58Z,2026-08-01 06:10,80,8.0,20,2.0
2026-08-01T04:16:02Z,2026-08-01 06:16,80,8.0,10,1.0
2026-08-01T04:21:07Z,2026-08-01 06:21,80,8.0,10,1.0
2026-08-01T04:26:13Z,2026-08-01 06:26,80,8.0,10,1.0
2026-08-01T04:31:21Z,2026-08-01 06:31,80,8.0,10,1.0
2026-08-01T04:36:26Z,2026-08-01 06:36,80,8.0,10,1.0
2026-08-01T04:41:30Z,2026-08-01 06:41,80,8.0,10,1.0
2026-08-01T04:46:36Z,2026-08-01 06:46,80,8.0,10,1.0
2026-08-01T04:51:41Z,2026-08-01 06:51,80,8.0,10,1.0
2026-08-01T04:56:47Z,2026-08-01 06:56,80,8.0,10,1.0
2026-08-01T05:06:52Z,2026-08-01 07:06,80,8.0,10,1.0
2026-08-01T05:16:59Z,2026-08-01 07:16,80,8.0,10,1.0
2026-08-01T05:22:04Z,2026-08-01 07:22,80,8.0,10,1.0
2026-08-01T05:27:09Z,2026-08-01 07:27,80,8.0,10,1.0
2026-08-01T05:32:15Z,2026-08-01 07:32,80,8.0,10,1.0
2026-08-01T05:37:20Z,2026-08-01 07:37,80,8.0,10,1.0
2026-08-01T05:40:09Z,2026-08-01 07:40,80,8.0,10,1.0
2026-08-01T05:45:14Z,2026-08-01 07:45,80,8.0,10,1.0
2026-08-01T05:50:18Z,2026-08-01 07:50,80,8.0,10,1.0
2026-08-01T05:55:23Z,2026-08-01 07:55,80,8.0,10,1.0
2026-08-01T06:00:27Z,2026-08-01 08:00,80,8.0,10,1.0
2026-08-01T06:05:33Z,2026-08-01 08:05,80,8.0,10,1.0
2026-08-01T06:10:38Z,2026-08-01 08:10,80,8.0,20,2.0
2026-08-01T06:15:43Z,2026-08-01 08:15,80,8.0,20,2.0
2026-08-01T06:20:49Z,2026-08-01 08:20,80,8.0,20,2.0
2026-08-01T06:25:55Z,2026-08-01 08:25,80,8.0,20,2.0
2026-08-01T06:31:02Z,2026-08-01 08:31,80,8.0,20,2.0
2026-08-01T06:36:09Z,2026-08-01 08:36,80,8.0,20,2.0
2026-08-01T06:41:14Z,2026-08-01 08:41,80,8.0,20,2.0
2026-08-01T06:46:18Z,2026-08-01 08:46,80,8.0,20,2.0
2026-08-01T06:51:24Z,2026-08-01 08:51,80,8.0,20,2.0
2026-08-01T06:56:29Z,2026-08-01 08:56,80,8.0,20,2.0
2026-08-01T07:01:34Z,2026-08-01 09:01,80,8.0,20,2.0
2026-08-01T07:06:40Z,2026-08-01 09:06,80,8.0,20,2.0
2026-08-01T07:11:46Z,2026-08-01 09:11,80,8.0,30,3.0
2026-08-01T07:16:52Z,2026-08-01 09:16,80,8.0,30,3.0
2026-08-01T07:37:01Z,2026-08-01 09:37,90,9.0,30,3.0
2026-08-01T07:42:06Z,2026-08-01 09:42,90,9.0,30,3.0
2026-08-01T07:47:12Z,2026-08-01 09:47,90,9.0,30,3.0
2026-08-01T07:57:21Z,2026-08-01 09:57,90,9.0,30,3.0
2026-08-01T08:02:26Z,2026-08-01 10:02,90,9.0,30,3.0
2026-08-01T08:07:30Z,2026-08-01 10:07,90,9.0,30,3.0
2026-08-01T08:12:35Z,2026-08-01 10:12,90,9.0,30,3.0
2026-08-01T08:17:40Z,2026-08-01 10:17,90,9.0,30,3.0
2026-08-01T08:22:45Z,2026-08-01 10:22,80,8.0,30,3.0
2026-08-01T08:27:51Z,2026-08-01 10:27,80,8.0,30,3.0
2026-08-01T08:28:13Z,2026-08-01 10:28,80,8.0,30,3.0
2026-08-01T08:33:18Z,2026-08-01 10:33,80,8.0,30,3.0
2026-08-01T08:38:23Z,2026-08-01 10:38,80,8.0,30,3.0
2026-08-01T08:43:26Z,2026-08-01 10:43,80,8.0,30,3.0
2026-08-01T08:48:33Z,2026-08-01 10:48,80,8.0,30,3.0
2026-08-01T08:53:39Z,2026-08-01 10:53,80,8.0,30,3.0
2026-08-01T08:58:45Z,2026-08-01 10:58,80,8.0,30,3.0
2026-08-01T09:08:51Z,2026-08-01 11:08,80,8.0,30,3.0
2026-08-01T09:13:56Z,2026-08-01 11:13,80,8.0,30,3.0
2026-08-01T09:19:02Z,2026-08-01 11:19,60,6.0,30,3.0
2026-08-01T09:24:10Z,2026-08-01 11:24,60,6.0,30,3.0
2026-08-01T09:29:18Z,2026-08-01 11:29,60,6.0,30,3.0
2026-08-01T09:34:23Z,2026-08-01 11:34,60,6.0,30,3.0
2026-08-01T09:39:28Z,2026-08-01 11:39,60,6.0,40,4.0
2026-08-01T09:44:34Z,2026-08-01 11:44,60,6.0,40,4.0
2026-08-01T09:49:39Z,2026-08-01 11:49,60,6.0,40,4.0
2026-08-01T09:54:45Z,2026-08-01 11:54,60,6.0,40,4.0
2026-08-01T09:59:50Z,2026-08-01 11:59,60,6.0,40,4.0
2026-08-01T10:04:56Z,2026-08-01 12:04,60,6.0,40,4.0
2026-08-01T10:10:02Z,2026-08-01 12:10,60,6.0,40,4.0
2026-08-01T10:15:22Z,2026-08-01 12:15,60,6.0,40,4.0
2026-08-01T10:20:28Z,2026-08-01 12:20,60,6.0,40,4.0
2026-08-01T10:25:33Z,2026-08-01 12:25,60,6.0,40,4.0
2026-08-01T10:30:38Z,2026-08-01 12:30,60,6.0,40,4.0
2026-08-01T10:35:43Z,2026-08-01 12:35,60,6.0,40,4.0
2026-08-01T10:40:49Z,2026-08-01 12:40,60,6.0,40,4.0
2026-08-01T10:45:54Z,2026-08-01 12:45,60,6.0,40,4.0
2026-08-01T10:50:59Z,2026-08-01 12:50,60,6.0,40,4.0
2026-08-01T10:56:07Z,2026-08-01 12:56,60,6.0,40,4.0
2026-08-01T11:01:13Z,2026-08-01 13:01,60,6.0,40,4.0
2026-08-01T11:06:18Z,2026-08-01 13:06,60,6.0,40,4.0
2026-08-01T11:11:23Z,2026-08-01 13:11,60,6.0,40,4.0
2026-08-01T11:16:28Z,2026-08-01 13:16,60,6.0,40,4.0
2026-08-01T11:16:49Z,2026-08-01 13:16,60,6.0,40,4.0
2026-08-01T11:21:53Z,2026-08-01 13:21,60,6.0,40,4.0
2026-08-01T11:26:58Z,2026-08-01 13:26,60,6.0,40,4.0
2026-08-01T11:32:05Z,2026-08-01 13:32,70,7.0,40,4.0
2026-08-01T11:37:10Z,2026-08-01 13:37,70,7.0,40,4.0
2026-08-01T11:42:15Z,2026-08-01 13:42,70,7.0,40,4.0
2026-08-01T11:47:20Z,2026-08-01 13:47,70,7.0,40,4.0
2026-08-01T11:52:26Z,2026-08-01 13:52,70,7.0,40,4.0
2026-08-01T11:57:30Z,2026-08-01 13:57,70,7.0,40,4.0
2026-08-01T12:02:36Z,2026-08-01 14:02,70,7.0,40,4.0
2026-08-01T12:07:40Z,2026-08-01 14:07,70,7.0,40,4.0
2026-08-01T12:12:45Z,2026-08-01 14:12,70,7.0,50,5.0
2026-08-01T12:17:50Z,2026-08-01 14:17,70,7.0,60,6.0
2026-08-01T12:23:18Z,2026-08-01 14:23,70,7.0,60,6.0
2026-08-01T12:28:23Z,2026-08-01 14:28,80,8.0,60,6.0
2026-08-01T12:33:28Z,2026-08-01 14:33,80,8.0,60,6.0
2026-08-01T12:38:33Z,2026-08-01 14:38,80,8.0,60,6.0
2026-08-01T12:43:37Z,2026-08-01 14:43,80,8.0,60,6.0
2026-08-01T12:48:41Z,2026-08-01 14:48,80,8.0,60,6.0
2026-08-01T12:53:44Z,2026-08-01 14:53,80,8.0,60,6.0
2026-08-01T12:58:48Z,2026-08-01 14:58,80,8.0,60,6.0
2026-08-01T13:03:53Z,2026-08-01 15:03,80,8.0,60,6.0
2026-08-01T13:08:56Z,2026-08-01 15:08,80,8.0,60,6.0
2026-08-01T13:14:01Z,2026-08-01 15:14,80,8.0,60,6.0
2026-08-01T13:19:06Z,2026-08-01 15:19,70,7.0,60,6.0
2026-08-01T13:24:11Z,2026-08-01 15:24,70,7.0,60,6.0
2026-08-01T13:29:16Z,2026-08-01 15:29,70,7.0,60,6.0
2026-08-01T13:34:23Z,2026-08-01 15:34,60,6.0,60,6.0
2026-08-01T13:39:28Z,2026-08-01 15:39,60,6.0,60,6.0
2026-08-01T13:44:33Z,2026-08-01 15:44,60,6.0,60,6.0
2026-08-01T13:49:36Z,2026-08-01 15:49,60,6.0,60,6.0
2026-08-01T13:54:41Z,2026-08-01 15:54,50,5.0,60,6.0
2026-08-01T13:59:45Z,2026-08-01 15:59,50,5.0,60,6.0
2026-08-01T14:02:08Z,2026-08-01 16:02,50,5.0,60,6.0
2026-08-01T14:07:15Z,2026-08-01 16:07,50,5.0,60,6.0
2026-08-01T14:12:19Z,2026-08-01 16:12,50,5.0,60,6.0
2026-08-01T14:17:23Z,2026-08-01 16:17,50,5.0,60,6.0
2026-08-01T14:22:31Z,2026-08-01 16:22,50,5.0,60,6.0
2026-08-01T14:27:37Z,2026-08-01 16:27,30,3.0,60,6.0
2026-08-01T14:32:42Z,2026-08-01 16:32,30,3.0,60,6.0
2026-08-01T14:37:47Z,2026-08-01 16:37,40,4.0,60,6.0
2026-08-01T14:48:44Z,2026-08-01 16:48,40,4.0,60,6.0
2026-08-01T14:53:49Z,2026-08-01 16:53,40,4.0,60,6.0
2026-08-01T14:58:52Z,2026-08-01 16:58,40,4.0,60,6.0
2026-08-01T15:03:55Z,2026-08-01 17:03,40,4.0,60,6.0
2026-08-01T15:09:00Z,2026-08-01 17:09,20,2.0,50,5.0
2026-08-01T15:14:06Z,2026-08-01 17:14,20,2.0,50,5.0
2026-08-01T15:19:10Z,2026-08-01 17:19,20,2.0,50,5.0
2026-08-01T15:24:17Z,2026-08-01 17:24,10,1.0,50,5.0
2026-08-01T15:29:21Z,2026-08-01 17:29,10,1.0,50,5.0
2026-08-01T15:34:25Z,2026-08-01 17:34,0,,50,5.0
2026-08-01T15:39:30Z,2026-08-01 17:39,0,,50,5.0
2026-08-01T15:44:35Z,2026-08-01 17:44,0,,50,5.0
2026-08-01T15:49:39Z,2026-08-01 17:49,0,,50,5.0
2026-08-01T15:54:45Z,2026-08-01 17:54,0,,50,5.0
2026-08-01T15:59:50Z,2026-08-01 17:59,0,,50,5.0
2026-08-01T16:04:53Z,2026-08-01 18:04,0,,50,5.0
2026-08-01T16:09:56Z,2026-08-01 18:09,0,,50,5.0
2026-08-01T16:15:00Z,2026-08-01 18:15,0,,50,5.0
2026-08-01T16:20:03Z,2026-08-01 18:20,0,,50,5.0
2026-08-01T16:25:06Z,2026-08-01 18:25,0,,50,5.0
2026-08-01T16:30:10Z,2026-08-01 18:30,0,,50,5.0
2026-08-01T16:35:13Z,2026-08-01 18:35,0,,50,5.0
2026-08-01T16:40:18Z,2026-08-01 18:40,0,,50,5.0
2026-08-01T16:45:22Z,2026-08-01 18:45,0,,50,5.0
2026-08-01T16:50:28Z,2026-08-01 18:50,0,,50,5.0
2026-08-01T16:50:41Z,2026-08-01 18:50,0,,50,5.0
2026-08-01T16:55:47Z,2026-08-01 18:55,0,,50,5.0
2026-08-01T17:00:52Z,2026-08-01 19:00,0,,50,5.0
2026-08-01T17:05:58Z,2026-08-01 19:05,0,,40,4.0
2026-08-01T17:11:03Z,2026-08-01 19:11,0,,40,4.0
2026-08-01T17:16:11Z,2026-08-01 19:16,0,,40,4.0
2026-08-01T17:21:18Z,2026-08-01 19:21,0,,40,4.0
2026-08-01T17:26:23Z,2026-08-01 19:26,0,,40,4.0
2026-08-01T17:31:28Z,2026-08-01 19:31,0,,40,4.0
2026-08-01T17:36:32Z,2026-08-01 19:36,0,,40,4.0
2026-08-01T17:41:37Z,2026-08-01 19:41,0,,40,4.0
2026-08-01T17:46:42Z,2026-08-01 19:46,0,,40,4.0
2026-08-01T17:51:48Z,2026-08-01 19:51,0,,40,4.0
2026-08-01T17:56:54Z,2026-08-01 19:56,0,,40,4.0
2026-08-01T18:01:58Z,2026-08-01 20:01,0,,40,4.0
2026-08-01T18:07:04Z,2026-08-01 20:07,0,,40,4.0
2026-08-01T18:12:10Z,2026-08-01 20:12,0,,40,4.0
2026-08-01T18:17:14Z,2026-08-01 20:17,0,,40,4.0
2026-08-01T18:22:20Z,2026-08-01 20:22,0,,40,4.0
2026-08-01T18:27:26Z,2026-08-01 20:27,0,,40,4.0
2026-08-01T18:32:31Z,2026-08-01 20:32,0,,40,4.0
2026-08-01T18:37:35Z,2026-08-01 20:37,0,,40,4.0
2026-08-01T18:42:40Z,2026-08-01 20:42,0,,40,4.0
2026-08-01T18:47:46Z,2026-08-01 20:47,0,,40,4.0
2026-08-01T18:52:52Z,2026-08-01 20:52,0,,40,4.0
2026-08-01T18:57:57Z,2026-08-01 20:57,0,,30,3.0
2026-08-01T19:03:03Z,2026-08-01 21:03,0,,30,3.0
2026-08-01T19:08:09Z,2026-08-01 21:08,0,,30,3.0
2026-08-01T19:13:14Z,2026-08-01 21:13,0,,30,3.0
2026-08-01T19:18:20Z,2026-08-01 21:18,0,,30,3.0
2026-08-01T19:23:25Z,2026-08-01 21:23,0,,30,3.0
2026-08-01T19:28:31Z,2026-08-01 21:28,0,,30,3.0
2026-08-01T19:39:28Z,2026-08-01 21:39,0,,30,3.0
2026-08-01T19:39:42Z,2026-08-01 21:39,0,,30,3.0
2026-08-01T19:44:47Z,2026-08-01 21:44,0,,30,3.0
2026-08-01T19:49:52Z,2026-08-01 21:49,0,,30,3.0
2026-08-01T19:54:57Z,2026-08-01 21:54,0,,30,3.0
2026-08-01T20:00:05Z,2026-08-01 22:00,0,,30,3.0
2026-08-01T20:05:13Z,2026-08-01 22:05,0,,30,3.0
2026-08-01T20:10:17Z,2026-08-01 22:10,0,,30,3.0
2026-08-01T20:15:48Z,2026-08-01 22:15,0,,30,3.0
2026-08-01T20:20:54Z,2026-08-01 22:20,0,,30,3.0
2026-08-01T20:26:00Z,2026-08-01 22:26,0,,30,3.0
2026-08-01T20:31:05Z,2026-08-01 22:31,0,,30,3.0
2026-08-01T20:36:09Z,2026-08-01 22:36,0,,30,3.0
2026-08-01T20:41:14Z,2026-08-01 22:41,0,,30,3.0
2026-08-01T20:46:19Z,2026-08-01 22:46,0,,30,3.0
2026-08-01T20:51:24Z,2026-08-01 22:51,0,,30,3.0
2026-08-01T20:56:30Z,2026-08-01 22:56,0,,30,3.0
2026-08-01T21:01:36Z,2026-08-01 23:01,0,,20,2.0
2026-08-01T21:06:42Z,2026-08-01 23:06,0,,20,2.0
2026-08-01T21:11:48Z,2026-08-01 23:11,0,,20,2.0
2026-08-01T21:16:52Z,2026-08-01 23:16,0,,20,2.0
2026-08-01T21:21:57Z,2026-08-01 23:21,0,,20,2.0
2026-08-01T21:27:02Z,2026-08-01 23:27,0,,20,2.0
2026-08-01T21:32:07Z,2026-08-01 23:32,0,,20,2.0
2026-08-01T21:37:13Z,2026-08-01 23:37,0,,20,2.0
2026-08-01T21:42:19Z,2026-08-01 23:42,0,,20,2.0
2026-08-01T21:47:24Z,2026-08-01 23:47,0,,20,2.0
2026-08-01T21:52:29Z,2026-08-01 23:52,0,,20,2.0
2026-08-01T21:57:35Z,2026-08-01 23:57,0,,20,2.0
2026-08-01T22:02:40Z,2026-08-02 00:02,0,,20,2.0
2026-08-01T22:07:45Z,2026-08-02 00:07,0,,20,2.0
2026-08-01T22:12:51Z,2026-08-02 00:12,0,,20,2.0
2026-08-01T22:17:56Z,2026-08-02 00:17,0,,10,1.0
2026-08-01T22:22:59Z,2026-08-02 00:22,0,,10,1.0
2026-08-01T22:28:03Z,2026-08-02 00:28,0,,10,1.0
2026-08-01T22:28:18Z,2026-08-02 00:28,0,,10,1.0
2026-08-01T22:33:24Z,2026-08-02 00:33,0,,10,1.0
2026-08-01T22:38:29Z,2026-08-02 00:38,0,,0,
2026-08-01T22:43:37Z,2026-08-02 00:43,0,,0,
2026-08-01T22:48:42Z,2026-08-02 00:48,0,,0,
2026-08-01T22:59:40Z,2026-08-02 00:59,0,,0,
2026-08-01T23:10:38Z,2026-08-02 01:10,0,,0,
2026-08-01T23:15:43Z,2026-08-02 01:15,0,,0,
2026-08-01T23:20:48Z,2026-08-02 01:20,0,,0,
2026-08-01T23:25:52Z,2026-08-02 01:25,0,,0,
2026-08-01T23:30:56Z,2026-08-02 01:30,0,,0,
2026-08-01T23:36:00Z,2026-08-02 01:36,0,,0,
2026-08-01T23:41:06Z,2026-08-02 01:41,0,,0,
2026-08-01T23:46:12Z,2026-08-02 01:46,0,,0,
2026-08-01T23:51:17Z,2026-08-02 01:51,0,,0,
2026-08-01T23:56:21Z,2026-08-02 01:56,0,,0,
2026-08-02T00:01:25Z,2026-08-02 02:01,0,,0,
2026-08-02T00:06:29Z,2026-08-02 02:06,0,,0,
2026-08-02T00:11:34Z,2026-08-02 02:11,0,,0,
2026-08-02T00:16:38Z,2026-08-02 02:16,0,,0,
2026-08-02T00:21:42Z,2026-08-02 02:21,0,,0,
2026-08-02T00:26:48Z,2026-08-02 02:26,0,,0,
2026-08-02T00:32:20Z,2026-08-02 02:32,0,,0,
2026-08-02T00:37:25Z,2026-08-02 02:37,0,,0,
2026-08-02T00:42:30Z,2026-08-02 02:42,0,,0,
2026-08-02T00:47:34Z,2026-08-02 02:47,0,,0,
2026-08-02T00:52:40Z,2026-08-02 02:52,0,,0,
2026-08-02T00:57:46Z,2026-08-02 02:57,0,,0,
2026-08-02T01:02:51Z,2026-08-02 03:02,0,,0,
2026-08-02T01:07:56Z,2026-08-02 03:07,0,,0,
2026-08-02T01:13:01Z,2026-08-02 03:13,0,,0,
2026-08-02T01:18:07Z,2026-08-02 03:18,0,,0,
2026-08-02T01:18:24Z,2026-08-02 03:18,0,,0,
2026-08-02T01:23:29Z,2026-08-02 03:23,0,,0,
2026-08-02T01:28:34Z,2026-08-02 03:28,0,,0,
2026-08-02T01:33:38Z,2026-08-02 03:33,0,,0,
2026-08-02T01:38:45Z,2026-08-02 03:38,0,,0,
2026-08-02T01:43:48Z,2026-08-02 03:43,0,,0,
2026-08-02T01:48:53Z,2026-08-02 03:48,0,,0,
2026-08-02T01:53:59Z,2026-08-02 03:53,0,,0,
2026-08-02T01:59:05Z,2026-08-02 03:59,0,,0,
2026-08-02T02:04:10Z,2026-08-02 04:04,0,,0,
2026-08-02T02:09:16Z,2026-08-02 04:09,0,,0,
2026-08-02T02:14:21Z,2026-08-02 04:14,0,,0,
2026-08-02T02:19:27Z,2026-08-02 04:19,0,,0,
2026-08-02T02:24:32Z,2026-08-02 04:24,0,,0,
2026-08-02T02:29:37Z,2026-08-02 04:29,0,,0,
2026-08-02T02:34:43Z,2026-08-02 04:34,0,,0,
2026-08-02T02:39:47Z,2026-08-02 04:39,0,,0,
2026-08-02T02:44:53Z,2026-08-02 04:44,0,,0,
2026-08-02T02:49:58Z,2026-08-02 04:49,0,,0,
2026-08-02T02:55:01Z,2026-08-02 04:55,0,,0,
2026-08-02T03:00:12Z,2026-08-02 05:00,0,,0,
2026-08-02T03:05:18Z,2026-08-02 05:05,0,,0,
2026-08-02T03:10:24Z,2026-08-02 05:10,0,,0,
2026-08-02T03:15:30Z,2026-08-02 05:15,0,,0,
2026-08-02T03:20:36Z,2026-08-02 05:20,0,,0,
2026-08-02T03:25:41Z,2026-08-02 05:25,0,,0,
2026-08-02T03:30:45Z,2026-08-02 05:30,0,,0,
2026-08-02T03:35:50Z,2026-08-02 05:35,0,,0,
2026-08-02T03:40:55Z,2026-08-02 05:40,0,,0,
2026-08-02T03:46:01Z,2026-08-02 05:46,0,,0,
2026-08-02T03:51:07Z,2026-08-02 05:51,0,,0,
2026-08-02T03:56:13Z,2026-08-02 05:56,0,,0,
2026-08-02T04:01:21Z,2026-08-02 06:01,0,,0,
2026-08-02T04:06:26Z,2026-08-02 06:06,0,,0,
2026-08-02T04:51:29Z,2026-08-02 06:51,0,,0,
2026-08-02T04:56:35Z,2026-08-02 06:56,0,,0,
2026-08-02T05:01:39Z,2026-08-02 07:01,0,,0,
2026-08-02T05:06:44Z,2026-08-02 07:06,0,,0,
2026-08-02T05:11:48Z,2026-08-02 07:11,0,,0,
2026-08-02T05:16:53Z,2026-08-02 07:16,0,,0,
2026-08-02T05:21:58Z,2026-08-02 07:21,0,,0,
2026-08-02T05:27:03Z,2026-08-02 07:27,0,,0,
2026-08-02T05:32:08Z,2026-08-02 07:32,0,,0,
2026-08-02T05:37:12Z,2026-08-02 07:37,0,,0,
2026-08-02T05:42:17Z,2026-08-02 07:42,0,,0,
2026-08-02T05:47:21Z,2026-08-02 07:47,0,,0,
2026-08-02T05:52:27Z,2026-08-02 07:52,10,1.0,0,
2026-08-02T05:57:31Z,2026-08-02 07:57,10,1.0,0,
2026-08-02T06:02:36Z,2026-08-02 08:02,10,1.0,0,
2026-08-02T06:07:41Z,2026-08-02 08:07,10,1.0,10,1.0
2026-08-02T06:12:46Z,2026-08-02 08:12,10,1.0,10,1.0
2026-08-02T06:17:51Z,2026-08-02 08:17,10,1.0,10,1.0
2026-08-02T06:28:47Z,2026-08-02 08:28,10,1.0,10,1.0
2026-08-02T06:33:52Z,2026-08-02 08:33,10,1.0,10,1.0
2026-08-02T06:38:58Z,2026-08-02 08:38,10,1.0,10,1.0
2026-08-02T06:44:02Z,2026-08-02 08:44,10,1.0,10,1.0
2026-08-02T06:49:06Z,2026-08-02 08:49,10,1.0,10,1.0
2026-08-02T06:54:11Z,2026-08-02 08:54,10,1.0,10,1.0
2026-08-02T06:59:18Z,2026-08-02 08:59,10,1.0,10,1.0
2026-08-02T07:04:22Z,2026-08-02 09:04,10,1.0,10,1.0
2026-08-02T07:09:26Z,2026-08-02 09:09,10,1.0,10,1.0
2026-08-02T07:14:30Z,2026-08-02 09:14,10,1.0,10,1.0
2026-08-02T07:19:36Z,2026-08-02 09:19,20,2.0,30,3.0
2026-08-02T07:29:44Z,2026-08-02 09:29,20,2.0,30,3.0
2026-08-02T07:34:50Z,2026-08-02 09:34,20,2.0,30,3.0
2026-08-02T07:39:56Z,2026-08-02 09:39,20,2.0,30,3.0
2026-08-02T07:40:29Z,2026-08-02 09:40,20,2.0,30,3.0
2026-08-02T07:51:25Z,2026-08-02 09:51,20,2.0,30,3.0
2026-08-02T07:56:30Z,2026-08-02 09:56,20,2.0,30,3.0
2026-08-02T08:01:34Z,2026-08-02 10:01,20,2.0,30,3.0
2026-08-02T08:06:39Z,2026-08-02 10:06,20,2.0,30,3.0
2026-08-02T08:11:44Z,2026-08-02 10:11,20,2.0,40,4.0
2026-08-02T08:16:48Z,2026-08-02 10:16,20,2.0,40,4.0
2026-08-02T08:21:51Z,2026-08-02 10:21,20,2.0,40,4.0
2026-08-02T08:26:55Z,2026-08-02 10:26,20,2.0,40,4.0
2026-08-02T08:32:25Z,2026-08-02 10:32,20,2.0,40,4.0
2026-08-02T08:37:30Z,2026-08-02 10:37,30,3.0,40,4.0
2026-08-02T08:42:34Z,2026-08-02 10:42,30,3.0,40,4.0
2026-08-02T08:47:39Z,2026-08-02 10:47,30,3.0,40,4.0
2026-08-02T08:52:44Z,2026-08-02 10:52,40,4.0,40,4.0
2026-08-02T08:57:47Z,2026-08-02 10:57,40,4.0,40,4.0
2026-08-02T09:02:51Z,2026-08-02 11:02,40,4.0,40,4.0
2026-08-02T09:07:56Z,2026-08-02 11:07,40,4.0,40,4.0
2026-08-02T09:13:00Z,2026-08-02 11:13,40,4.0,40,4.0
2026-08-02T09:18:05Z,2026-08-02 11:18,40,4.0,40,4.0
2026-08-02T09:23:09Z,2026-08-02 11:23,40,4.0,40,4.0
2026-08-02T09:28:14Z,2026-08-02 11:28,40,4.0,40,4.0
2026-08-02T09:34:09Z,2026-08-02 11:34,40,4.0,40,4.0
2026-08-02T09:39:13Z,2026-08-02 11:39,40,4.0,40,4.0
2026-08-02T09:44:18Z,2026-08-02 11:44,40,4.0,50,5.0
2026-08-02T09:49:22Z,2026-08-02 11:49,40,4.0,50,5.0
2026-08-02T09:54:26Z,2026-08-02 11:54,40,4.0,50,5.0
2026-08-02T09:59:31Z,2026-08-02 11:59,40,4.0,50,5.0
2026-08-02T10:04:34Z,2026-08-02 12:04,40,4.0,50,5.0
2026-08-02T10:09:39Z,2026-08-02 12:09,40,4.0,50,5.0
2026-08-02T10:14:42Z,2026-08-02 12:14,40,4.0,50,5.0
2026-08-02T10:19:46Z,2026-08-02 12:19,40,4.0,50,5.0
2026-08-02T10:24:51Z,2026-08-02 12:24,40,4.0,50,5.0
2026-08-02T10:29:55Z,2026-08-02 12:29,40,4.0,50,5.0
2026-08-02T10:30:08Z,2026-08-02 12:30,40,4.0,50,5.0
2026-08-02T10:35:12Z,2026-08-02 12:35,40,4.0,50,5.0
2026-08-02T10:40:17Z,2026-08-02 12:40,40,4.0,50,5.0
2026-08-02T10:45:20Z,2026-08-02 12:45,40,4.0,50,5.0
2026-08-02T10:50:25Z,2026-08-02 12:50,40,4.0,50,5.0
2026-08-02T10:55:30Z,2026-08-02 12:55,40,4.0,50,5.0
2026-08-02T11:00:35Z,2026-08-02 13:00,45,4.0,50,5.0
2026-08-02T11:05:40Z,2026-08-02 13:05,45,4.0,50,5.0
2026-08-02T11:10:46Z,2026-08-02 13:10,40,4.0,50,5.0
2026-08-02T11:15:51Z,2026-08-02 13:15,40,4.0,50,5.0
2026-08-02T11:20:57Z,2026-08-02 13:20,40,4.0,60,6.0
2026-08-02T11:26:03Z,2026-08-02 13:26,40,4.0,60,6.0
2026-08-02T11:31:10Z,2026-08-02 13:31,40,4.0,60,6.0
2026-08-02T11:36:15Z,2026-08-02 13:36,40,4.0,70,7.0
2026-08-02T11:41:21Z,2026-08-02 13:41,40,4.0,70,7.0
2026-08-02T11:46:27Z,2026-08-02 13:46,40,4.0,70,7.0
2026-08-02T11:51:31Z,2026-08-02 13:51,40,4.0,70,7.0
2026-08-02T11:56:37Z,2026-08-02 13:56,40,4.0,70,7.0
2026-08-02T12:01:42Z,2026-08-02 14:01,40,4.0,70,7.0
2026-08-02T12:06:48Z,2026-08-02 14:06,40,4.0,90,9.0
2026-08-02T12:11:54Z,2026-08-02 14:11,40,4.0,90,9.0
2026-08-02T12:16:59Z,2026-08-02 14:16,40,4.0,90,9.0
2026-08-02T12:22:30Z,2026-08-02 14:22,40,4.0,90,9.0
2026-08-02T12:27:35Z,2026-08-02 14:27,40,4.0,90,9.0
2026-08-02T12:32:40Z,2026-08-02 14:32,40,4.0,90,9.0
2026-08-02T12:37:46Z,2026-08-02 14:37,40,4.0,90,9.0
2026-08-02T12:42:52Z,2026-08-02 14:42,40,4.0,90,9.0
2026-08-02T12:47:58Z,2026-08-02 14:47,40,4.0,90,9.0
2026-08-02T12:53:03Z,2026-08-02 14:53,40,4.0,90,9.0
2026-08-02T12:58:08Z,2026-08-02 14:58,40,4.0,90,9.0
2026-08-02T13:03:14Z,2026-08-02 15:03,40,4.0,90,9.0
2026-08-02T13:08:19Z,2026-08-02 15:08,40,4.0,90,9.0
2026-08-02T13:13:25Z,2026-08-02 15:13,40,4.0,90,9.0
2026-08-02T13:18:29Z,2026-08-02 15:18,40,4.0,90,9.0
2026-08-02T13:18:41Z,2026-08-02 15:18,40,4.0,90,9.0
2026-08-02T13:23:46Z,2026-08-02 15:23,40,4.0,90,9.0
2026-08-02T13:28:50Z,2026-08-02 15:28,40,4.0,90,9.0
2026-08-02T13:33:55Z,2026-08-02 15:33,40,4.0,90,9.0
2026-08-02T13:38:58Z,2026-08-02 15:38,40,4.0,90,9.0
2026-08-02T13:44:05Z,2026-08-02 15:44,40,4.0,90,9.0
2026-08-02T13:49:10Z,2026-08-02 15:49,40,4.0,90,9.0
2026-08-02T13:54:13Z,2026-08-02 15:54,40,4.0,90,9.0
2026-08-02T13:59:19Z,2026-08-02 15:59,40,4.0,90,9.0
2026-08-02T14:04:24Z,2026-08-02 16:04,40,4.0,90,9.0
2026-08-02T14:09:29Z,2026-08-02 16:09,40,4.0,90,9.0
2026-08-02T14:14:33Z,2026-08-02 16:14,40,4.0,90,9.0
2026-08-02T14:19:38Z,2026-08-02 16:19,40,4.0,90,9.0
2026-08-02T14:24:42Z,2026-08-02 16:24,40,4.0,90,9.0
2026-08-02T14:29:47Z,2026-08-02 16:29,40,4.0,90,9.0
2026-08-02T14:34:52Z,2026-08-02 16:34,40,4.0,90,9.0
2026-08-02T14:39:57Z,2026-08-02 16:39,30,3.0,90,9.0
2026-08-02T14:45:00Z,2026-08-02 16:45,30,3.0,90,9.0
2026-08-02T14:50:10Z,2026-08-02 16:50,30,3.0,90,9.0
2026-08-02T14:55:40Z,2026-08-02 16:55,30,3.0,90,9.0
2026-08-02T15:00:46Z,2026-08-02 17:00,30,3.0,90,9.0
2026-08-02T15:05:51Z,2026-08-02 17:05,20,2.0,90,9.0
2026-08-02T15:10:57Z,2026-08-02 17:10,20,2.0,90,9.0
2026-08-02T15:16:01Z,2026-08-02 17:16,20,2.0,90,9.0
2026-08-02T15:21:05Z,2026-08-02 17:21,20,2.0,90,9.0
2026-08-02T15:26:09Z,2026-08-02 17:26,20,2.0,90,9.0
2026-08-02T15:31:13Z,2026-08-02 17:31,20,2.0,90,9.0
2026-08-02T15:41:29Z,2026-08-02 17:41,0,,80,8.0
2026-08-02T15:46:33Z,2026-08-02 17:46,0,,80,8.0
2026-08-02T15:51:38Z,2026-08-02 17:51,0,,80,8.0
2026-08-02T15:56:42Z,2026-08-02 17:56,0,,80,8.0
2026-08-02T16:01:46Z,2026-08-02 18:01,0,,80,8.0
2026-08-02T16:06:52Z,2026-08-02 18:06,0,,80,8.0
2026-08-02T16:07:05Z,2026-08-02 18:07,0,,80,8.0
2026-08-02T16:12:10Z,2026-08-02 18:12,0,,80,8.0
2026-08-02T16:17:14Z,2026-08-02 18:17,0,,80,8.0
2026-08-02T16:22:18Z,2026-08-02 18:22,0,,80,8.0
2026-08-02T16:27:23Z,2026-08-02 18:27,0,,80,8.0
2026-08-02T16:32:27Z,2026-08-02 18:32,0,,80,8.0
2026-08-02T16:37:33Z,2026-08-02 18:37,0,,80,8.0
2026-08-02T16:42:38Z,2026-08-02 18:42,0,,80,8.0
2026-08-02T16:47:45Z,2026-08-02 18:47,0,,80,8.0
2026-08-02T16:52:50Z,2026-08-02 18:52,0,,50,5.0
2026-08-02T16:57:56Z,2026-08-02 18:57,0,,50,5.0
2026-08-02T17:03:00Z,2026-08-02 19:03,0,,50,5.0
2026-08-02T17:08:06Z,2026-08-02 19:08,0,,50,5.0
2026-08-02T17:13:11Z,2026-08-02 19:13,0,,50,5.0
2026-08-02T17:18:17Z,2026-08-02 19:18,0,,50,5.0
2026-08-02T17:23:21Z,2026-08-02 19:23,0,,50,5.0
2026-08-02T17:28:27Z,2026-08-02 19:28,0,,50,5.0
2026-08-02T17:33:33Z,2026-08-02 19:33,0,,50,5.0
2026-08-02T17:38:38Z,2026-08-02 19:38,0,,40,4.0
2026-08-02T17:43:44Z,2026-08-02 19:43,0,,40,4.0
2026-08-02T17:48:50Z,2026-08-02 19:48,0,,40,4.0
2026-08-02T17:53:55Z,2026-08-02 19:53,0,,40,4.0
2026-08-02T17:59:00Z,2026-08-02 19:59,0,,40,4.0
2026-08-02T18:04:03Z,2026-08-02 20:04,0,,40,4.0
2026-08-02T18:09:08Z,2026-08-02 20:09,0,,40,4.0
2026-08-02T18:14:14Z,2026-08-02 20:14,0,,40,4.0
2026-08-02T18:19:23Z,2026-08-02 20:19,0,,40,4.0
2026-08-02T18:24:28Z,2026-08-02 20:24,0,,40,4.0
2026-08-02T18:29:32Z,2026-08-02 20:29,0,,40,4.0
2026-08-02T18:34:39Z,2026-08-02 20:34,0,,30,3.0
2026-08-02T18:39:43Z,2026-08-02 20:39,0,,30,3.0
2026-08-02T18:44:48Z,2026-08-02 20:44,0,,30,3.0
2026-08-02T18:49:53Z,2026-08-02 20:49,0,,30,3.0
2026-08-02T18:54:58Z,2026-08-02 20:54,0,,30,3.0
2026-08-02T19:54:01Z,2026-08-02 21:54,0,,30,3.0
2026-08-02T19:59:06Z,2026-08-02 21:59,0,,30,3.0
2026-08-02T20:04:15Z,2026-08-02 22:04,0,,30,3.0
2026-08-02T20:09:20Z,2026-08-02 22:09,0,,20,2.0
2026-08-02T20:14:24Z,2026-08-02 22:14,0,,20,2.0
2026-08-02T20:19:28Z,2026-08-02 22:19,0,,20,2.0
2026-08-02T20:24:32Z,2026-08-02 22:24,0,,20,2.0
2026-08-02T20:29:37Z,2026-08-02 22:29,0,,20,2.0
2026-08-02T20:34:42Z,2026-08-02 22:34,0,,20,2.0
2026-08-02T20:39:47Z,2026-08-02 22:39,0,,20,2.0
2026-08-02T20:44:52Z,2026-08-02 22:44,0,,10,1.0
2026-08-02T20:49:57Z,2026-08-02 22:49,0,,10,1.0
2026-08-02T20:55:01Z,2026-08-02 22:55,0,,10,1.0
2026-08-02T21:00:16Z,2026-08-02 23:00,0,,10,1.0
2026-08-02T21:05:20Z,2026-08-02 23:05,0,,10,1.0
2026-08-02T21:10:25Z,2026-08-02 23:10,0,,10,1.0
2026-08-02T21:15:29Z,2026-08-02 23:15,0,,10,1.0
2026-08-02T21:20:34Z,2026-08-02 23:20,0,,0,
2026-08-02T21:25:37Z,2026-08-02 23:25,0,,0,
2026-08-02T21:30:41Z,2026-08-02 23:30,0,,0,
2026-08-02T21:35:46Z,2026-08-02 23:35,0,,0,
2026-08-02T21:40:50Z,2026-08-02 23:40,0,,0,
2026-08-02T21:45:54Z,2026-08-02 23:45,0,,0,
2026-08-02T21:50:58Z,2026-08-02 23:50,0,,0,
2026-08-02T21:56:05Z,2026-08-02 23:56,0,,0,
2026-08-02T22:01:10Z,2026-08-03 00:01,0,,0,
2026-08-02T22:06:13Z,2026-08-03 00:06,0,,0,
2026-08-02T22:11:16Z,2026-08-03 00:11,0,,0,
2026-08-02T22:16:21Z,2026-08-03 00:16,0,,0,
2026-08-02T22:21:25Z,2026-08-03 00:21,0,,0,
2026-08-02T22:26:28Z,2026-08-03 00:26,0,,0,
2026-08-02T22:31:32Z,2026-08-03 00:31,0,,0,
2026-08-02T22:36:36Z,2026-08-03 00:36,0,,0,
2026-08-02T22:41:41Z,2026-08-03 00:41,0,,0,
2026-08-02T22:47:45Z,2026-08-03 00:47,0,,0,
2026-08-02T22:52:49Z,2026-08-03 00:52,0,,0,
2026-08-02T22:57:53Z,2026-08-03 00:57,0,,0,
2026-08-02T23:02:57Z,2026-08-03 01:02,0,,0,
2026-08-02T23:08:02Z,2026-08-03 01:08,0,,0,
2026-08-02T23:13:06Z,2026-08-03 01:13,0,,0,
2026-08-02T23:18:10Z,2026-08-03 01:18,0,,0,
2026-08-02T23:23:14Z,2026-08-03 01:23,0,,0,
2026-08-02T23:28:19Z,2026-08-03 01:28,0,,0,
2026-08-02T23:33:23Z,2026-08-03 01:33,0,,0,
2026-08-02T23:38:27Z,2026-08-03 01:38,0,,0,
2026-08-02T23:43:29Z,2026-08-03 01:43,0,,0,
2026-08-02T23:48:34Z,2026-08-03 01:48,0,,0,
2026-08-02T23:53:39Z,2026-08-03 01:53,0,,0,
2026-08-02T23:58:44Z,2026-08-03 01:58,0,,0,
2026-08-03T00:03:48Z,2026-08-03 02:03,0,,0,
2026-08-03T00:08:53Z,2026-08-03 02:08,0,,0,
2026-08-03T00:13:58Z,2026-08-03 02:13,0,,0,
2026-08-03T00:19:03Z,2026-08-03 02:19,0,,0,
2026-08-03T00:24:07Z,2026-08-03 02:24,0,,0,
2026-08-03T00:29:12Z,2026-08-03 02:29,0,,0,
2026-08-03T00:34:17Z,2026-08-03 02:34,0,,0,
2026-08-03T00:39:21Z,2026-08-03 02:39,0,,0,
2026-08-03T00:44:26Z,2026-08-03 02:44,0,,0,
2026-08-03T00:49:31Z,2026-08-03 02:49,0,,0,
2026-08-03T00:54:35Z,2026-08-03 02:54,0,,0,
2026-08-03T00:59:39Z,2026-08-03 02:59,0,,0,
2026-08-03T01:04:44Z,2026-08-03 03:04,0,,0,
2026-08-03T01:09:48Z,2026-08-03 03:09,0,,0,
2026-08-03T01:14:53Z,2026-08-03 03:14,0,,0,
2026-08-03T01:19:56Z,2026-08-03 03:19,0,,0,
2026-08-03T01:25:01Z,2026-08-03 03:25,0,,0,
2026-08-03T01:30:08Z,2026-08-03 03:30,0,,0,
2026-08-03T01:30:20Z,2026-08-03 03:30,0,,0,
2026-08-03T01:35:23Z,2026-08-03 03:35,0,,0,
2026-08-03T01:40:28Z,2026-08-03 03:40,0,,0,
2026-08-03T01:45:34Z,2026-08-03 03:45,0,,0,
2026-08-03T01:50:38Z,2026-08-03 03:50,0,,0,
2026-08-03T01:55:42Z,2026-08-03 03:55,0,,0,
2026-08-03T02:00:48Z,2026-08-03 04:00,0,,0,
2026-08-03T02:05:53Z,2026-08-03 04:05,0,,0,
2026-08-03T02:10:57Z,2026-08-03 04:10,0,,0,
2026-08-03T02:16:05Z,2026-08-03 04:16,0,,0,
2026-08-03T02:21:10Z,2026-08-03 04:21,0,,0,
2026-08-03T02:26:15Z,2026-08-03 04:26,0,,0,
2026-08-03T02:31:20Z,2026-08-03 04:31,0,,0,
2026-08-03T02:36:24Z,2026-08-03 04:36,0,,0,
2026-08-03T02:41:29Z,2026-08-03 04:41,0,,0,
2026-08-03T02:46:36Z,2026-08-03 04:46,0,,0,
2026-08-03T02:51:42Z,2026-08-03 04:51,0,,0,
2026-08-03T02:56:47Z,2026-08-03 04:56,0,,0,
2026-08-03T03:01:51Z,2026-08-03 05:01,0,,0,
2026-08-03T03:06:57Z,2026-08-03 05:06,0,,0,
2026-08-03T03:12:02Z,2026-08-03 05:12,0,,0,
2026-08-03T03:17:07Z,2026-08-03 05:17,0,,0,
2026-08-03T03:22:12Z,2026-08-03 05:22,0,,0,
2026-08-03T03:27:16Z,2026-08-03 05:27,0,,0,
2026-08-03T03:32:21Z,2026-08-03 05:32,0,,0,
2026-08-03T03:37:26Z,2026-08-03 05:37,0,,0,
2026-08-03T03:42:31Z,2026-08-03 05:42,0,,0,
2026-08-03T03:47:37Z,2026-08-03 05:47,0,,0,
2026-08-03T03:52:42Z,2026-08-03 05:52,0,,0,
2026-08-03T03:57:46Z,2026-08-03 05:57,0,,0,
2026-08-03T04:02:51Z,2026-08-03 06:02,0,,0,
2026-08-03T04:07:57Z,2026-08-03 06:07,0,,0,
2026-08-03T04:13:02Z,2026-08-03 06:13,0,,0,
2026-08-03T04:18:08Z,2026-08-03 06:18,0,,0,
2026-08-03T04:59:24Z,2026-08-03 06:59,0,,0,
2026-08-03T05:04:29Z,2026-08-03 07:04,0,,0,
2026-08-03T05:09:37Z,2026-08-03 07:09,0,,0,
2026-08-03T05:14:44Z,2026-08-03 07:14,0,,0,
2026-08-03T05:19:48Z,2026-08-03 07:19,0,,0,
2026-08-03T05:24:55Z,2026-08-03 07:24,0,,0,
2026-08-03T05:29:59Z,2026-08-03 07:29,0,,0,
2026-08-03T05:35:15Z,2026-08-03 07:35,10,1.0,0,
2026-08-03T05:40:20Z,2026-08-03 07:40,10,1.0,0,
2026-08-03T05:45:30Z,2026-08-03 07:45,10,1.0,0,
2026-08-03T05:50:36Z,2026-08-03 07:50,10,1.0,10,1.0
2026-08-03T05:55:42Z,2026-08-03 07:55,10,1.0,10,1.0
2026-08-03T06:00:47Z,2026-08-03 08:00,10,1.0,10,1.0
2026-08-03T06:05:54Z,2026-08-03 08:05,20,2.0,10,1.0
2026-08-03T06:10:59Z,2026-08-03 08:10,20,2.0,10,1.0
2026-08-03T06:16:06Z,2026-08-03 08:16,20,2.0,10,1.0
2026-08-03T06:21:13Z,2026-08-03 08:21,20,2.0,10,1.0
2026-08-03T06:26:20Z,2026-08-03 08:26,20,2.0,10,1.0
2026-08-03T06:31:27Z,2026-08-03 08:31,20,2.0,10,1.0
2026-08-03T06:36:31Z,2026-08-03 08:36,20,2.0,10,1.0
2026-08-03T06:41:40Z,2026-08-03 08:41,20,2.0,10,1.0
2026-08-03T06:46:48Z,2026-08-03 08:46,20,2.0,10,1.0
2026-08-03T06:51:54Z,2026-08-03 08:51,20,2.0,10,1.0
2026-08-03T06:56:59Z,2026-08-03 08:56,20,2.0,10,1.0
2026-08-03T07:02:03Z,2026-08-03 09:02,20,2.0,10,1.0
2026-08-03T07:07:15Z,2026-08-03 09:07,20,2.0,10,1.0
2026-08-03T07:12:26Z,2026-08-03 09:12,20,2.0,10,1.0
2026-08-03T07:17:34Z,2026-08-03 09:17,30,3.0,20,2.0
2026-08-03T07:28:47Z,2026-08-03 09:28,30,3.0,20,2.0
2026-08-03T07:40:19Z,2026-08-03 09:40,30,3.0,20,2.0
2026-08-03T07:46:01Z,2026-08-03 09:46,40,4.0,30,3.0
2026-08-03T07:51:26Z,2026-08-03 09:51,40,4.0,30,3.0
2026-08-03T08:33:18Z,2026-08-03 10:33,50,5.0,40,4.0
2026-08-03T08:38:51Z,2026-08-03 10:38,50,5.0,40,4.0
2026-08-03T08:45:17Z,2026-08-03 10:45,50,5.0,40,4.0
2026-08-03T08:51:31Z,2026-08-03 10:51,50,5.0,40,4.0
2026-08-03T08:57:40Z,2026-08-03 10:57,50,5.0,40,4.0
2026-08-03T09:09:52Z,2026-08-03 11:09,50,5.0,40,4.0
2026-08-03T09:14:58Z,2026-08-03 11:14,50,5.0,50,5.0
2026-08-03T09:20:35Z,2026-08-03 11:20,50,5.0,50,5.0
2026-08-03T09:26:46Z,2026-08-03 11:26,50,5.0,50,5.0
2026-08-03T09:32:28Z,2026-08-03 11:32,50,5.0,50,5.0
2026-08-03T09:37:33Z,2026-08-03 11:37,50,5.0,50,5.0
2026-08-03T09:42:37Z,2026-08-03 11:42,50,5.0,50,5.0
2026-08-03T09:47:41Z,2026-08-03 11:47,50,5.0,50,5.0
2026-08-03T09:52:47Z,2026-08-03 11:52,60,6.0,50,5.0
2026-08-03T09:57:52Z,2026-08-03 11:57,60,6.0,50,5.0
2026-08-03T10:02:57Z,2026-08-03 12:02,60,6.0,50,5.0
2026-08-03T10:08:01Z,2026-08-03 12:08,60,6.0,50,5.0
2026-08-03T10:13:06Z,2026-08-03 12:13,60,6.0,50,5.0
2026-08-03T10:18:10Z,2026-08-03 12:18,60,6.0,50,5.0
2026-08-03T10:23:15Z,2026-08-03 12:23,60,6.0,50,5.0
2026-08-03T10:28:20Z,2026-08-03 12:28,60,6.0,50,5.0
2026-08-03T10:33:25Z,2026-08-03 12:33,80,8.0,50,5.0
2026-08-03T10:38:30Z,2026-08-03 12:38,80,8.0,50,5.0
2026-08-03T10:43:35Z,2026-08-03 12:43,80,8.0,50,5.0
2026-08-03T10:48:41Z,2026-08-03 12:48,80,8.0,50,5.0
2026-08-03T10:53:47Z,2026-08-03 12:53,80,8.0,50,5.0
2026-08-03T10:58:52Z,2026-08-03 12:58,80,8.0,60,6.0
2026-08-03T11:03:58Z,2026-08-03 13:03,80,8.0,60,6.0
2026-08-03T11:09:02Z,2026-08-03 13:09,80,8.0,60,6.0
2026-08-03T11:14:17Z,2026-08-03 13:14,80,8.0,50,5.0
2026-08-03T11:19:23Z,2026-08-03 13:19,80,8.0,60,6.0
2026-08-03T11:24:26Z,2026-08-03 13:24,80,8.0,60,6.0
2026-08-03T11:29:32Z,2026-08-03 13:29,80,8.0,60,6.0
2026-08-03T12:15:51Z,2026-08-03 14:15,80,8.0,60,6.0
2026-08-03T12:20:57Z,2026-08-03 14:20,80,8.0,60,6.0
2026-08-03T12:26:04Z,2026-08-03 14:26,80,8.0,60,6.0
2026-08-03T12:31:08Z,2026-08-03 14:31,80,8.0,60,6.0
2026-08-03T12:36:14Z,2026-08-03 14:36,80,8.0,60,6.0
2026-08-03T12:41:19Z,2026-08-03 14:41,90,9.0,60,6.0
2026-08-03T12:46:24Z,2026-08-03 14:46,90,9.0,60,6.0
2026-08-03T12:51:29Z,2026-08-03 14:51,90,9.0,60,6.0
2026-08-03T12:56:35Z,2026-08-03 14:56,90,9.0,60,6.0
2026-08-03T13:01:40Z,2026-08-03 15:01,90,9.0,60,6.0
2026-08-03T13:06:47Z,2026-08-03 15:06,90,9.0,60,6.0
2026-08-03T13:11:51Z,2026-08-03 15:11,90,9.0,60,6.0
2026-08-03T13:16:55Z,2026-08-03 15:16,90,9.0,60,6.0
2026-08-03T13:22:25Z,2026-08-03 15:22,90,9.0,70,7.0
2026-08-03T13:27:29Z,2026-08-03 15:27,90,9.0,70,7.0
2026-08-03T13:32:35Z,2026-08-03 15:32,90,9.0,70,7.0
2026-08-03T13:37:41Z,2026-08-03 15:37,90,9.0,70,7.0
2026-08-03T13:42:47Z,2026-08-03 15:42,100,10.0,70,7.0
2026-08-03T13:47:51Z,2026-08-03 15:47,100,10.0,70,7.0
2026-08-03T13:52:56Z,2026-08-03 15:52,110,11.0,70,7.0
2026-08-03T13:58:01Z,2026-08-03 15:58,110,11.0,70,7.0
2026-08-03T14:03:06Z,2026-08-03 16:03,110,11.0,70,7.0
2026-08-03T14:08:11Z,2026-08-03 16:08,110,11.0,70,7.0
2026-08-03T14:13:17Z,2026-08-03 16:13,110,11.0,70,7.0
2026-08-03T14:18:22Z,2026-08-03 16:18,110,11.0,70,7.0
2026-08-03T14:23:27Z,2026-08-03 16:23,100,10.0,50,5.0
2026-08-03T14:28:33Z,2026-08-03 16:28,100,10.0,50,5.0
2026-08-03T14:33:38Z,2026-08-03 16:33,100,10.0,50,5.0
2026-08-03T14:38:44Z,2026-08-03 16:38,100,10.0,50,5.0
2026-08-03T14:43:49Z,2026-08-03 16:43,100,10.0,50,5.0
2026-08-03T14:48:54Z,2026-08-03 16:48,100,10.0,50,5.0
2026-08-03T14:54:00Z,2026-08-03 16:54,100,10.0,50,5.0
2026-08-03T14:59:05Z,2026-08-03 16:59,90,9.0,50,5.0
2026-08-03T15:04:10Z,2026-08-03 17:04,90,9.0,50,5.0
2026-08-03T15:23:45Z,2026-08-03 17:23,90,9.0,50,5.0
2026-08-03T15:28:50Z,2026-08-03 17:28,90,9.0,50,5.0
2026-08-03T15:33:53Z,2026-08-03 17:33,90,9.0,50,5.0
2026-08-03T15:38:58Z,2026-08-03 17:38,90,9.0,40,4.0
2026-08-03T15:44:04Z,2026-08-03 17:44,90,9.0,40,4.0
2026-08-03T15:49:09Z,2026-08-03 17:49,90,9.0,40,4.0
2026-08-03T15:54:14Z,2026-08-03 17:54,80,8.0,40,4.0
2026-08-03T15:59:19Z,2026-08-03 17:59,80,8.0,40,4.0
2026-08-03T16:04:24Z,2026-08-03 18:04,80,8.0,40,4.0
2026-08-03T16:09:29Z,2026-08-03 18:09,60,6.0,40,4.0
2026-08-03T16:14:34Z,2026-08-03 18:14,60,6.0,40,4.0
2026-08-03T16:19:40Z,2026-08-03 18:19,50,5.0,40,4.0
2026-08-03T16:24:45Z,2026-08-03 18:24,50,5.0,40,4.0
2026-08-03T16:29:48Z,2026-08-03 18:29,50,5.0,40,4.0
2026-08-03T16:34:54Z,2026-08-03 18:34,50,5.0,40,4.0
2026-08-03T16:39:58Z,2026-08-03 18:39,50,5.0,40,4.0
2026-08-03T16:45:05Z,2026-08-03 18:45,50,5.0,40,4.0
2026-08-03T16:50:09Z,2026-08-03 18:50,50,5.0,40,4.0
2026-08-03T16:55:14Z,2026-08-03 18:55,40,4.0,40,4.0
2026-08-03T17:00:17Z,2026-08-03 19:00,40,4.0,40,4.0
2026-08-03T17:05:20Z,2026-08-03 19:05,40,4.0,40,4.0
2026-08-03T17:10:25Z,2026-08-03 19:10,30,3.0,40,4.0
2026-08-03T17:15:55Z,2026-08-03 19:15,30,3.0,40,4.0
2026-08-03T17:21:00Z,2026-08-03 19:21,20,2.0,40,4.0
2026-08-03T17:26:06Z,2026-08-03 19:26,20,2.0,40,4.0
2026-08-03T17:31:15Z,2026-08-03 19:31,30,3.0,40,4.0
2026-08-03T17:36:20Z,2026-08-03 19:36,20,2.0,40,4.0
2026-08-03T17:41:25Z,2026-08-03 19:41,20,2.0,40,4.0
2026-08-03T17:46:31Z,2026-08-03 19:46,0,,30,3.0
2026-08-03T17:51:36Z,2026-08-03 19:51,0,,30,3.0
2026-08-03T17:56:40Z,2026-08-03 19:56,0,,30,3.0
2026-08-03T18:01:44Z,2026-08-03 20:01,0,,30,3.0
2026-08-03T18:06:48Z,2026-08-03 20:06,0,,30,3.0
2026-08-03T18:11:53Z,2026-08-03 20:11,0,,20,2.0
2026-08-03T18:12:07Z,2026-08-03 20:12,0,,20,2.0
2026-08-03T18:17:13Z,2026-08-03 20:17,0,,20,2.0
2026-08-03T18:28:10Z,2026-08-03 20:28,0,,20,2.0
2026-08-03T18:33:15Z,2026-08-03 20:33,0,,20,2.0
2026-08-03T18:38:20Z,2026-08-03 20:38,0,,20,2.0
2026-08-03T18:43:26Z,2026-08-03 20:43,0,,20,2.0
2026-08-03T18:48:31Z,2026-08-03 20:48,0,,10,1.0
2026-08-03T18:53:38Z,2026-08-03 20:53,0,,10,1.0
2026-08-03T18:58:42Z,2026-08-03 20:58,0,,10,1.0
2026-08-03T19:03:48Z,2026-08-03 21:03,0,,10,1.0
2026-08-03T19:08:53Z,2026-08-03 21:08,0,,10,1.0
2026-08-03T19:13:58Z,2026-08-03 21:13,0,,20,2.0
2026-08-03T19:19:03Z,2026-08-03 21:19,0,,20,2.0
2026-08-03T19:24:07Z,2026-08-03 21:24,0,,20,2.0
2026-08-03T19:29:12Z,2026-08-03 21:29,0,,20,2.0
2026-08-03T19:34:18Z,2026-08-03 21:34,0,,20,2.0
2026-08-03T19:39:25Z,2026-08-03 21:39,0,,20,2.0
2026-08-03T19:44:30Z,2026-08-03 21:44,0,,20,2.0
2026-08-03T19:49:35Z,2026-08-03 21:49,0,,20,2.0
2026-08-03T19:54:41Z,2026-08-03 21:54,0,,30,3.0
2026-08-03T19:59:46Z,2026-08-03 21:59,0,,30,3.0
2026-08-03T20:10:42Z,2026-08-03 22:10,0,,30,3.0
2026-08-03T20:15:47Z,2026-08-03 22:15,0,,30,3.0
2026-08-03T20:20:52Z,2026-08-03 22:20,0,,30,3.0
2026-08-03T20:25:55Z,2026-08-03 22:25,0,,30,3.0
2026-08-03T20:31:00Z,2026-08-03 22:31,0,,30,3.0
2026-08-03T20:36:05Z,2026-08-03 22:36,0,,30,3.0
2026-08-03T20:41:11Z,2026-08-03 22:41,0,,30,3.0
2026-08-03T20:46:16Z,2026-08-03 22:46,0,,30,3.0
2026-08-03T20:51:23Z,2026-08-03 22:51,0,,30,3.0
2026-08-03T20:56:29Z,2026-08-03 22:56,0,,30,3.0
2026-08-03T21:01:33Z,2026-08-03 23:01,0,,30,3.0
2026-08-03T21:01:46Z,2026-08-03 23:01,0,,30,3.0
2026-08-03T21:06:50Z,2026-08-03 23:06,0,,30,3.0
2026-08-03T21:11:54Z,2026-08-03 23:11,0,,30,3.0
2026-08-03T21:16:59Z,2026-08-03 23:16,0,,30,3.0
2026-08-03T21:22:06Z,2026-08-03 23:22,0,,30,3.0
2026-08-03T21:27:11Z,2026-08-03 23:27,0,,0,
2026-08-03T21:32:16Z,2026-08-03 23:32,0,,0,
2026-08-03T21:37:22Z,2026-08-03 23:37,0,,0,
2026-08-03T21:42:26Z,2026-08-03 23:42,0,,0,
2026-08-03T21:47:30Z,2026-08-03 23:47,0,,0,
2026-08-03T21:52:36Z,2026-08-03 23:52,0,,0,
2026-08-03T21:57:41Z,2026-08-03 23:57,0,,0,
2026-08-03T22:08:39Z,2026-08-04 00:08,0,,0,
2026-08-03T22:13:46Z,2026-08-04 00:13,0,,0,
2026-08-03T22:18:51Z,2026-08-04 00:18,0,,0,
2026-08-03T22:29:46Z,2026-08-04 00:29,0,,0,
2026-08-03T22:34:50Z,2026-08-04 00:34,0,,0,
2026-08-03T22:39:54Z,2026-08-04 00:39,0,,0,
2026-08-03T22:44:59Z,2026-08-04 00:44,0,,0,
2026-08-03T22:50:04Z,2026-08-04 00:50,0,,0,
2026-08-03T22:55:17Z,2026-08-04 00:55,0,,0,
2026-08-03T23:00:24Z,2026-08-04 01:00,0,,0,
2026-08-03T23:05:29Z,2026-08-04 01:05,0,,0,
2026-08-03T23:10:32Z,2026-08-04 01:10,0,,0,
2026-08-03T23:15:38Z,2026-08-04 01:15,0,,0,
2026-08-03T23:20:42Z,2026-08-04 01:20,0,,0,
2026-08-03T23:25:47Z,2026-08-04 01:25,0,,0,
2026-08-03T23:31:18Z,2026-08-04 01:31,0,,0,
2026-08-03T23:47:42Z,2026-08-04 01:47,0,,0,
2026-08-03T23:59:37Z,2026-08-04 01:59,0,,0,
2026-08-04T00:04:44Z,2026-08-04 02:04,0,,0,
2026-08-04T00:09:47Z,2026-08-04 02:09,0,,0,
2026-08-04T00:14:50Z,2026-08-04 02:14,0,,0,
2026-08-04T00:19:54Z,2026-08-04 02:19,0,,0,
2026-08-04T00:24:58Z,2026-08-04 02:24,0,,0,
2026-08-04T00:30:02Z,2026-08-04 02:30,0,,0,
2026-08-04T00:35:06Z,2026-08-04 02:35,0,,0,
2026-08-04T00:40:13Z,2026-08-04 02:40,0,,0,
2026-08-04T00:45:43Z,2026-08-04 02:45,0,,0,
2026-08-04T00:50:48Z,2026-08-04 02:50,0,,0,
2026-08-04T00:55:53Z,2026-08-04 02:55,0,,0,
2026-08-04T01:01:01Z,2026-08-04 03:01,0,,0,
2026-08-04T01:06:09Z,2026-08-04 03:06,0,,0,
2026-08-04T01:11:15Z,2026-08-04 03:11,0,,0,
2026-08-04T01:16:20Z,2026-08-04 03:16,0,,0,
2026-08-04T01:21:25Z,2026-08-04 03:21,0,,0,
2026-08-04T01:26:31Z,2026-08-04 03:26,0,,0,
2026-08-04T01:31:36Z,2026-08-04 03:31,0,,0,
2026-08-04T01:36:41Z,2026-08-04 03:36,0,,0,
2026-08-04T01:41:46Z,2026-08-04 03:41,0,,0,
2026-08-04T01:46:50Z,2026-08-04 03:46,0,,0,
2026-08-04T01:51:54Z,2026-08-04 03:51,0,,0,
2026-08-04T01:56:59Z,2026-08-04 03:56,0,,0,
2026-08-04T02:02:04Z,2026-08-04 04:02,0,,0,
2026-08-04T02:07:08Z,2026-08-04 04:07,0,,0,
2026-08-04T02:12:12Z,2026-08-04 04:12,0,,0,
2026-08-04T02:17:17Z,2026-08-04 04:17,0,,0,
2026-08-04T02:22:21Z,2026-08-04 04:22,0,,0,
2026-08-04T02:27:25Z,2026-08-04 04:27,0,,0,
2026-08-04T02:32:31Z,2026-08-04 04:32,0,,0,
2026-08-04T02:37:35Z,2026-08-04 04:37,0,,0,
2026-08-04T02:42:39Z,2026-08-04 04:42,0,,0,
2026-08-04T02:42:52Z,2026-08-04 04:42,0,,0,
2026-08-04T02:47:59Z,2026-08-04 04:47,0,,0,
2026-08-04T02:53:05Z,2026-08-04 04:53,0,,0,
2026-08-04T02:58:10Z,2026-08-04 04:58,0,,0,
2026-08-04T03:03:15Z,2026-08-04 05:03,0,,0,
2026-08-04T03:08:23Z,2026-08-04 05:08,0,,0,
2026-08-04T03:13:27Z,2026-08-04 05:13,0,,0,
2026-08-04T03:18:32Z,2026-08-04 05:18,0,,0,
2026-08-04T03:23:36Z,2026-08-04 05:23,0,,0,
2026-08-04T03:28:44Z,2026-08-04 05:28,0,,0,
2026-08-04T03:39:39Z,2026-08-04 05:39,0,,0,
2026-08-04T03:44:42Z,2026-08-04 05:44,0,,0,
2026-08-04T03:49:46Z,2026-08-04 05:49,0,,0,
2026-08-04T03:54:51Z,2026-08-04 05:54,0,,0,
2026-08-04T03:59:55Z,2026-08-04 05:59,0,,0,
2026-08-04T04:04:59Z,2026-08-04 06:04,0,,0,
2026-08-04T04:10:14Z,2026-08-04 06:10,0,,0,
2026-08-04T04:15:17Z,2026-08-04 06:15,0,,0,
2026-08-04T04:20:21Z,2026-08-04 06:20,0,,0,
2026-08-04T04:25:24Z,2026-08-04 06:25,0,,0,
2026-08-04T04:30:29Z,2026-08-04 06:30,0,,0,
2026-08-04T04:35:34Z,2026-08-04 06:35,0,,0,
2026-08-04T04:40:38Z,2026-08-04 06:40,0,,0,
2026-08-04T04:45:42Z,2026-08-04 06:45,0,,0,
2026-08-04T04:50:46Z,2026-08-04 06:50,0,,0,
2026-08-04T04:55:51Z,2026-08-04 06:55,0,,0,
2026-08-04T05:00:55Z,2026-08-04 07:00,0,,0,
2026-08-04T05:06:00Z,2026-08-04 07:06,0,,0,
2026-08-04T05:11:05Z,2026-08-04 07:11,0,,0,
2026-08-04T05:16:09Z,2026-08-04 07:16,0,,0,
2026-08-04T05:21:14Z,2026-08-04 07:21,0,,0,
2026-08-04T05:26:18Z,2026-08-04 07:26,0,,0,
2026-08-04T05:31:23Z,2026-08-04 07:31,0,,0,
2026-08-04T05:31:35Z,2026-08-04 07:31,0,,0,
2026-08-04T05:36:40Z,2026-08-04 07:36,0,,0,
2026-08-04T05:41:44Z,2026-08-04 07:41,0,,0,
2026-08-04T05:46:49Z,2026-08-04 07:46,0,,0,
2026-08-04T05:51:53Z,2026-08-04 07:51,0,,0,
2026-08-04T05:56:57Z,2026-08-04 07:56,0,,0,
2026-08-04T06:02:02Z,2026-08-04 08:02,0,,0,
2026-08-04T06:07:07Z,2026-08-04 08:07,0,,0,
2026-08-04T06:12:11Z,2026-08-04 08:12,0,,0,
2026-08-04T06:17:17Z,2026-08-04 08:17,0,,0,
2026-08-04T06:22:21Z,2026-08-04 08:22,0,,0,
2026-08-04T06:27:27Z,2026-08-04 08:27,0,,0,
2026-08-04T06:32:32Z,2026-08-04 08:32,0,,0,
2026-08-04T06:37:36Z,2026-08-04 08:37,0,,0,
2026-08-04T06:42:40Z,2026-08-04 08:42,0,,0,
2026-08-04T06:47:44Z,2026-08-04 08:47,0,,0,
2026-08-04T06:52:49Z,2026-08-04 08:52,0,,0,
2026-08-04T06:57:54Z,2026-08-04 08:57,0,,0,
2026-08-04T07:02:59Z,2026-08-04 09:02,0,,0,
2026-08-04T07:08:05Z,2026-08-04 09:08,0,,0,
2026-08-04T07:13:10Z,2026-08-04 09:13,0,,0,
2026-08-04T07:18:16Z,2026-08-04 09:18,0,,0,
2026-08-04T07:23:21Z,2026-08-04 09:23,0,,0,
2026-08-04T07:28:25Z,2026-08-04 09:28,0,,0,
2026-08-04T07:33:31Z,2026-08-04 09:33,0,,0,
2026-08-04T07:38:37Z,2026-08-04 09:38,0,,0,
2026-08-04T07:43:41Z,2026-08-04 09:43,0,,0,
2026-08-04T07:48:46Z,2026-08-04 09:48,0,,0,
2026-08-04T07:53:51Z,2026-08-04 09:53,0,,0,
2026-08-04T07:58:55Z,2026-08-04 09:58,0,,0,
2026-08-04T08:03:58Z,2026-08-04 10:03,0,,0,
2026-08-04T08:09:02Z,2026-08-04 10:09,0,,0,
2026-08-04T08:14:05Z,2026-08-04 10:14,0,,0,
2026-08-04T08:19:10Z,2026-08-04 10:19,0,,20,2.0
2026-08-04T08:19:23Z,2026-08-04 10:19,0,,20,2.0
2026-08-04T08:24:28Z,2026-08-04 10:24,0,,20,2.0
2026-08-04T08:29:33Z,2026-08-04 10:29,0,,20,2.0
2026-08-04T08:34:36Z,2026-08-04 10:34,0,,20,2.0
2026-08-04T08:39:40Z,2026-08-04 10:39,0,,20,2.0
2026-08-04T08:44:44Z,2026-08-04 10:44,0,,20,2.0
2026-08-04T08:49:50Z,2026-08-04 10:49,10,1.0,20,2.0
2026-08-04T08:54:56Z,2026-08-04 10:54,10,1.0,20,2.0
2026-08-04T09:00:01Z,2026-08-04 11:00,10,1.0,30,3.0
2026-08-04T09:05:13Z,2026-08-04 11:05,10,1.0,30,3.0
2026-08-04T09:10:17Z,2026-08-04 11:10,10,1.0,30,3.0
2026-08-04T09:15:21Z,2026-08-04 11:15,10,1.0,30,3.0
2026-08-04T09:20:27Z,2026-08-04 11:20,10,1.0,30,3.0
2026-08-04T09:25:33Z,2026-08-04 11:25,10,1.0,30,3.0
2026-08-04T09:30:39Z,2026-08-04 11:30,20,2.0,40,4.0
2026-08-04T09:35:46Z,2026-08-04 11:35,20,2.0,40,4.0
2026-08-04T09:40:52Z,2026-08-04 11:40,20,2.0,40,4.0
2026-08-04T09:45:57Z,2026-08-04 11:45,20,2.0,40,4.0
2026-08-04T09:51:02Z,2026-08-04 11:51,20,2.0,40,4.0
2026-08-04T09:56:08Z,2026-08-04 11:56,20,2.0,40,4.0
2026-08-04T10:01:14Z,2026-08-04 12:01,20,2.0,40,4.0
2026-08-04T10:18:06Z,2026-08-04 12:18,20,2.0,40,4.0
2026-08-04T10:23:11Z,2026-08-04 12:23,30,3.0,40,4.0
2026-08-04T10:28:17Z,2026-08-04 12:28,30,3.0,40,4.0
2026-08-04T10:33:23Z,2026-08-04 12:33,30,3.0,40,4.0
2026-08-04T10:38:28Z,2026-08-04 12:38,30,3.0,40,4.0
2026-08-04T10:43:33Z,2026-08-04 12:43,30,3.0,40,4.0
2026-08-04T10:48:40Z,2026-08-04 12:48,30,3.0,40,4.0
2026-08-04T10:53:45Z,2026-08-04 12:53,30,3.0,40,4.0
2026-08-04T10:58:51Z,2026-08-04 12:58,40,4.0,40,4.0
2026-08-04T11:03:56Z,2026-08-04 13:03,40,4.0,40,4.0
2026-08-04T11:09:00Z,2026-08-04 13:09,40,4.0,40,4.0
2026-08-04T11:09:15Z,2026-08-04 13:09,40,4.0,40,4.0
2026-08-04T11:14:21Z,2026-08-04 13:14,40,4.0,40,4.0
2026-08-04T11:19:25Z,2026-08-04 13:19,40,4.0,40,4.0
2026-08-04T11:24:30Z,2026-08-04 13:24,40,4.0,40,4.0
2026-08-04T11:29:36Z,2026-08-04 13:29,40,4.0,40,4.0
2026-08-04T11:34:41Z,2026-08-04 13:34,40,4.0,40,4.0
2026-08-04T11:39:48Z,2026-08-04 13:39,40,4.0,40,4.0
2026-08-04T11:44:53Z,2026-08-04 13:44,40,4.0,40,4.0
2026-08-04T11:49:58Z,2026-08-04 13:49,40,4.0,40,4.0
2026-08-04T11:55:07Z,2026-08-04 13:55,40,4.0,40,4.0
2026-08-04T12:00:35Z,2026-08-04 14:00,40,4.0,40,4.0
2026-08-04T12:05:41Z,2026-08-04 14:05,40,4.0,40,4.0
2026-08-04T12:10:46Z,2026-08-04 14:10,40,4.0,40,4.0
2026-08-04T12:15:51Z,2026-08-04 14:15,30,3.0,40,4.0
2026-08-04T12:20:57Z,2026-08-04 14:20,30,3.0,40,4.0
2026-08-04T12:26:03Z,2026-08-04 14:26,30,3.0,40,4.0
2026-08-04T12:31:09Z,2026-08-04 14:31,30,3.0,40,4.0
2026-08-04T12:36:13Z,2026-08-04 14:36,30,3.0,40,4.0
2026-08-04T12:41:19Z,2026-08-04 14:41,30,3.0,40,4.0
2026-08-04T12:46:24Z,2026-08-04 14:46,30,3.0,40,4.0
2026-08-04T12:51:29Z,2026-08-04 14:51,30,3.0,40,4.0
2026-08-04T12:56:34Z,2026-08-04 14:56,30,3.0,40,4.0
2026-08-04T13:01:39Z,2026-08-04 15:01,30,3.0,40,4.0
2026-08-04T13:06:45Z,2026-08-04 15:06,30,3.0,40,4.0
2026-08-04T13:11:50Z,2026-08-04 15:11,30,3.0,40,4.0
2026-08-04T13:16:56Z,2026-08-04 15:16,30,3.0,40,4.0
2026-08-04T13:22:26Z,2026-08-04 15:22,30,3.0,40,4.0
2026-08-04T13:27:33Z,2026-08-04 15:27,30,3.0,40,4.0
2026-08-04T13:32:38Z,2026-08-04 15:32,30,3.0,40,4.0
2026-08-04T13:37:44Z,2026-08-04 15:37,20,2.0,40,4.0
2026-08-04T13:48:40Z,2026-08-04 15:48,20,2.0,40,4.0
2026-08-04T13:53:46Z,2026-08-04 15:53,20,2.0,40,4.0
2026-08-04T13:58:50Z,2026-08-04 15:58,20,2.0,40,4.0
2026-08-04T13:59:04Z,2026-08-04 15:59,20,2.0,40,4.0
2026-08-04T14:04:13Z,2026-08-04 16:04,20,2.0,40,4.0
2026-08-04T14:09:19Z,2026-08-04 16:09,20,2.0,40,4.0
2026-08-04T14:14:24Z,2026-08-04 16:14,20,2.0,40,4.0
2026-08-04T14:19:29Z,2026-08-04 16:19,20,2.0,40,4.0
2026-08-04T14:24:34Z,2026-08-04 16:24,20,2.0,40,4.0
2026-08-04T14:29:38Z,2026-08-04 16:29,20,2.0,40,4.0
2026-08-04T14:34:43Z,2026-08-04 16:34,10,1.0,40,4.0
2026-08-04T14:39:47Z,2026-08-04 16:39,10,1.0,40,4.0
2026-08-04T14:44:51Z,2026-08-04 16:44,10,1.0,40,4.0
2026-08-04T14:49:55Z,2026-08-04 16:49,10,1.0,40,4.0
2026-08-04T14:55:00Z,2026-08-04 16:55,10,1.0,40,4.0
2026-08-04T15:00:13Z,2026-08-04 17:00,10,1.0,30,3.0
2026-08-04T15:05:45Z,2026-08-04 17:05,10,1.0,30,3.0
2026-08-04T15:10:54Z,2026-08-04 17:10,0,,20,2.0
2026-08-04T15:16:00Z,2026-08-04 17:16,0,,20,2.0
2026-08-04T15:21:05Z,2026-08-04 17:21,0,,20,2.0
2026-08-04T15:26:10Z,2026-08-04 17:26,0,,20,2.0
2026-08-04T15:31:14Z,2026-08-04 17:31,0,,20,2.0
2026-08-04T15:36:21Z,2026-08-04 17:36,0,,20,2.0
2026-08-04T15:41:25Z,2026-08-04 17:41,0,,20,2.0
2026-08-04T15:46:30Z,2026-08-04 17:46,0,,20,2.0
2026-08-04T15:51:36Z,2026-08-04 17:51,0,,20,2.0
2026-08-04T15:56:41Z,2026-08-04 17:56,0,,20,2.0
2026-08-04T16:01:47Z,2026-08-04 18:01,0,,20,2.0
2026-08-04T16:06:53Z,2026-08-04 18:06,0,,20,2.0
2026-08-04T16:11:59Z,2026-08-04 18:11,0,,20,2.0
2026-08-04T16:17:04Z,2026-08-04 18:17,0,,20,2.0
2026-08-04T16:22:09Z,2026-08-04 18:22,0,,20,2.0
2026-08-04T16:27:14Z,2026-08-04 18:27,0,,20,2.0
2026-08-04T16:32:18Z,2026-08-04 18:32,0,,20,2.0
2026-08-04T16:37:23Z,2026-08-04 18:37,0,,20,2.0
2026-08-04T16:42:29Z,2026-08-04 18:42,0,,20,2.0
2026-08-04T16:47:33Z,2026-08-04 18:47,0,,20,2.0
2026-08-04T16:47:44Z,2026-08-04 18:47,0,,20,2.0
2026-08-04T16:52:49Z,2026-08-04 18:52,0,,20,2.0
2026-08-04T16:57:52Z,2026-08-04 18:57,0,,20,2.0
2026-08-04T17:02:58Z,2026-08-04 19:02,0,,20,2.0
2026-08-04T17:08:02Z,2026-08-04 19:08,0,,20,2.0
2026-08-04T17:13:07Z,2026-08-04 19:13,0,,20,2.0
2026-08-04T17:18:12Z,2026-08-04 19:18,0,,20,2.0
2026-08-04T17:23:18Z,2026-08-04 19:23,0,,20,2.0
2026-08-04T17:28:23Z,2026-08-04 19:28,0,,20,2.0
2026-08-04T17:34:18Z,2026-08-04 19:34,0,,20,2.0
2026-08-04T17:39:23Z,2026-08-04 19:39,0,,20,2.0
2026-08-04T17:44:28Z,2026-08-04 19:44,0,,20,2.0
2026-08-04T17:49:33Z,2026-08-04 19:49,0,,20,2.0
2026-08-04T17:54:41Z,2026-08-04 19:54,0,,20,2.0
2026-08-04T17:59:46Z,2026-08-04 19:59,0,,20,2.0
2026-08-04T18:04:51Z,2026-08-04 20:04,0,,20,2.0
2026-08-04T18:09:56Z,2026-08-04 20:09,0,,20,2.0
2026-08-04T18:15:01Z,2026-08-04 20:15,0,,20,2.0
2026-08-04T18:20:06Z,2026-08-04 20:20,0,,20,2.0
2026-08-04T18:25:13Z,2026-08-04 20:25,0,,20,2.0
2026-08-04T18:30:17Z,2026-08-04 20:30,0,,20,2.0
2026-08-04T18:35:21Z,2026-08-04 20:35,0,,20,2.0
2026-08-04T18:40:25Z,2026-08-04 20:40,0,,20,2.0
2026-08-04T18:45:56Z,2026-08-04 20:45,0,,20,2.0
2026-08-04T18:51:01Z,2026-08-04 20:51,0,,20,2.0
2026-08-04T18:56:06Z,2026-08-04 20:56,0,,0,
2026-08-04T19:01:10Z,2026-08-04 21:01,0,,0,
2026-08-04T19:06:15Z,2026-08-04 21:06,0,,0,
2026-08-04T19:11:21Z,2026-08-04 21:11,0,,0,
2026-08-04T19:16:25Z,2026-08-04 21:16,0,,0,
2026-08-04T19:21:31Z,2026-08-04 21:21,0,,0,
2026-08-04T19:26:36Z,2026-08-04 21:26,0,,0,
2026-08-04T19:31:40Z,2026-08-04 21:31,0,,0,
2026-08-04T19:36:44Z,2026-08-04 21:36,0,,0,
2026-08-04T19:36:56Z,2026-08-04 21:36,0,,0,
2026-08-04T19:42:27Z,2026-08-04 21:42,0,,0,
2026-08-04T19:47:32Z,2026-08-04 21:47,0,,0,
2026-08-04T19:52:38Z,2026-08-04 21:52,0,,0,
2026-08-04T19:57:42Z,2026-08-04 21:57,0,,0,
2026-08-04T20:02:47Z,2026-08-04 22:02,0,,0,
2026-08-04T20:07:52Z,2026-08-04 22:07,0,,0,
2026-08-04T20:12:58Z,2026-08-04 22:12,0,,0,
2026-08-04T20:18:02Z,2026-08-04 22:18,0,,0,
2026-08-04T20:23:08Z,2026-08-04 22:23,0,,0,
2026-08-04T20:28:12Z,2026-08-04 22:28,0,,0,
2026-08-04T20:33:19Z,2026-08-04 22:33,0,,0,
2026-08-04T20:38:25Z,2026-08-04 22:38,0,,0,
2026-08-04T20:43:30Z,2026-08-04 22:43,0,,0,
2026-08-04T20:48:35Z,2026-08-04 22:48,0,,0,
2026-08-04T20:53:40Z,2026-08-04 22:53,0,,0,
2026-08-04T20:58:45Z,2026-08-04 22:58,0,,0,
2026-08-04T21:03:51Z,2026-08-04 23:03,0,,0,
2026-08-04T21:08:56Z,2026-08-04 23:08,0,,0,
2026-08-04T21:14:01Z,2026-08-04 23:14,0,,0,
2026-08-04T21:19:08Z,2026-08-04 23:19,0,,0,
2026-08-04T21:24:13Z,2026-08-04 23:24,0,,0,
2026-08-04T21:29:17Z,2026-08-04 23:29,0,,0,
2026-08-04T21:34:21Z,2026-08-04 23:34,0,,0,
2026-08-04T21:39:27Z,2026-08-04 23:39,0,,0,
2026-08-04T21:50:50Z,2026-08-04 23:50,0,,0,
2026-08-04T21:55:58Z,2026-08-04 23:55,0,,0,
2026-08-04T22:01:29Z,2026-08-05 00:01,0,,0,
2026-08-04T22:06:35Z,2026-08-05 00:06,0,,0,
2026-08-04T22:11:40Z,2026-08-05 00:11,0,,0,
2026-08-04T22:16:45Z,2026-08-05 00:16,0,,0,
2026-08-04T22:21:50Z,2026-08-05 00:21,0,,0,
2026-08-04T22:26:54Z,2026-08-05 00:26,0,,0,
2026-08-04T22:27:06Z,2026-08-05 00:27,0,,0,
2026-08-04T22:32:10Z,2026-08-05 00:32,0,,0,
2026-08-04T22:37:12Z,2026-08-05 00:37,0,,0,
2026-08-04T22:42:16Z,2026-08-05 00:42,0,,0,
2026-08-04T22:47:19Z,2026-08-05 00:47,0,,0,
2026-08-04T22:52:23Z,2026-08-05 00:52,0,,0,
2026-08-04T22:57:26Z,2026-08-05 00:57,0,,0,
2026-08-04T23:02:29Z,2026-08-05 01:02,0,,0,
2026-08-04T23:07:34Z,2026-08-05 01:07,0,,0,
2026-08-04T23:12:38Z,2026-08-05 01:12,0,,0,
2026-08-04T23:17:41Z,2026-08-05 01:17,0,,0,
2026-08-04T23:22:45Z,2026-08-05 01:22,0,,0,
2026-08-04T23:27:50Z,2026-08-05 01:27,0,,0,
2026-08-04T23:32:53Z,2026-08-05 01:32,0,,0,
2026-08-04T23:37:58Z,2026-08-05 01:37,0,,0,
2026-08-04T23:43:01Z,2026-08-05 01:43,0,,0,
2026-08-04T23:48:04Z,2026-08-05 01:48,0,,0,
2026-08-04T23:53:09Z,2026-08-05 01:53,0,,0,
2026-08-04T23:58:13Z,2026-08-05 01:58,0,,0,
2026-08-05T00:03:18Z,2026-08-05 02:03,0,,0,
2026-08-05T00:08:23Z,2026-08-05 02:08,0,,0,
2026-08-05T00:13:28Z,2026-08-05 02:13,0,,0,
2026-08-05T00:18:31Z,2026-08-05 02:18,0,,0,
2026-08-05T00:23:37Z,2026-08-05 02:23,0,,0,
2026-08-05T00:28:41Z,2026-08-05 02:28,0,,0,
2026-08-05T00:33:45Z,2026-08-05 02:33,0,,0,
2026-08-05T00:38:48Z,2026-08-05 02:38,0,,0,
2026-08-05T00:43:53Z,2026-08-05 02:43,0,,0,
2026-08-05T00:48:58Z,2026-08-05 02:48,0,,0,
2026-08-05T00:54:02Z,2026-08-05 02:54,0,,0,
2026-08-05T00:59:06Z,2026-08-05 02:59,0,,0,
2026-08-05T01:04:10Z,2026-08-05 03:04,0,,0,
2026-08-05T01:09:15Z,2026-08-05 03:09,0,,0,
2026-08-05T01:14:20Z,2026-08-05 03:14,0,,0,
2026-08-05T01:14:58Z,2026-08-05 03:14,0,,0,
2026-08-05T01:20:06Z,2026-08-05 03:20,0,,0,
2026-08-05T01:25:17Z,2026-08-05 03:25,0,,0,
2026-08-05T01:31:15Z,2026-08-05 03:31,0,,0,
2026-08-05T01:36:21Z,2026-08-05 03:36,0,,0,
2026-08-05T01:41:26Z,2026-08-05 03:41,0,,0,
2026-08-05T01:52:24Z,2026-08-05 03:52,0,,0,
2026-08-05T01:57:30Z,2026-08-05 03:57,0,,0,
2026-08-05T02:02:34Z,2026-08-05 04:02,0,,0,
2026-08-05T02:07:40Z,2026-08-05 04:07,0,,0,
2026-08-05T02:12:44Z,2026-08-05 04:12,0,,0,
2026-08-05T02:17:49Z,2026-08-05 04:17,0,,0,
2026-08-05T02:22:58Z,2026-08-05 04:22,0,,0,
2026-08-05T02:28:02Z,2026-08-05 04:28,0,,0,
2026-08-05T02:33:08Z,2026-08-05 04:33,0,,0,
2026-08-05T02:38:14Z,2026-08-05 04:38,0,,0,
2026-08-05T02:43:19Z,2026-08-05 04:43,0,,0,
2026-08-05T02:48:25Z,2026-08-05 04:48,0,,0,
2026-08-05T02:53:31Z,2026-08-05 04:53,0,,0,
2026-08-05T02:58:35Z,2026-08-05 04:58,0,,0,
2026-08-05T03:03:40Z,2026-08-05 05:03,0,,0,
2026-08-05T03:08:45Z,2026-08-05 05:08,0,,0,
2026-08-05T03:13:49Z,2026-08-05 05:13,0,,0,
2026-08-05T03:18:55Z,2026-08-05 05:18,0,,0,
2026-08-05T03:24:00Z,2026-08-05 05:24,0,,0,
2026-08-05T03:29:06Z,2026-08-05 05:29,0,,0,
2026-08-05T03:34:15Z,2026-08-05 05:34,0,,0,
2026-08-05T03:39:21Z,2026-08-05 05:39,0,,0,
2026-08-05T03:44:55Z,2026-08-05 05:44,0,,0,
2026-08-05T03:50:00Z,2026-08-05 05:50,0,,0,
2026-08-05T03:55:12Z,2026-08-05 05:55,0,,0,
2026-08-05T04:00:18Z,2026-08-05 06:00,0,,0,
2026-08-05T04:05:49Z,2026-08-05 06:05,0,,0,
2026-08-05T04:06:50Z,2026-08-05 06:06,0,,0,
2026-08-05T04:11:56Z,2026-08-05 06:11,0,,0,
2026-08-05T04:17:00Z,2026-08-05 06:17,0,,0,
2026-08-05T04:22:05Z,2026-08-05 06:22,0,,0,
2026-08-05T04:27:10Z,2026-08-05 06:27,0,,0,
2026-08-05T04:32:17Z,2026-08-05 06:32,0,,0,
2026-08-05T04:37:22Z,2026-08-05 06:37,0,,0,
2026-08-05T04:42:26Z,2026-08-05 06:42,0,,0,
2026-08-05T04:47:30Z,2026-08-05 06:47,0,,0,
2026-08-05T04:52:36Z,2026-08-05 06:52,0,,0,
2026-08-05T04:57:42Z,2026-08-05 06:57,0,,0,
2026-08-05T05:02:47Z,2026-08-05 07:02,0,,0,
2026-08-05T05:07:53Z,2026-08-05 07:07,0,,0,
2026-08-05T05:12:57Z,2026-08-05 07:12,0,,0,
2026-08-05T05:18:03Z,2026-08-05 07:18,0,,0,
2026-08-05T05:23:09Z,2026-08-05 07:23,0,,0,
2026-08-05T05:28:16Z,2026-08-05 07:28,0,,0,
2026-08-05T05:33:22Z,2026-08-05 07:33,0,,0,
2026-08-05T05:38:28Z,2026-08-05 07:38,0,,0,
2026-08-05T05:43:34Z,2026-08-05 07:43,0,,0,
2026-08-05T05:48:38Z,2026-08-05 07:48,0,,0,
2026-08-05T05:53:44Z,2026-08-05 07:53,0,,0,
2026-08-05T05:58:48Z,2026-08-05 07:58,0,,0,
2026-08-05T06:03:53Z,2026-08-05 08:03,0,,0,
2026-08-05T06:08:59Z,2026-08-05 08:08,0,,0,
2026-08-05T06:14:05Z,2026-08-05 08:14,0,,0,
2026-08-05T06:19:11Z,2026-08-05 08:19,0,,0,
2026-08-05T06:24:16Z,2026-08-05 08:24,0,,0,
2026-08-05T06:29:20Z,2026-08-05 08:29,0,,0,
2026-08-05T06:34:25Z,2026-08-05 08:34,0,,0,
2026-08-05T06:39:30Z,2026-08-05 08:39,0,,0,
2026-08-05T06:44:36Z,2026-08-05 08:44,0,,0,
2026-08-05T06:49:42Z,2026-08-05 08:49,0,,0,
2026-08-05T06:55:39Z,2026-08-05 08:55,0,,0,
2026-08-05T06:55:52Z,2026-08-05 08:55,0,,0,
2026-08-05T07:00:57Z,2026-08-05 09:00,0,,0,
2026-08-05T07:05:59Z,2026-08-05 09:05,0,,0,
2026-08-05T07:11:02Z,2026-08-05 09:11,0,,0,
2026-08-05T07:16:10Z,2026-08-05 09:16,0,,0,
2026-08-05T07:21:16Z,2026-08-05 09:21,0,,0,
2026-08-05T07:26:18Z,2026-08-05 09:26,0,,0,
2026-08-05T07:31:23Z,2026-08-05 09:31,0,,0,
2026-08-05T07:36:28Z,2026-08-05 09:36,0,,0,
2026-08-05T07:41:30Z,2026-08-05 09:41,0,,0,
2026-08-05T07:46:33Z,2026-08-05 09:46,0,,0,
2026-08-05T07:51:37Z,2026-08-05 09:51,0,,0,
2026-08-05T07:56:41Z,2026-08-05 09:56,0,,10,1.0
2026-08-05T08:01:47Z,2026-08-05 10:01,0,,10,1.0
2026-08-05T08:06:52Z,2026-08-05 10:06,0,,10,1.0
2026-08-05T08:12:01Z,2026-08-05 10:12,10,1.0,20,2.0
2026-08-05T08:17:07Z,2026-08-05 10:17,10,1.0,20,2.0
2026-08-05T08:22:11Z,2026-08-05 10:22,10,1.0,20,2.0
2026-08-05T08:27:15Z,2026-08-05 10:27,10,1.0,20,2.0
2026-08-05T08:32:21Z,2026-08-05 10:32,10,1.0,20,2.0
2026-08-05T08:37:26Z,2026-08-05 10:37,10,1.0,20,2.0
2026-08-05T08:42:30Z,2026-08-05 10:42,10,1.0,30,3.0
2026-08-05T08:47:35Z,2026-08-05 10:47,10,1.0,30,3.0
2026-08-05T08:52:39Z,2026-08-05 10:52,10,1.0,30,3.0
2026-08-05T08:57:45Z,2026-08-05 10:57,10,1.0,30,3.0
2026-08-05T09:02:51Z,2026-08-05 11:02,10,1.0,40,4.0
2026-08-05T09:07:54Z,2026-08-05 11:07,10,1.0,40,4.0
2026-08-05T09:12:57Z,2026-08-05 11:12,10,1.0,40,4.0
2026-08-05T09:18:00Z,2026-08-05 11:18,10,1.0,40,4.0
2026-08-05T09:23:04Z,2026-08-05 11:23,10,1.0,40,4.0
2026-08-05T09:28:07Z,2026-08-05 11:28,10,1.0,40,4.0
2026-08-05T09:33:11Z,2026-08-05 11:33,10,1.0,40,4.0
2026-08-05T09:38:16Z,2026-08-05 11:38,10,1.0,40,4.0
2026-08-05T09:43:20Z,2026-08-05 11:43,10,1.0,40,4.0
2026-08-05T09:43:39Z,2026-08-05 11:43,10,1.0,40,4.0
2026-08-05T09:48:46Z,2026-08-05 11:48,10,1.0,40,4.0
2026-08-05T09:53:51Z,2026-08-05 11:53,10,1.0,40,4.0
2026-08-05T09:58:56Z,2026-08-05 11:58,10,1.0,40,4.0
2026-08-05T10:04:02Z,2026-08-05 12:04,20,2.0,40,4.0
2026-08-05T10:09:06Z,2026-08-05 12:09,20,2.0,40,4.0
2026-08-05T10:14:12Z,2026-08-05 12:14,20,2.0,40,4.0
2026-08-05T10:19:18Z,2026-08-05 12:19,20,2.0,50,5.0
2026-08-05T10:24:23Z,2026-08-05 12:24,20,2.0,50,5.0
2026-08-05T10:29:29Z,2026-08-05 12:29,20,2.0,50,5.0
2026-08-05T10:34:35Z,2026-08-05 12:34,20,2.0,50,5.0
2026-08-05T10:39:39Z,2026-08-05 12:39,20,2.0,50,5.0
2026-08-05T10:44:45Z,2026-08-05 12:44,20,2.0,50,5.0
2026-08-05T10:49:55Z,2026-08-05 12:49,20,2.0,50,5.0
2026-08-05T10:55:00Z,2026-08-05 12:55,20,2.0,50,5.0
2026-08-05T11:00:26Z,2026-08-05 13:00,20,2.0,50,5.0
2026-08-05T11:05:31Z,2026-08-05 13:05,20,2.0,50,5.0
2026-08-05T11:10:37Z,2026-08-05 13:10,20,2.0,50,5.0
2026-08-05T11:15:44Z,2026-08-05 13:15,20,2.0,50,5.0
2026-08-05T11:20:48Z,2026-08-05 13:20,20,2.0,50,5.0
2026-08-05T11:25:53Z,2026-08-05 13:25,20,2.0,50,5.0
2026-08-05T11:30:57Z,2026-08-05 13:30,20,2.0,50,5.0
2026-08-05T11:36:02Z,2026-08-05 13:36,20,2.0,50,5.0
2026-08-05T11:41:07Z,2026-08-05 13:41,20,2.0,50,5.0
2026-08-05T11:46:13Z,2026-08-05 13:46,20,2.0,50,5.0
2026-08-05T11:51:17Z,2026-08-05 13:51,20,2.0,50,5.0
2026-08-05T11:56:23Z,2026-08-05 13:56,20,2.0,50,5.0
2026-08-05T12:01:27Z,2026-08-05 14:01,20,2.0,50,5.0
2026-08-05T12:06:30Z,2026-08-05 14:06,20,2.0,50,5.0
2026-08-05T12:11:34Z,2026-08-05 14:11,20,2.0,50,5.0
2026-08-05T12:16:40Z,2026-08-05 14:16,20,2.0,50,5.0
2026-08-05T12:21:47Z,2026-08-05 14:21,20,2.0,50,5.0
2026-08-05T12:26:50Z,2026-08-05 14:26,20,2.0,50,5.0
2026-08-05T12:31:54Z,2026-08-05 14:31,20,2.0,50,5.0
2026-08-05T12:32:07Z,2026-08-05 14:32,20,2.0,50,5.0
2026-08-05T12:37:11Z,2026-08-05 14:37,20,2.0,50,5.0
2026-08-05T12:42:16Z,2026-08-05 14:42,20,2.0,50,5.0
2026-08-05T12:47:21Z,2026-08-05 14:47,20,2.0,50,5.0
2026-08-05T12:52:26Z,2026-08-05 14:52,20,2.0,50,5.0
2026-08-05T12:57:30Z,2026-08-05 14:57,20,2.0,50,5.0
2026-08-05T13:02:35Z,2026-08-05 15:02,20,2.0,50,5.0
2026-08-05T13:07:40Z,2026-08-05 15:07,20,2.0,50,5.0
2026-08-05T13:12:45Z,2026-08-05 15:12,20,2.0,50,5.0
2026-08-05T13:17:48Z,2026-08-05 15:17,20,2.0,50,5.0
2026-08-05T13:22:52Z,2026-08-05 15:22,20,2.0,50,5.0
2026-08-05T13:27:56Z,2026-08-05 15:27,20,2.0,50,5.0
2026-08-05T13:33:01Z,2026-08-05 15:33,10,1.0,50,5.0
2026-08-05T13:38:05Z,2026-08-05 15:38,10,1.0,50,5.0
2026-08-05T13:43:10Z,2026-08-05 15:43,10,1.0,50,5.0
2026-08-05T13:48:14Z,2026-08-05 15:48,10,1.0,50,5.0
2026-08-05T13:53:19Z,2026-08-05 15:53,10,1.0,50,5.0
2026-08-05T13:58:25Z,2026-08-05 15:58,10,1.0,50,5.0
2026-08-05T14:03:29Z,2026-08-05 16:03,10,1.0,50,5.0
2026-08-05T14:08:36Z,2026-08-05 16:08,10,1.0,50,5.0
2026-08-05T14:13:40Z,2026-08-05 16:13,10,1.0,50,5.0
2026-08-05T14:18:45Z,2026-08-05 16:18,10,1.0,50,5.0
2026-08-05T14:23:49Z,2026-08-05 16:23,10,1.0,50,5.0
2026-08-05T14:28:52Z,2026-08-05 16:28,10,1.0,50,5.0
2026-08-05T14:33:57Z,2026-08-05 16:33,10,1.0,50,5.0
2026-08-05T14:39:03Z,2026-08-05 16:39,10,1.0,50,5.0
2026-08-05T14:44:07Z,2026-08-05 16:44,0,,50,5.0
2026-08-05T14:49:18Z,2026-08-05 16:49,0,,50,5.0
2026-08-05T14:54:22Z,2026-08-05 16:54,0,,50,5.0
2026-08-05T14:59:26Z,2026-08-05 16:59,0,,50,5.0
2026-08-05T15:04:56Z,2026-08-05 17:04,0,,50,5.0
2026-08-05T15:10:10Z,2026-08-05 17:10,0,,50,5.0
2026-08-05T15:15:23Z,2026-08-05 17:15,0,,50,5.0
2026-08-05T15:20:31Z,2026-08-05 17:20,0,,50,5.0
2026-08-05T15:20:45Z,2026-08-05 17:20,0,,50,5.0
2026-08-05T15:25:50Z,2026-08-05 17:25,0,,50,5.0
2026-08-05T15:30:55Z,2026-08-05 17:30,0,,50,5.0
2026-08-05T15:36:00Z,2026-08-05 17:36,0,,50,5.0
2026-08-05T15:41:05Z,2026-08-05 17:41,0,,50,5.0
2026-08-05T15:46:10Z,2026-08-05 17:46,0,,40,4.0
2026-08-05T15:51:15Z,2026-08-05 17:51,0,,40,4.0
2026-08-05T15:56:18Z,2026-08-05 17:56,0,,40,4.0
2026-08-05T16:01:21Z,2026-08-05 18:01,0,,40,4.0
2026-08-05T16:06:26Z,2026-08-05 18:06,0,,40,4.0
2026-08-05T16:11:30Z,2026-08-05 18:11,0,,40,4.0
2026-08-05T16:16:39Z,2026-08-05 18:16,0,,40,4.0
2026-08-05T16:21:44Z,2026-08-05 18:21,0,,40,4.0
2026-08-05T16:26:47Z,2026-08-05 18:26,0,,40,4.0
2026-08-05T16:31:53Z,2026-08-05 18:31,0,,40,4.0
2026-08-05T16:36:58Z,2026-08-05 18:36,0,,40,4.0
2026-08-05T16:42:03Z,2026-08-05 18:42,0,,30,3.0
2026-08-05T16:47:08Z,2026-08-05 18:47,0,,30,3.0
2026-08-05T16:52:13Z,2026-08-05 18:52,0,,30,3.0
2026-08-05T16:57:19Z,2026-08-05 18:57,0,,30,3.0
2026-08-05T17:02:24Z,2026-08-05 19:02,0,,30,3.0
2026-08-05T17:07:29Z,2026-08-05 19:07,0,,30,3.0
2026-08-05T17:12:33Z,2026-08-05 19:12,0,,30,3.0
2026-08-05T17:17:38Z,2026-08-05 19:17,0,,20,2.0
2026-08-05T17:22:44Z,2026-08-05 19:22,0,,20,2.0
2026-08-05T17:27:49Z,2026-08-05 19:27,0,,20,2.0
2026-08-05T17:32:54Z,2026-08-05 19:32,0,,20,2.0
2026-08-05T17:37:59Z,2026-08-05 19:37,0,,20,2.0
2026-08-05T17:43:04Z,2026-08-05 19:43,0,,20,2.0
2026-08-05T17:48:09Z,2026-08-05 19:48,0,,20,2.0
2026-08-05T17:53:14Z,2026-08-05 19:53,0,,20,2.0
2026-08-05T17:58:19Z,2026-08-05 19:58,0,,20,2.0
2026-08-05T18:03:23Z,2026-08-05 20:03,0,,20,2.0
2026-08-05T18:08:28Z,2026-08-05 20:08,0,,20,2.0
2026-08-05T18:08:42Z,2026-08-05 20:08,0,,20,2.0
2026-08-05T18:13:48Z,2026-08-05 20:13,0,,20,2.0
2026-08-05T18:18:54Z,2026-08-05 20:18,0,,20,2.0
2026-08-05T18:23:59Z,2026-08-05 20:23,0,,20,2.0
2026-08-05T18:29:07Z,2026-08-05 20:29,0,,20,2.0
2026-08-05T18:34:12Z,2026-08-05 20:34,0,,20,2.0
2026-08-05T18:39:16Z,2026-08-05 20:39,0,,20,2.0
2026-08-05T18:44:22Z,2026-08-05 20:44,0,,10,1.0
2026-08-05T18:49:26Z,2026-08-05 20:49,0,,10,1.0
2026-08-05T18:54:57Z,2026-08-05 20:54,0,,10,1.0
2026-08-05T19:00:04Z,2026-08-05 21:00,0,,10,1.0
2026-08-05T19:05:25Z,2026-08-05 21:05,0,,10,1.0
2026-08-05T19:10:31Z,2026-08-05 21:10,0,,10,1.0
2026-08-05T19:15:36Z,2026-08-05 21:15,0,,0,
2026-08-05T19:20:42Z,2026-08-05 21:20,0,,0,
2026-08-05T19:25:47Z,2026-08-05 21:25,0,,0,
2026-08-05T19:30:57Z,2026-08-05 21:30,0,,0,
2026-08-05T19:36:04Z,2026-08-05 21:36,0,,0,
2026-08-05T19:41:09Z,2026-08-05 21:41,0,,0,
2026-08-05T19:46:15Z,2026-08-05 21:46,0,,0,
2026-08-05T19:51:21Z,2026-08-05 21:51,0,,0,
2026-08-05T19:56:27Z,2026-08-05 21:56,0,,0,
2026-08-05T20:01:33Z,2026-08-05 22:01,0,,0,
2026-08-05T20:06:39Z,2026-08-05 22:06,0,,0,
2026-08-05T20:11:45Z,2026-08-05 22:11,0,,0,
2026-08-05T20:16:49Z,2026-08-05 22:16,0,,0,
2026-08-05T20:21:53Z,2026-08-05 22:21,0,,0,
2026-08-05T20:26:58Z,2026-08-05 22:26,0,,0,
2026-08-05T20:32:04Z,2026-08-05 22:32,0,,0,
2026-08-05T20:37:10Z,2026-08-05 22:37,0,,0,
2026-08-05T20:42:16Z,2026-08-05 22:42,0,,0,
2026-08-05T20:47:22Z,2026-08-05 22:47,0,,0,
2026-08-05T20:52:29Z,2026-08-05 22:52,0,,0,
2026-08-05T20:57:33Z,2026-08-05 22:57,0,,0,
2026-08-05T20:57:47Z,2026-08-05 22:57,0,,0,
2026-08-05T21:02:53Z,2026-08-05 23:02,0,,0,
2026-08-05T21:07:59Z,2026-08-05 23:07,0,,0,
2026-08-05T21:13:05Z,2026-08-05 23:13,0,,0,
2026-08-05T21:18:11Z,2026-08-05 23:18,0,,0,
2026-08-05T21:23:16Z,2026-08-05 23:23,0,,0,
2026-08-05T21:28:22Z,2026-08-05 23:28,0,,0,
2026-08-05T21:33:29Z,2026-08-05 23:33,0,,0,
2026-08-05T21:38:34Z,2026-08-05 23:38,0,,0,
2026-08-05T21:43:39Z,2026-08-05 23:43,0,,0,
2026-08-05T21:48:44Z,2026-08-05 23:48,0,,0,
2026-08-05T21:53:51Z,2026-08-05 23:53,0,,0,
2026-08-05T21:58:58Z,2026-08-05 23:58,0,,0,
2026-08-05T22:04:04Z,2026-08-06 00:04,0,,0,
2026-08-05T22:09:08Z,2026-08-06 00:09,0,,0,
2026-08-05T22:14:14Z,2026-08-06 00:14,0,,0,
2026-08-05T22:19:20Z,2026-08-06 00:19,0,,0,
2026-08-05T22:24:26Z,2026-08-06 00:24,0,,20,2.0
2026-08-05T22:29:32Z,2026-08-06 00:29,0,,0,
2026-08-05T22:34:38Z,2026-08-06 00:34,0,,20,2.0
2026-08-05T22:39:43Z,2026-08-06 00:39,0,,20,2.0
2026-08-05T22:44:49Z,2026-08-06 00:44,0,,20,2.0
2026-08-05T22:49:55Z,2026-08-06 00:49,0,,10,1.0
2026-08-05T23:00:52Z,2026-08-06 01:00,0,,10,1.0
2026-08-05T23:05:57Z,2026-08-06 01:05,0,,10,1.0
2026-08-05T23:11:01Z,2026-08-06 01:11,0,,10,1.0
2026-08-05T23:16:08Z,2026-08-06 01:16,0,,10,1.0
2026-08-05T23:21:14Z,2026-08-06 01:21,0,,10,1.0
2026-08-05T23:26:18Z,2026-08-06 01:26,0,,10,1.0
2026-08-05T23:31:25Z,2026-08-06 01:31,0,,10,1.0
2026-08-05T23:36:30Z,2026-08-06 01:36,0,,10,1.0
2026-08-05T23:41:36Z,2026-08-06 01:41,0,,10,1.0
2026-08-05T23:46:41Z,2026-08-06 01:46,0,,0,
2026-08-05T23:46:54Z,2026-08-06 01:46,0,,0,
2026-08-05T23:51:58Z,2026-08-06 01:51,0,,0,
2026-08-05T23:57:01Z,2026-08-06 01:57,0,,0,
2026-08-06T00:02:05Z,2026-08-06 02:02,0,,0,
2026-08-06T00:07:09Z,2026-08-06 02:07,0,,0,
2026-08-06T00:12:14Z,2026-08-06 02:12,0,,0,
2026-08-06T00:17:17Z,2026-08-06 02:17,0,,0,
2026-08-06T00:22:22Z,2026-08-06 02:22,0,,0,
2026-08-06T00:27:27Z,2026-08-06 02:27,0,,0,
2026-08-06T00:32:33Z,2026-08-06 02:32,0,,0,
2026-08-06T00:37:36Z,2026-08-06 02:37,0,,0,
2026-08-06T00:42:39Z,2026-08-06 02:42,0,,0,
2026-08-06T00:47:44Z,2026-08-06 02:47,0,,0,
2026-08-06T00:52:49Z,2026-08-06 02:52,0,,0,
2026-08-06T00:57:54Z,2026-08-06 02:57,0,,0,
2026-08-06T01:02:59Z,2026-08-06 03:02,0,,0,
2026-08-06T01:08:03Z,2026-08-06 03:08,0,,0,
2026-08-06T01:13:08Z,2026-08-06 03:13,0,,0,
2026-08-06T01:18:11Z,2026-08-06 03:18,0,,0,
2026-08-06T01:23:15Z,2026-08-06 03:23,0,,0,
2026-08-06T01:28:18Z,2026-08-06 03:28,0,,0,
2026-08-06T01:33:22Z,2026-08-06 03:33,0,,0,
2026-08-06T01:38:27Z,2026-08-06 03:38,0,,0,
2026-08-06T01:43:31Z,2026-08-06 03:43,0,,0,
2026-08-06T01:48:34Z,2026-08-06 03:48,0,,0,
2026-08-06T01:53:38Z,2026-08-06 03:53,0,,0,
2026-08-06T01:58:43Z,2026-08-06 03:58,0,,0,
2026-08-06T02:03:48Z,2026-08-06 04:03,0,,0,
2026-08-06T02:09:17Z,2026-08-06 04:09,0,,0,
2026-08-06T02:14:21Z,2026-08-06 04:14,0,,0,
2026-08-06T02:19:26Z,2026-08-06 04:19,0,,0,
2026-08-06T02:24:31Z,2026-08-06 04:24,0,,0,
2026-08-06T02:29:36Z,2026-08-06 04:29,0,,0,
2026-08-06T02:34:41Z,2026-08-06 04:34,0,,0,
2026-08-06T02:34:54Z,2026-08-06 04:34,0,,0,
2026-08-06T02:39:59Z,2026-08-06 04:39,0,,0,
2026-08-06T02:45:08Z,2026-08-06 04:45,0,,0,
2026-08-06T02:50:16Z,2026-08-06 04:50,0,,0,
2026-08-06T02:55:22Z,2026-08-06 04:55,0,,0,
2026-08-06T03:00:26Z,2026-08-06 05:00,0,,0,
2026-08-06T03:05:31Z,2026-08-06 05:05,0,,0,
2026-08-06T03:10:36Z,2026-08-06 05:10,0,,0,
2026-08-06T03:15:41Z,2026-08-06 05:15,0,,0,
2026-08-06T03:20:46Z,2026-08-06 05:20,0,,0,
2026-08-06T03:25:50Z,2026-08-06 05:25,0,,0,
2026-08-06T03:30:56Z,2026-08-06 05:30,0,,0,
2026-08-06T03:36:00Z,2026-08-06 05:36,0,,0,
2026-08-06T03:41:05Z,2026-08-06 05:41,0,,0,
2026-08-06T03:46:59Z,2026-08-06 05:46,0,,0,
2026-08-06T03:52:03Z,2026-08-06 05:52,0,,0,
2026-08-06T03:57:08Z,2026-08-06 05:57,0,,0,
2026-08-06T04:02:13Z,2026-08-06 06:02,0,,0,
2026-08-06T04:07:16Z,2026-08-06 06:07,0,,0,
2026-08-06T04:12:21Z,2026-08-06 06:12,0,,0,
2026-08-06T04:17:24Z,2026-08-06 06:17,0,,0,
2026-08-06T04:22:29Z,2026-08-06 06:22,0,,0,
2026-08-06T04:27:32Z,2026-08-06 06:27,0,,0,
2026-08-06T04:32:37Z,2026-08-06 06:32,0,,0,
2026-08-06T04:37:42Z,2026-08-06 06:37,0,,0,
2026-08-06T04:42:45Z,2026-08-06 06:42,0,,0,
2026-08-06T04:47:50Z,2026-08-06 06:47,0,,0,
2026-08-06T04:52:56Z,2026-08-06 06:52,0,,0,
2026-08-06T04:58:01Z,2026-08-06 06:58,0,,0,
2026-08-06T05:03:06Z,2026-08-06 07:03,0,,0,
2026-08-06T05:08:12Z,2026-08-06 07:08,0,,0,
2026-08-06T05:13:16Z,2026-08-06 07:13,0,,0,
2026-08-06T05:18:27Z,2026-08-06 07:18,0,,0,
2026-08-06T05:23:32Z,2026-08-06 07:23,0,,0,
2026-08-06T05:23:50Z,2026-08-06 07:23,0,,0,
2026-08-06T05:28:53Z,2026-08-06 07:28,0,,0,
2026-08-06T05:33:58Z,2026-08-06 07:33,0,,0,
2026-08-06T05:39:03Z,2026-08-06 07:39,0,,0,
2026-08-06T05:44:07Z,2026-08-06 07:44,0,,0,
2026-08-06T05:49:12Z,2026-08-06 07:49,0,,0,
2026-08-06T05:54:18Z,2026-08-06 07:54,0,,0,
2026-08-06T05:59:22Z,2026-08-06 07:59,0,,0,
2026-08-06T06:04:26Z,2026-08-06 08:04,0,,0,
2026-08-06T06:09:30Z,2026-08-06 08:09,0,,0,
2026-08-06T06:14:35Z,2026-08-06 08:14,0,,0,
2026-08-06T06:19:39Z,2026-08-06 08:19,0,,0,
2026-08-06T06:24:44Z,2026-08-06 08:24,0,,0,
2026-08-06T06:29:48Z,2026-08-06 08:29,0,,0,
2026-08-06T06:34:52Z,2026-08-06 08:34,0,,0,
2026-08-06T06:39:57Z,2026-08-06 08:39,0,,0,
2026-08-06T06:50:29Z,2026-08-06 08:50,0,,0,
2026-08-06T06:55:33Z,2026-08-06 08:55,0,,20,2.0
2026-08-06T07:00:48Z,2026-08-06 09:00,0,,20,2.0
2026-08-06T07:05:52Z,2026-08-06 09:05,0,,20,2.0
2026-08-06T07:10:57Z,2026-08-06 09:10,0,,20,2.0
2026-08-06T07:16:01Z,2026-08-06 09:16,0,,20,2.0
2026-08-06T07:21:07Z,2026-08-06 09:21,0,,20,2.0
2026-08-06T07:26:11Z,2026-08-06 09:26,0,,20,2.0
2026-08-06T07:31:16Z,2026-08-06 09:31,0,,20,2.0
2026-08-06T07:36:23Z,2026-08-06 09:36,0,,20,2.0
2026-08-06T07:41:27Z,2026-08-06 09:41,0,,20,2.0
2026-08-06T07:52:22Z,2026-08-06 09:52,0,,20,2.0
2026-08-06T07:57:25Z,2026-08-06 09:57,0,,20,2.0
2026-08-06T08:02:28Z,2026-08-06 10:02,0,,20,2.0
2026-08-06T08:07:33Z,2026-08-06 10:07,0,,30,3.0
2026-08-06T08:12:38Z,2026-08-06 10:12,0,,30,3.0
2026-08-06T08:12:52Z,2026-08-06 10:12,0,,30,3.0
2026-08-06T08:17:58Z,2026-08-06 10:17,0,,40,4.0
2026-08-06T08:23:04Z,2026-08-06 10:23,0,,40,4.0
2026-08-06T08:28:10Z,2026-08-06 10:28,0,,40,4.0
2026-08-06T08:33:16Z,2026-08-06 10:33,0,,40,4.0
2026-08-06T08:38:22Z,2026-08-06 10:38,0,,50,5.0
2026-08-06T08:43:28Z,2026-08-06 10:43,0,,50,5.0
2026-08-06T08:48:34Z,2026-08-06 10:48,10,1.0,50,5.0
2026-08-06T08:53:40Z,2026-08-06 10:53,10,1.0,50,5.0
2026-08-06T08:58:46Z,2026-08-06 10:58,10,1.0,50,5.0
2026-08-06T09:03:52Z,2026-08-06 11:03,10,1.0,50,5.0
2026-08-06T09:08:59Z,2026-08-06 11:08,10,1.0,50,5.0
2026-08-06T09:14:05Z,2026-08-06 11:14,10,1.0,50,5.0
2026-08-06T09:19:11Z,2026-08-06 11:19,10,1.0,50,5.0
2026-08-06T09:24:18Z,2026-08-06 11:24,20,2.0,50,5.0
2026-08-06T09:29:25Z,2026-08-06 11:29,20,2.0,50,5.0
2026-08-06T09:34:30Z,2026-08-06 11:34,20,2.0,50,5.0
2026-08-06T09:39:36Z,2026-08-06 11:39,20,2.0,50,5.0
2026-08-06T09:44:42Z,2026-08-06 11:44,20,2.0,50,5.0
2026-08-06T09:49:48Z,2026-08-06 11:49,20,2.0,50,5.0
2026-08-06T09:54:54Z,2026-08-06 11:54,20,2.0,50,5.0
2026-08-06T10:00:00Z,2026-08-06 12:00,20,2.0,50,5.0
2026-08-06T10:05:07Z,2026-08-06 12:05,20,2.0,50,5.0
2026-08-06T10:10:14Z,2026-08-06 12:10,20,2.0,50,5.0
2026-08-06T10:15:19Z,2026-08-06 12:15,20,2.0,50,5.0
2026-08-06T10:20:26Z,2026-08-06 12:20,20,2.0,50,5.0
2026-08-06T10:25:31Z,2026-08-06 12:25,20,2.0,50,5.0
2026-08-06T10:30:38Z,2026-08-06 12:30,20,2.0,50,5.0
2026-08-06T10:35:44Z,2026-08-06 12:35,20,2.0,50,5.0
2026-08-06T10:40:50Z,2026-08-06 12:40,20,2.0,50,5.0
2026-08-06T10:45:56Z,2026-08-06 12:45,20,2.0,50,5.0
2026-08-06T10:51:02Z,2026-08-06 12:51,20,2.0,50,5.0
2026-08-06T10:56:08Z,2026-08-06 12:56,20,2.0,50,5.0
2026-08-06T11:01:14Z,2026-08-06 13:01,20,2.0,50,5.0
2026-08-06T11:01:26Z,2026-08-06 13:01,20,2.0,50,5.0
2026-08-06T11:06:31Z,2026-08-06 13:06,20,2.0,50,5.0
2026-08-06T11:16:40Z,2026-08-06 13:16,20,2.0,50,5.0
2026-08-06T11:21:45Z,2026-08-06 13:21,20,2.0,50,5.0
2026-08-06T11:26:50Z,2026-08-06 13:26,30,3.0,50,5.0
2026-08-06T11:31:55Z,2026-08-06 13:31,30,3.0,50,5.0
2026-08-06T11:37:00Z,2026-08-06 13:37,30,3.0,50,5.0
2026-08-06T11:42:05Z,2026-08-06 13:42,30,3.0,50,5.0
2026-08-06T11:47:10Z,2026-08-06 13:47,30,3.0,50,5.0
2026-08-06T11:52:14Z,2026-08-06 13:52,30,3.0,50,5.0
2026-08-06T11:57:19Z,2026-08-06 13:57,30,3.0,50,5.0
2026-08-06T12:02:24Z,2026-08-06 14:02,30,3.0,50,5.0
2026-08-06T12:07:29Z,2026-08-06 14:07,30,3.0,50,5.0
2026-08-06T12:12:34Z,2026-08-06 14:12,30,3.0,50,5.0
2026-08-06T12:17:39Z,2026-08-06 14:17,30,3.0,50,5.0
2026-08-06T12:22:43Z,2026-08-06 14:22,30,3.0,50,5.0
2026-08-06T12:27:48Z,2026-08-06 14:27,30,3.0,50,5.0
2026-08-06T12:32:53Z,2026-08-06 14:32,30,3.0,50,5.0
2026-08-06T12:37:58Z,2026-08-06 14:37,30,3.0,50,5.0
2026-08-06T12:43:03Z,2026-08-06 14:43,30,3.0,50,5.0
2026-08-06T12:48:08Z,2026-08-06 14:48,30,3.0,50,5.0
2026-08-06T12:53:13Z,2026-08-06 14:53,30,3.0,50,5.0
2026-08-06T12:58:19Z,2026-08-06 14:58,30,3.0,50,5.0
2026-08-06T13:03:24Z,2026-08-06 15:03,30,3.0,50,5.0
2026-08-06T13:08:29Z,2026-08-06 15:08,30,3.0,50,5.0
2026-08-06T13:13:35Z,2026-08-06 15:13,30,3.0,50,5.0
2026-08-06T13:18:40Z,2026-08-06 15:18,30,3.0,50,5.0
2026-08-06T13:23:45Z,2026-08-06 15:23,30,3.0,50,5.0
2026-08-06T13:28:50Z,2026-08-06 15:28,30,3.0,50,5.0
2026-08-06T13:33:55Z,2026-08-06 15:33,30,3.0,50,5.0
2026-08-06T13:39:00Z,2026-08-06 15:39,30,3.0,50,5.0
2026-08-06T13:44:10Z,2026-08-06 15:44,30,3.0,50,5.0
2026-08-06T13:49:15Z,2026-08-06 15:49,30,3.0,50,5.0
2026-08-06T13:49:35Z,2026-08-06 15:49,30,3.0,50,5.0
2026-08-06T13:54:40Z,2026-08-06 15:54,30,3.0,50,5.0
2026-08-06T13:59:45Z,2026-08-06 15:59,30,3.0,50,5.0
2026-08-06T14:04:50Z,2026-08-06 16:04,30,3.0,50,5.0
2026-08-06T14:09:55Z,2026-08-06 16:09,30,3.0,50,5.0
2026-08-06T14:15:01Z,2026-08-06 16:15,30,3.0,50,5.0
2026-08-06T14:20:12Z,2026-08-06 16:20,30,3.0,50,5.0
2026-08-06T14:25:18Z,2026-08-06 16:25,30,3.0,50,5.0
2026-08-06T14:30:26Z,2026-08-06 16:30,20,2.0,50,5.0
2026-08-06T14:35:31Z,2026-08-06 16:35,20,2.0,50,5.0
2026-08-06T14:40:38Z,2026-08-06 16:40,20,2.0,50,5.0
2026-08-06T14:45:43Z,2026-08-06 16:45,20,2.0,50,5.0
2026-08-06T14:50:48Z,2026-08-06 16:50,20,2.0,50,5.0
2026-08-06T14:55:54Z,2026-08-06 16:55,20,2.0,50,5.0
2026-08-06T15:01:00Z,2026-08-06 17:01,20,2.0,50,5.0
2026-08-06T15:06:08Z,2026-08-06 17:06,20,2.0,50,5.0
2026-08-06T15:11:13Z,2026-08-06 17:11,20,2.0,50,5.0
2026-08-06T15:16:19Z,2026-08-06 17:16,20,2.0,50,5.0
2026-08-06T15:21:24Z,2026-08-06 17:21,20,2.0,50,5.0
2026-08-06T15:26:30Z,2026-08-06 17:26,20,2.0,50,5.0
2026-08-06T15:31:35Z,2026-08-06 17:31,20,2.0,50,5.0
2026-08-06T15:36:40Z,2026-08-06 17:36,20,2.0,0,
2026-08-06T15:41:45Z,2026-08-06 17:41,20,2.0,0,
2026-08-06T15:46:50Z,2026-08-06 17:46,20,2.0,0,
2026-08-06T15:51:55Z,2026-08-06 17:51,20,2.0,0,
2026-08-06T15:57:01Z,2026-08-06 17:57,20,2.0,0,
2026-08-06T16:02:08Z,2026-08-06 18:02,20,2.0,0,
2026-08-06T16:07:13Z,2026-08-06 18:07,20,2.0,0,
2026-08-07T00:37:40Z,2026-08-07 02:37,0,,0,
2026-08-07T00:42:46Z,2026-08-07 02:42,0,,0,
2026-08-07T00:47:51Z,2026-08-07 02:47,0,,0,
2026-08-07T00:52:56Z,2026-08-07 02:52,0,,0,
2026-08-07T00:58:01Z,2026-08-07 02:58,0,,0,
2026-08-07T01:03:07Z,2026-08-07 03:03,0,,0,
2026-08-07T01:08:12Z,2026-08-07 03:08,0,,0,
2026-08-07T01:13:18Z,2026-08-07 03:13,0,,0,
2026-08-07T01:18:23Z,2026-08-07 03:18,0,,0,
2026-08-07T01:23:28Z,2026-08-07 03:23,0,,0,
2026-08-07T01:28:33Z,2026-08-07 03:28,0,,0,
2026-08-07T01:33:39Z,2026-08-07 03:33,0,,0,
2026-08-07T01:38:44Z,2026-08-07 03:38,0,,0,
2026-08-07T01:43:49Z,2026-08-07 03:43,0,,0,
2026-08-07T01:48:54Z,2026-08-07 03:48,0,,0,
2026-08-07T01:53:59Z,2026-08-07 03:53,0,,0,
2026-08-07T01:59:05Z,2026-08-07 03:59,0,,0,
2026-08-07T02:04:10Z,2026-08-07 04:04,0,,0,
2026-08-07T02:09:15Z,2026-08-07 04:09,0,,0,
2026-08-07T02:14:20Z,2026-08-07 04:14,0,,0,
2026-08-07T02:19:25Z,2026-08-07 04:19,0,,0,
2026-08-07T02:24:31Z,2026-08-07 04:24,0,,0,
2026-08-07T02:29:35Z,2026-08-07 04:29,0,,0,
2026-08-07T02:34:41Z,2026-08-07 04:34,0,,0,
2026-08-07T02:39:45Z,2026-08-07 04:39,0,,0,
2026-08-07T02:44:51Z,2026-08-07 04:44,0,,0,
2026-08-07T02:49:56Z,2026-08-07 04:49,0,,0,
2026-08-07T02:55:01Z,2026-08-07 04:55,0,,0,
2026-08-07T03:00:22Z,2026-08-07 05:00,0,,0,
2026-08-07T03:05:27Z,2026-08-07 05:05,0,,0,
2026-08-07T03:10:32Z,2026-08-07 05:10,0,,0,
2026-08-07T03:15:37Z,2026-08-07 05:15,0,,0,
2026-08-07T03:20:42Z,2026-08-07 05:20,0,,0,
2026-08-07T03:25:47Z,2026-08-07 05:25,0,,0,
2026-08-07T03:44:48Z,2026-08-07 05:44,0,,0,
2026-08-07T03:49:54Z,2026-08-07 05:49,0,,0,
2026-08-07T03:55:01Z,2026-08-07 05:55,0,,0,
2026-08-07T04:00:17Z,2026-08-07 06:00,0,,0,
2026-08-07T04:05:23Z,2026-08-07 06:05,0,,0,
2026-08-07T04:10:28Z,2026-08-07 06:10,0,,0,
2026-08-07T04:15:34Z,2026-08-07 06:15,0,,0,
2026-08-07T04:20:39Z,2026-08-07 06:20,0,,0,
2026-08-07T04:25:45Z,2026-08-07 06:25,0,,0,
2026-08-07T04:30:52Z,2026-08-07 06:30,0,,0,
2026-08-07T04:35:57Z,2026-08-07 06:35,0,,0,
2026-08-07T04:41:03Z,2026-08-07 06:41,0,,0,
2026-08-07T04:46:09Z,2026-08-07 06:46,0,,0,
2026-08-07T04:51:15Z,2026-08-07 06:51,0,,0,
2026-08-07T04:56:21Z,2026-08-07 06:56,0,,0,
2026-08-07T05:01:27Z,2026-08-07 07:01,0,,0,
2026-08-07T05:06:33Z,2026-08-07 07:06,0,,0,
2026-08-07T05:11:40Z,2026-08-07 07:11,0,,0,
2026-08-07T05:16:45Z,2026-08-07 07:16,0,,10,1.0
2026-08-07T05:21:51Z,2026-08-07 07:21,0,,10,1.0
2026-08-07T05:26:58Z,2026-08-07 07:26,0,,10,1.0
2026-08-07T05:32:04Z,2026-08-07 07:32,0,,10,1.0
2026-08-07T05:37:10Z,2026-08-07 07:37,0,,10,1.0
2026-08-07T05:42:16Z,2026-08-07 07:42,0,,20,2.0
2026-08-07T05:47:22Z,2026-08-07 07:47,0,,20,2.0
2026-08-07T05:52:28Z,2026-08-07 07:52,0,,20,2.0
2026-08-07T05:57:34Z,2026-08-07 07:57,10,1.0,20,2.0
2026-08-07T06:02:41Z,2026-08-07 08:02,10,1.0,20,2.0
2026-08-07T06:07:47Z,2026-08-07 08:07,20,2.0,30,3.0
2026-08-07T06:12:53Z,2026-08-07 08:12,20,2.0,30,3.0
2026-08-07T06:17:59Z,2026-08-07 08:17,20,2.0,30,3.0
2026-08-07T06:23:06Z,2026-08-07 08:23,20,2.0,30,3.0
2026-08-07T06:28:11Z,2026-08-07 08:28,20,2.0,30,3.0
2026-08-07T06:33:17Z,2026-08-07 08:33,20,2.0,30,3.0
2026-08-07T06:33:31Z,2026-08-07 08:33,20,2.0,30,3.0
2026-08-07T06:38:37Z,2026-08-07 08:38,20,2.0,30,3.0
2026-08-07T06:43:44Z,2026-08-07 08:43,20,2.0,40,4.0
2026-08-07T06:48:50Z,2026-08-07 08:48,20,2.0,40,4.0
2026-08-07T06:53:56Z,2026-08-07 08:53,20,2.0,40,4.0
2026-08-07T06:59:01Z,2026-08-07 08:59,20,2.0,40,4.0
2026-08-07T07:04:07Z,2026-08-07 09:04,20,2.0,40,4.0
2026-08-07T07:09:13Z,2026-08-07 09:09,10,1.0,40,4.0
2026-08-07T07:14:20Z,2026-08-07 09:14,10,1.0,40,4.0
2026-08-07T07:19:26Z,2026-08-07 09:19,10,1.0,40,4.0
2026-08-07T07:24:32Z,2026-08-07 09:24,10,1.0,40,4.0
2026-08-07T07:29:37Z,2026-08-07 09:29,10,1.0,40,4.0
2026-08-07T07:34:43Z,2026-08-07 09:34,10,1.0,40,4.0
2026-08-07T07:39:49Z,2026-08-07 09:39,0,,40,4.0
2026-08-07T07:44:55Z,2026-08-07 09:44,0,,40,4.0
2026-08-07T07:50:11Z,2026-08-07 09:50,0,,40,4.0
2026-08-07T07:55:17Z,2026-08-07 09:55,0,,40,4.0
2026-08-07T08:00:26Z,2026-08-07 10:00,0,,40,4.0
2026-08-07T08:05:33Z,2026-08-07 10:05,0,,50,5.0
2026-08-07T08:10:39Z,2026-08-07 10:10,0,,50,5.0
2026-08-07T08:15:45Z,2026-08-07 10:15,10,1.0,50,5.0
2026-08-07T08:20:51Z,2026-08-07 10:20,10,1.0,50,5.0
2026-08-07T08:25:57Z,2026-08-07 10:25,10,1.0,50,5.0
2026-08-07T08:31:03Z,2026-08-07 10:31,10,1.0,50,5.0
2026-08-07T08:36:09Z,2026-08-07 10:36,10,1.0,50,5.0
2026-08-07T08:41:16Z,2026-08-07 10:41,10,1.0,50,5.0
2026-08-07T08:46:22Z,2026-08-07 10:46,10,1.0,50,5.0
2026-08-07T08:51:28Z,2026-08-07 10:51,10,1.0,50,5.0
2026-08-07T08:56:34Z,2026-08-07 10:56,10,1.0,50,5.0
2026-08-07T09:01:40Z,2026-08-07 11:01,10,1.0,50,5.0
2026-08-07T09:06:46Z,2026-08-07 11:06,10,1.0,50,5.0
2026-08-07T09:11:52Z,2026-08-07 11:11,10,1.0,50,5.0
2026-08-07T09:16:58Z,2026-08-07 11:16,10,1.0,50,5.0
2026-08-07T09:22:06Z,2026-08-07 11:22,10,1.0,40,4.0
2026-08-07T09:22:22Z,2026-08-07 11:22,10,1.0,40,4.0
2026-08-07T09:27:28Z,2026-08-07 11:27,10,1.0,40,4.0
2026-08-07T09:32:34Z,2026-08-07 11:32,10,1.0,40,4.0
2026-08-07T09:37:40Z,2026-08-07 11:37,10,1.0,40,4.0
2026-08-07T09:42:46Z,2026-08-07 11:42,20,2.0,40,4.0
2026-08-07T09:47:53Z,2026-08-07 11:47,20,2.0,40,4.0
2026-08-07T09:52:59Z,2026-08-07 11:52,20,2.0,40,4.0
2026-08-07T09:58:06Z,2026-08-07 11:58,20,2.0,50,5.0
2026-08-07T10:03:12Z,2026-08-07 12:03,20,2.0,50,5.0
2026-08-07T10:08:18Z,2026-08-07 12:08,20,2.0,50,5.0
2026-08-07T10:13:24Z,2026-08-07 12:13,20,2.0,50,5.0
2026-08-07T10:18:31Z,2026-08-07 12:18,20,2.0,50,5.0
2026-08-07T10:23:36Z,2026-08-07 12:23,20,2.0,50,5.0
2026-08-07T10:28:42Z,2026-08-07 12:28,20,2.0,50,5.0
2026-08-07T10:33:48Z,2026-08-07 12:33,20,2.0,50,5.0
2026-08-07T10:38:54Z,2026-08-07 12:38,30,3.0,50,5.0
2026-08-07T10:44:00Z,2026-08-07 12:44,30,3.0,50,5.0
2026-08-07T10:49:06Z,2026-08-07 12:49,30,3.0,50,5.0
2026-08-07T10:54:12Z,2026-08-07 12:54,30,3.0,50,5.0
2026-08-07T10:59:19Z,2026-08-07 12:59,40,4.0,50,5.0
2026-08-07T11:04:25Z,2026-08-07 13:04,40,4.0,50,5.0
2026-08-07T11:09:31Z,2026-08-07 13:09,40,4.0,50,5.0
2026-08-07T11:14:37Z,2026-08-07 13:14,40,4.0,50,5.0
2026-08-07T11:19:43Z,2026-08-07 13:19,40,4.0,50,5.0
2026-08-07T11:24:48Z,2026-08-07 13:24,40,4.0,60,6.0
2026-08-07T11:29:55Z,2026-08-07 13:29,40,4.0,60,6.0
2026-08-07T11:35:01Z,2026-08-07 13:35,40,4.0,60,6.0
2026-08-07T11:40:14Z,2026-08-07 13:40,40,4.0,60,6.0
2026-08-07T11:45:21Z,2026-08-07 13:45,40,4.0,60,6.0
2026-08-07T11:50:26Z,2026-08-07 13:50,40,4.0,60,6.0
2026-08-07T11:55:32Z,2026-08-07 13:55,30,3.0,60,6.0
2026-08-07T12:00:39Z,2026-08-07 14:00,30,3.0,60,6.0
2026-08-07T12:05:45Z,2026-08-07 14:05,30,3.0,60,6.0
2026-08-07T12:10:51Z,2026-08-07 14:10,30,3.0,60,6.0
2026-08-07T12:11:06Z,2026-08-07 14:11,30,3.0,60,6.0
2026-08-07T12:16:12Z,2026-08-07 14:16,30,3.0,60,6.0
2026-08-07T12:21:19Z,2026-08-07 14:21,30,3.0,60,6.0
2026-08-07T12:26:25Z,2026-08-07 14:26,30,3.0,60,6.0
2026-08-07T12:31:32Z,2026-08-07 14:31,30,3.0,60,6.0
2026-08-07T12:36:38Z,2026-08-07 14:36,30,3.0,60,6.0
2026-08-07T12:41:45Z,2026-08-07 14:41,30,3.0,60,6.0
2026-08-07T12:46:51Z,2026-08-07 14:46,30,3.0,50,5.0
2026-08-07T12:51:57Z,2026-08-07 14:51,30,3.0,50,5.0
2026-08-07T12:57:04Z,2026-08-07 14:57,30,3.0,50,5.0
2026-08-07T13:02:10Z,2026-08-07 15:02,30,3.0,50,5.0
2026-08-07T13:07:17Z,2026-08-07 15:07,30,3.0,50,5.0
2026-08-07T13:12:23Z,2026-08-07 15:12,30,3.0,60,6.0
2026-08-07T13:17:29Z,2026-08-07 15:17,30,3.0,70,7.0
2026-08-07T13:22:42Z,2026-08-07 15:22,30,3.0,70,7.0
2026-08-07T13:27:48Z,2026-08-07 15:27,30,3.0,70,7.0
2026-08-07T13:32:54Z,2026-08-07 15:32,30,3.0,70,7.0
2026-08-07T13:38:01Z,2026-08-07 15:38,30,3.0,70,7.0
2026-08-07T13:43:07Z,2026-08-07 15:43,30,3.0,70,7.0
2026-08-07T13:48:13Z,2026-08-07 15:48,30,3.0,70,7.0
2026-08-07T13:53:21Z,2026-08-07 15:53,30,3.0,70,7.0
2026-08-07T13:58:29Z,2026-08-07 15:58,20,2.0,70,7.0
2026-08-07T14:03:35Z,2026-08-07 16:03,20,2.0,90,9.0
2026-08-07T14:08:41Z,2026-08-07 16:08,20,2.0,90,9.0
2026-08-07T14:13:47Z,2026-08-07 16:13,20,2.0,90,9.0
2026-08-07T14:18:53Z,2026-08-07 16:18,20,2.0,90,9.0
2026-08-07T14:24:00Z,2026-08-07 16:24,20,2.0,90,9.0
2026-08-07T14:29:06Z,2026-08-07 16:29,20,2.0,90,9.0
2026-08-07T14:34:13Z,2026-08-07 16:34,20,2.0,90,9.0
2026-08-07T14:39:19Z,2026-08-07 16:39,20,2.0,90,9.0
2026-08-07T14:44:27Z,2026-08-07 16:44,20,2.0,100,10.0
2026-08-07T14:49:35Z,2026-08-07 16:49,20,2.0,100,10.0
2026-08-07T14:54:41Z,2026-08-07 16:54,20,2.0,100,10.0
2026-08-07T14:59:47Z,2026-08-07 16:59,20,2.0,100,10.0
2026-08-07T15:00:04Z,2026-08-07 17:00,20,2.0,100,10.0
2026-08-07T15:05:12Z,2026-08-07 17:05,10,1.0,100,10.0
2026-08-07T15:10:19Z,2026-08-07 17:10,10,1.0,100,10.0
2026-08-07T15:15:25Z,2026-08-07 17:15,10,1.0,100,10.0
2026-08-07T15:20:30Z,2026-08-07 17:20,10,1.0,100,10.0
2026-08-07T15:25:37Z,2026-08-07 17:25,10,1.0,110,11.0
2026-08-07T15:30:43Z,2026-08-07 17:30,10,1.0,110,11.0
2026-08-07T15:35:49Z,2026-08-07 17:35,0,,110,11.0
2026-08-07T15:40:55Z,2026-08-07 17:40,0,,110,11.0
2026-08-07T15:46:03Z,2026-08-07 17:46,0,,110,11.0
2026-08-07T15:51:09Z,2026-08-07 17:51,0,,110,11.0
2026-08-07T15:56:15Z,2026-08-07 17:56,0,,110,11.0
2026-08-07T16:01:22Z,2026-08-07 18:01,0,,100,10.0
2026-08-07T16:06:28Z,2026-08-07 18:06,0,,100,10.0
2026-08-07T16:11:34Z,2026-08-07 18:11,0,,100,10.0
2026-08-07T16:16:39Z,2026-08-07 18:16,0,,100,10.0
2026-08-07T16:21:46Z,2026-08-07 18:21,0,,100,10.0
2026-08-07T16:26:52Z,2026-08-07 18:26,0,,100,10.0
2026-08-07T16:31:58Z,2026-08-07 18:31,0,,100,10.0
2026-08-07T16:37:04Z,2026-08-07 18:37,0,,9,9.0
2026-08-07T16:42:10Z,2026-08-07 18:42,0,,90,9.0
2026-08-07T16:47:17Z,2026-08-07 18:47,0,,90,9.0
2026-08-07T16:52:24Z,2026-08-07 18:52,0,,90,9.0
2026-08-07T16:57:30Z,2026-08-07 18:57,0,,90,9.0
2026-08-07T17:02:36Z,2026-08-07 19:02,0,,90,9.0
2026-08-07T17:07:42Z,2026-08-07 19:07,0,,90,9.0
2026-08-07T17:12:48Z,2026-08-07 19:12,0,,90,9.0
2026-08-07T17:17:54Z,2026-08-07 19:17,0,,90,9.0
2026-08-07T17:23:01Z,2026-08-07 19:23,0,,90,9.0
2026-08-07T17:28:08Z,2026-08-07 19:28,0,,90,9.0
2026-08-07T17:33:15Z,2026-08-07 19:33,0,,90,9.0
2026-08-07T17:38:21Z,2026-08-07 19:38,0,,80,8.0
2026-08-07T17:43:26Z,2026-08-07 19:43,0,,80,8.0
2026-08-07T17:48:32Z,2026-08-07 19:48,0,,70,7.0
2026-08-07T17:48:56Z,2026-08-07 19:48,0,,70,7.0
2026-08-07T17:54:01Z,2026-08-07 19:54,0,,70,7.0
2026-08-07T17:59:07Z,2026-08-07 19:59,0,,70,7.0
2026-08-07T18:04:14Z,2026-08-07 20:04,0,,60,6.0
2026-08-07T18:09:20Z,2026-08-07 20:09,0,,60,6.0
2026-08-07T18:14:27Z,2026-08-07 20:14,0,,60,6.0
2026-08-07T18:19:32Z,2026-08-07 20:19,0,,60,6.0
2026-08-07T18:24:38Z,2026-08-07 20:24,0,,60,6.0
2026-08-07T18:29:44Z,2026-08-07 20:29,0,,60,6.0
2026-08-07T18:34:50Z,2026-08-07 20:34,0,,60,6.0
2026-08-07T18:39:56Z,2026-08-07 20:39,0,,60,6.0
2026-08-07T18:45:01Z,2026-08-07 20:45,0,,70,7.0
2026-08-07T18:50:09Z,2026-08-07 20:50,0,,60,6.0
2026-08-07T18:55:14Z,2026-08-07 20:55,0,,60,6.0
2026-08-07T19:00:20Z,2026-08-07 21:00,0,,60,6.0
2026-08-07T19:05:26Z,2026-08-07 21:05,0,,60,6.0
2026-08-07T19:10:32Z,2026-08-07 21:10,0,,60,6.0
2026-08-07T19:15:39Z,2026-08-07 21:15,0,,60,6.0
2026-08-07T19:20:45Z,2026-08-07 21:20,0,,60,6.0
2026-08-07T19:25:51Z,2026-08-07 21:25,0,,50,5.0
2026-08-07T19:30:57Z,2026-08-07 21:30,0,,50,5.0
2026-08-07T19:36:03Z,2026-08-07 21:36,0,,50,5.0
2026-08-07T19:41:09Z,2026-08-07 21:41,0,,50,5.0
2026-08-07T19:46:15Z,2026-08-07 21:46,0,,50,5.0
2026-08-07T19:51:21Z,2026-08-07 21:51,0,,50,5.0
2026-08-07T19:56:27Z,2026-08-07 21:56,0,,50,5.0
2026-08-07T20:01:33Z,2026-08-07 22:01,0,,50,5.0
2026-08-07T20:06:39Z,2026-08-07 22:06,0,,50,5.0
2026-08-07T20:11:45Z,2026-08-07 22:11,0,,50,5.0
2026-08-07T20:16:51Z,2026-08-07 22:16,0,,50,5.0
2026-08-07T20:21:56Z,2026-08-07 22:21,0,,50,5.0
2026-08-07T20:27:02Z,2026-08-07 22:27,0,,50,5.0
2026-08-07T20:32:08Z,2026-08-07 22:32,0,,50,5.0
2026-08-07T20:37:14Z,2026-08-07 22:37,0,,40,4.0
2026-08-07T20:37:44Z,2026-08-07 22:37,0,,40,4.0
2026-08-07T20:42:50Z,2026-08-07 22:42,0,,40,4.0
2026-08-07T20:47:56Z,2026-08-07 22:47,0,,40,4.0
2026-08-07T20:53:01Z,2026-08-07 22:53,0,,40,4.0
2026-08-07T20:58:08Z,2026-08-07 22:58,0,,40,4.0
2026-08-07T21:03:13Z,2026-08-07 23:03,0,,40,4.0
2026-08-07T21:08:19Z,2026-08-07 23:08,0,,40,4.0
2026-08-07T21:13:25Z,2026-08-07 23:13,0,,40,4.0
2026-08-07T21:18:31Z,2026-08-07 23:18,0,,40,4.0
2026-08-07T21:23:38Z,2026-08-07 23:23,0,,40,4.0
2026-08-07T21:28:43Z,2026-08-07 23:28,0,,40,4.0
2026-08-07T21:33:49Z,2026-08-07 23:33,0,,40,4.0
2026-08-07T21:38:55Z,2026-08-07 23:38,0,,40,4.0
2026-08-07T21:44:01Z,2026-08-07 23:44,0,,40,4.0
2026-08-07T21:49:07Z,2026-08-07 23:49,0,,40,4.0
2026-08-07T21:54:12Z,2026-08-07 23:54,0,,40,4.0
2026-08-07T21:59:18Z,2026-08-07 23:59,0,,40,4.0
2026-08-07T22:04:24Z,2026-08-08 00:04,0,,40,4.0
2026-08-07T22:09:30Z,2026-08-08 00:09,0,,40,4.0
2026-08-07T22:14:36Z,2026-08-08 00:14,0,,40,4.0
2026-08-07T22:19:41Z,2026-08-08 00:19,0,,40,4.0
2026-08-07T22:24:45Z,2026-08-08 00:24,0,,40,4.0
2026-08-07T22:29:51Z,2026-08-08 00:29,0,,30,3.0
2026-08-07T22:34:56Z,2026-08-08 00:34,0,,30,3.0
2026-08-07T22:40:02Z,2026-08-08 00:40,0,,30,3.0
2026-08-07T22:45:12Z,2026-08-08 00:45,0,,30,3.0
2026-08-07T22:50:19Z,2026-08-08 00:50,0,,30,3.0
2026-08-07T22:55:22Z,2026-08-08 00:55,0,,30,3.0
2026-08-07T23:00:27Z,2026-08-08 01:00,0,,30,3.0
2026-08-07T23:05:33Z,2026-08-08 01:05,0,,30,3.0
2026-08-07T23:10:39Z,2026-08-08 01:10,0,,30,3.0
2026-08-07T23:15:45Z,2026-08-08 01:15,0,,20,2.0
2026-08-07T23:20:50Z,2026-08-08 01:20,0,,20,2.0
2026-08-07T23:25:56Z,2026-08-08 01:25,0,,20,2.0
2026-08-07T23:26:09Z,2026-08-08 01:26,0,,20,2.0
2026-08-07T23:31:14Z,2026-08-08 01:31,0,,20,2.0
2026-08-07T23:36:19Z,2026-08-08 01:36,0,,20,2.0
2026-08-07T23:41:24Z,2026-08-08 01:41,0,,20,2.0
2026-08-07T23:46:29Z,2026-08-08 01:46,0,,20,2.0
2026-08-07T23:51:34Z,2026-08-08 01:51,0,,20,2.0
2026-08-07T23:56:39Z,2026-08-08 01:56,0,,20,2.0
2026-08-08T00:01:44Z,2026-08-08 02:01,0,,20,2.0
2026-08-08T00:06:48Z,2026-08-08 02:06,0,,20,2.0
2026-08-08T00:11:53Z,2026-08-08 02:11,0,,20,2.0
2026-08-08T00:16:58Z,2026-08-08 02:16,0,,20,2.0
2026-08-08T00:22:03Z,2026-08-08 02:22,0,,20,2.0
2026-08-08T00:27:08Z,2026-08-08 02:27,0,,20,2.0
2026-08-08T00:32:13Z,2026-08-08 02:32,0,,10,1.0
2026-08-08T00:37:19Z,2026-08-08 02:37,0,,10,1.0
2026-08-08T00:42:25Z,2026-08-08 02:42,0,,10,1.0
2026-08-08T00:47:30Z,2026-08-08 02:47,0,,10,1.0
2026-08-08T00:52:34Z,2026-08-08 02:52,0,,10,1.0
2026-08-08T00:57:39Z,2026-08-08 02:57,0,,10,1.0
2026-08-08T01:02:44Z,2026-08-08 03:02,0,,10,1.0
2026-08-08T01:07:49Z,2026-08-08 03:07,0,,0,
2026-08-08T01:12:53Z,2026-08-08 03:12,0,,0,
2026-08-08T01:18:02Z,2026-08-08 03:18,0,,0,
2026-08-08T01:23:07Z,2026-08-08 03:23,0,,0,
2026-08-08T01:28:12Z,2026-08-08 03:28,0,,0,
2026-08-08T01:33:17Z,2026-08-08 03:33,0,,0,
2026-08-08T01:38:22Z,2026-08-08 03:38,0,,0,
2026-08-08T01:43:27Z,2026-08-08 03:43,0,,0,
2026-08-08T01:48:32Z,2026-08-08 03:48,0,,0,
2026-08-08T01:53:36Z,2026-08-08 03:53,0,,0,
2026-08-08T01:58:41Z,2026-08-08 03:58,0,,0,
2026-08-08T02:03:46Z,2026-08-08 04:03,0,,0,
2026-08-08T02:08:51Z,2026-08-08 04:08,0,,0,
2026-08-08T02:13:56Z,2026-08-08 04:13,0,,0,
2026-08-08T02:14:08Z,2026-08-08 04:14,0,,0,
2026-08-08T02:19:13Z,2026-08-08 04:19,0,,0,
2026-08-08T02:24:18Z,2026-08-08 04:24,0,,0,
2026-08-08T02:29:24Z,2026-08-08 04:29,0,,0,
2026-08-08T02:34:29Z,2026-08-08 04:34,0,,0,
2026-08-08T02:39:34Z,2026-08-08 04:39,0,,0,
2026-08-08T02:44:39Z,2026-08-08 04:44,0,,0,
2026-08-08T02:49:44Z,2026-08-08 04:49,0,,0,
2026-08-08T02:54:50Z,2026-08-08 04:54,0,,0,
2026-08-08T02:59:55Z,2026-08-08 04:59,0,,0,
2026-08-08T03:05:01Z,2026-08-08 05:05,0,,0,
2026-08-08T03:10:10Z,2026-08-08 05:10,0,,0,
2026-08-08T03:15:15Z,2026-08-08 05:15,0,,0,
2026-08-08T03:20:20Z,2026-08-08 05:20,0,,0,
2026-08-08T03:25:26Z,2026-08-08 05:25,0,,0,
2026-08-08T03:30:31Z,2026-08-08 05:30,0,,0,
2026-08-08T03:35:36Z,2026-08-08 05:35,0,,0,
2026-08-08T03:40:41Z,2026-08-08 05:40,10,1.0,0,
2026-08-08T03:45:47Z,2026-08-08 05:45,20,2.0,0,
2026-08-08T03:50:54Z,2026-08-08 05:50,20,2.0,0,
2026-08-08T03:55:59Z,2026-08-08 05:55,20,2.0,0,
2026-08-08T04:01:04Z,2026-08-08 06:01,20,2.0,0,
2026-08-08T04:06:11Z,2026-08-08 06:06,20,2.0,0,
2026-08-08T04:11:16Z,2026-08-08 06:11,20,2.0,0,
2026-08-08T04:16:22Z,2026-08-08 06:16,20,2.0,0,
2026-08-08T04:21:27Z,2026-08-08 06:21,20,2.0,0,
2026-08-08T04:26:32Z,2026-08-08 06:26,20,2.0,10,1.0
2026-08-08T04:31:37Z,2026-08-08 06:31,20,2.0,10,1.0
2026-08-08T04:36:43Z,2026-08-08 06:36,20,2.0,20,2.0
2026-08-08T04:41:48Z,2026-08-08 06:41,20,2.0,20,2.0
2026-08-08T04:46:53Z,2026-08-08 06:46,20,2.0,20,2.0
2026-08-08T04:51:59Z,2026-08-08 06:51,20,2.0,30,3.0
2026-08-08T04:57:04Z,2026-08-08 06:57,20,2.0,30,3.0
2026-08-08T05:02:10Z,2026-08-08 07:02,20,2.0,30,3.0
2026-08-08T05:02:25Z,2026-08-08 07:02,20,2.0,30,3.0
2026-08-08T05:07:31Z,2026-08-08 07:07,20,2.0,30,3.0
2026-08-08T05:12:36Z,2026-08-08 07:12,20,2.0,30,3.0
2026-08-08T05:17:42Z,2026-08-08 07:17,20,2.0,40,4.0
2026-08-08T05:22:47Z,2026-08-08 07:22,20,2.0,40,4.0
2026-08-08T05:27:53Z,2026-08-08 07:27,20,2.0,40,4.0
2026-08-08T05:32:58Z,2026-08-08 07:32,20,2.0,40,4.0
2026-08-08T05:38:04Z,2026-08-08 07:38,20,2.0,40,4.0
2026-08-08T05:43:10Z,2026-08-08 07:43,20,2.0,40,4.0
2026-08-08T05:48:19Z,2026-08-08 07:48,20,2.0,40,4.0
2026-08-08T05:53:25Z,2026-08-08 07:53,20,2.0,40,4.0
2026-08-08T05:58:30Z,2026-08-08 07:58,20,2.0,40,4.0
2026-08-08T06:03:36Z,2026-08-08 08:03,20,2.0,50,5.0
2026-08-08T06:08:41Z,2026-08-08 08:08,20,2.0,50,5.0
2026-08-08T06:13:47Z,2026-08-08 08:13,20,2.0,50,5.0
2026-08-08T06:18:52Z,2026-08-08 08:18,30,3.0,50,5.0
2026-08-08T06:23:58Z,2026-08-08 08:23,30,3.0,50,5.0
2026-08-08T06:29:03Z,2026-08-08 08:29,40,4.0,50,5.0
2026-08-08T06:34:09Z,2026-08-08 08:34,40,4.0,50,5.0
2026-08-08T06:39:15Z,2026-08-08 08:39,40,4.0,50,5.0
2026-08-08T06:44:21Z,2026-08-08 08:44,40,4.0,50,5.0
2026-08-08T06:49:26Z,2026-08-08 08:49,40,4.0,50,5.0
2026-08-08T06:54:32Z,2026-08-08 08:54,40,4.0,50,5.0
2026-08-08T06:59:37Z,2026-08-08 08:59,40,4.0,50,5.0
2026-08-08T07:04:43Z,2026-08-08 09:04,40,4.0,50,5.0
2026-08-08T07:09:50Z,2026-08-08 09:09,40,4.0,50,5.0
2026-08-08T07:14:57Z,2026-08-08 09:14,40,4.0,50,5.0
2026-08-08T07:20:02Z,2026-08-08 09:20,40,4.0,50,5.0
2026-08-08T07:25:08Z,2026-08-08 09:25,40,4.0,50,5.0
2026-08-08T07:30:16Z,2026-08-08 09:30,40,4.0,50,5.0
2026-08-08T07:35:21Z,2026-08-08 09:35,40,4.0,50,5.0
2026-08-08T07:40:26Z,2026-08-08 09:40,40,4.0,50,5.0
2026-08-08T07:45:32Z,2026-08-08 09:45,40,4.0,50,5.0
2026-08-08T07:50:38Z,2026-08-08 09:50,40,4.0,50,5.0
2026-08-08T07:50:53Z,2026-08-08 09:50,40,4.0,50,5.0
2026-08-08T07:55:58Z,2026-08-08 09:55,40,4.0,60,6.0
2026-08-08T08:01:05Z,2026-08-08 10:01,40,4.0,60,6.0
2026-08-08T08:06:11Z,2026-08-08 10:06,40,4.0,60,6.0
2026-08-08T08:11:17Z,2026-08-08 10:11,40,4.0,60,6.0
2026-08-08T08:16:23Z,2026-08-08 10:16,40,4.0,60,6.0
2026-08-08T08:21:28Z,2026-08-08 10:21,40,4.0,60,6.0
2026-08-08T08:26:34Z,2026-08-08 10:26,40,4.0,60,6.0
2026-08-08T08:31:40Z,2026-08-08 10:31,40,4.0,60,6.0
2026-08-08T08:36:45Z,2026-08-08 10:36,40,4.0,60,6.0
2026-08-08T08:41:51Z,2026-08-08 10:41,40,4.0,60,6.0
2026-08-08T08:46:57Z,2026-08-08 10:46,40,4.0,60,6.0
2026-08-08T08:52:03Z,2026-08-08 10:52,40,4.0,60,6.0
2026-08-08T08:57:09Z,2026-08-08 10:57,40,4.0,60,6.0
2026-08-08T09:02:15Z,2026-08-08 11:02,40,4.0,60,6.0
2026-08-08T09:07:21Z,2026-08-08 11:07,40,4.0,60,6.0
2026-08-08T09:12:28Z,2026-08-08 11:12,40,4.0,60,6.0
2026-08-08T09:17:33Z,2026-08-08 11:17,40,4.0,60,6.0
2026-08-08T09:22:39Z,2026-08-08 11:22,40,4.0,60,6.0
2026-08-08T09:27:45Z,2026-08-08 11:27,40,4.0,60,6.0
2026-08-08T09:32:51Z,2026-08-08 11:32,40,4.0,60,6.0
2026-08-08T09:37:56Z,2026-08-08 11:37,30,3.0,60,6.0
2026-08-08T09:43:07Z,2026-08-08 11:43,30,3.0,60,6.0
2026-08-08T09:48:13Z,2026-08-08 11:48,30,3.0,60,6.0
2026-08-08T09:53:18Z,2026-08-08 11:53,30,3.0,60,6.0
2026-08-08T09:58:24Z,2026-08-08 11:58,30,3.0,60,6.0
2026-08-08T10:03:30Z,2026-08-08 12:03,30,3.0,60,6.0
2026-08-08T10:08:35Z,2026-08-08 12:08,30,3.0,60,6.0
2026-08-08T10:13:41Z,2026-08-08 12:13,30,3.0,60,6.0
2026-08-08T10:18:47Z,2026-08-08 12:18,30,3.0,60,6.0
2026-08-08T10:23:52Z,2026-08-08 12:23,30,3.0,60,6.0
2026-08-08T10:28:58Z,2026-08-08 12:28,30,3.0,60,6.0
2026-08-08T10:34:04Z,2026-08-08 12:34,30,3.0,60,6.0
2026-08-08T10:39:13Z,2026-08-08 12:39,30,3.0,60,6.0
2026-08-08T10:39:26Z,2026-08-08 12:39,30,3.0,60,6.0
2026-08-08T10:44:32Z,2026-08-08 12:44,30,3.0,60,6.0
2026-08-08T10:49:37Z,2026-08-08 12:49,30,3.0,60,6.0
2026-08-08T10:54:42Z,2026-08-08 12:54,30,3.0,60,6.0
2026-08-08T10:59:47Z,2026-08-08 12:59,30,3.0,60,6.0
2026-08-08T11:04:52Z,2026-08-08 13:04,30,3.0,60,6.0
2026-08-08T11:09:57Z,2026-08-08 13:09,30,3.0,60,6.0
2026-08-08T11:15:02Z,2026-08-08 13:15,30,3.0,60,6.0
2026-08-08T11:20:12Z,2026-08-08 13:20,30,3.0,60,6.0
2026-08-08T11:25:17Z,2026-08-08 13:25,30,3.0,60,6.0
2026-08-08T11:30:23Z,2026-08-08 13:30,30,3.0,60,6.0
2026-08-08T11:35:28Z,2026-08-08 13:35,30,3.0,60,6.0
2026-08-08T11:40:33Z,2026-08-08 13:40,30,3.0,60,6.0
2026-08-08T11:45:38Z,2026-08-08 13:45,30,3.0,60,6.0
2026-08-08T11:50:43Z,2026-08-08 13:50,30,3.0,60,6.0
2026-08-08T11:55:48Z,2026-08-08 13:55,30,3.0,60,6.0
2026-08-08T12:00:54Z,2026-08-08 14:00,30,3.0,60,6.0
2026-08-08T12:05:59Z,2026-08-08 14:05,30,3.0,60,6.0
2026-08-08T12:11:04Z,2026-08-08 14:11,30,3.0,60,6.0
2026-08-08T12:16:09Z,2026-08-08 14:16,30,3.0,60,6.0
2026-08-08T12:21:15Z,2026-08-08 14:21,30,3.0,60,6.0
2026-08-08T12:26:21Z,2026-08-08 14:26,30,3.0,60,6.0
2026-08-08T12:31:26Z,2026-08-08 14:31,30,3.0,60,6.0
2026-08-08T12:36:31Z,2026-08-08 14:36,30,3.0,60,6.0
2026-08-08T12:41:42Z,2026-08-08 14:41,30,3.0,60,6.0
2026-08-08T12:46:47Z,2026-08-08 14:46,40,4.0,60,6.0
2026-08-08T12:51:53Z,2026-08-08 14:51,40,4.0,60,6.0
2026-08-08T12:56:58Z,2026-08-08 14:56,40,4.0,60,6.0
2026-08-08T13:02:03Z,2026-08-08 15:02,40,4.0,60,6.0
2026-08-08T13:07:09Z,2026-08-08 15:07,40,4.0,60,6.0
2026-08-08T13:12:14Z,2026-08-08 15:12,40,4.0,60,6.0
2026-08-08T13:17:19Z,2026-08-08 15:17,40,4.0,60,6.0
2026-08-08T13:22:24Z,2026-08-08 15:22,40,4.0,60,6.0
2026-08-08T13:27:29Z,2026-08-08 15:27,40,4.0,60,6.0
2026-08-08T13:27:42Z,2026-08-08 15:27,40,4.0,60,6.0
2026-08-08T13:32:47Z,2026-08-08 15:32,40,4.0,60,6.0
2026-08-08T13:37:52Z,2026-08-08 15:37,30,3.0,60,6.0
2026-08-08T13:42:57Z,2026-08-08 15:42,30,3.0,60,6.0
2026-08-08T13:48:02Z,2026-08-08 15:48,30,3.0,60,6.0
2026-08-08T13:53:08Z,2026-08-08 15:53,30,3.0,60,6.0
2026-08-08T13:58:13Z,2026-08-08 15:58,30,3.0,70,7.0
2026-08-08T14:03:18Z,2026-08-08 16:03,30,3.0,70,7.0
2026-08-08T14:08:23Z,2026-08-08 16:08,30,3.0,80,8.0
2026-08-08T14:13:29Z,2026-08-08 16:13,30,3.0,80,8.0
2026-08-08T14:18:34Z,2026-08-08 16:18,30,3.0,80,8.0
2026-08-08T14:23:39Z,2026-08-08 16:23,30,3.0,90,9.0
2026-08-08T14:28:45Z,2026-08-08 16:28,20,2.0,10,10.0
2026-08-08T14:33:50Z,2026-08-08 16:33,10,1.0,10,10.0
2026-08-08T14:38:55Z,2026-08-08 16:38,10,1.0,10,10.0
2026-08-08T14:44:00Z,2026-08-08 16:44,10,1.0,10,10.0
2026-08-08T14:49:05Z,2026-08-08 16:49,10,1.0,10,10.0
2026-08-08T14:54:11Z,2026-08-08 16:54,10,1.0,110,10.0
2026-08-08T14:59:16Z,2026-08-08 16:59,10,1.0,110,10.0
2026-08-08T15:04:21Z,2026-08-08 17:04,10,1.0,110,10.0
2026-08-08T15:09:27Z,2026-08-08 17:09,10,1.0,110,10.0
2026-08-08T15:14:32Z,2026-08-08 17:14,10,1.0,110,10.0
2026-08-08T15:19:37Z,2026-08-08 17:19,0,,90,9.0
2026-08-08T15:24:42Z,2026-08-08 17:24,0,,90,9.0
2026-08-08T15:29:47Z,2026-08-08 17:29,0,,90,9.0
2026-08-08T15:34:52Z,2026-08-08 17:34,0,,90,9.0
2026-08-08T15:39:57Z,2026-08-08 17:39,0,,90,9.0
2026-08-08T15:45:03Z,2026-08-08 17:45,0,,90,9.0
2026-08-08T15:50:13Z,2026-08-08 17:50,0,,90,9.0
2026-08-08T15:55:18Z,2026-08-08 17:55,0,,90,9.0
2026-08-08T16:00:24Z,2026-08-08 18:00,0,,90,9.0
2026-08-08T16:05:29Z,2026-08-08 18:05,0,,90,9.0
2026-08-08T16:10:35Z,2026-08-08 18:10,0,,70,7.0
2026-08-08T16:15:40Z,2026-08-08 18:15,0,,70,7.0
2026-08-08T16:15:53Z,2026-08-08 18:15,0,,70,7.0
2026-08-08T16:20:58Z,2026-08-08 18:20,0,,70,7.0
2026-08-08T16:26:03Z,2026-08-08 18:26,0,,70,7.0
2026-08-08T16:31:09Z,2026-08-08 18:31,0,,70,7.0
2026-08-08T16:36:14Z,2026-08-08 18:36,0,,70,7.0
2026-08-08T16:41:19Z,2026-08-08 18:41,0,,70,7.0
2026-08-08T16:46:24Z,2026-08-08 18:46,0,,60,6.0
2026-08-08T16:51:30Z,2026-08-08 18:51,0,,60,6.0
2026-08-08T16:56:35Z,2026-08-08 18:56,0,,50,5.0
2026-08-08T17:01:40Z,2026-08-08 19:01,0,,50,5.0
2026-08-08T17:06:45Z,2026-08-08 19:06,0,,50,5.0
2026-08-08T17:11:51Z,2026-08-08 19:11,0,,40,4.0
2026-08-08T17:16:56Z,2026-08-08 19:16,0,,30,3.0
2026-08-08T17:22:02Z,2026-08-08 19:22,0,,30,3.0
2026-08-08T17:27:07Z,2026-08-08 19:27,0,,30,3.0
2026-08-08T17:32:13Z,2026-08-08 19:32,0,,20,2.0
2026-08-08T17:37:18Z,2026-08-08 19:37,0,,20,2.0
2026-08-08T17:42:23Z,2026-08-08 19:42,0,,10,1.0
2026-08-08T17:47:28Z,2026-08-08 19:47,0,,10,1.0
2026-08-08T17:52:33Z,2026-08-08 19:52,0,,0,
2026-08-08T17:57:38Z,2026-08-08 19:57,0,,0,
2026-08-08T18:02:45Z,2026-08-08 20:02,0,,0,
2026-08-08T18:07:50Z,2026-08-08 20:07,0,,0,
2026-08-08T18:12:55Z,2026-08-08 20:12,0,,0,
2026-08-08T18:18:01Z,2026-08-08 20:18,0,,0,
2026-08-08T18:23:06Z,2026-08-08 20:23,0,,0,
2026-08-08T18:28:12Z,2026-08-08 20:28,0,,0,
2026-08-08T18:33:17Z,2026-08-08 20:33,0,,0,
2026-08-08T18:38:23Z,2026-08-08 20:38,0,,0,
2026-08-08T18:43:27Z,2026-08-08 20:43,0,,0,
2026-08-08T18:48:33Z,2026-08-08 20:48,0,,0,
2026-08-08T18:53:38Z,2026-08-08 20:53,0,,0,
2026-08-08T18:58:43Z,2026-08-08 20:58,0,,0,
2026-08-08T19:03:48Z,2026-08-08 21:03,0,,0,
2026-08-08T19:04:00Z,2026-08-08 21:04,0,,0,
2026-08-08T19:09:05Z,2026-08-08 21:09,0,,0,
2026-08-08T19:14:10Z,2026-08-08 21:14,0,,0,
2026-08-08T19:19:15Z,2026-08-08 21:19,0,,0,
2026-08-08T19:24:21Z,2026-08-08 21:24,0,,0,
2026-08-08T19:29:26Z,2026-08-08 21:29,0,,0,
2026-08-08T19:34:31Z,2026-08-08 21:34,0,,0,
2026-08-08T19:39:36Z,2026-08-08 21:39,0,,0,
2026-08-08T19:44:41Z,2026-08-08 21:44,0,,0,
2026-08-08T19:49:46Z,2026-08-08 21:49,0,,0,
2026-08-08T19:54:51Z,2026-08-08 21:54,0,,0,
2026-08-08T19:59:56Z,2026-08-08 21:59,0,,0,
2026-08-08T20:05:01Z,2026-08-08 22:05,0,,0,
2026-08-08T20:10:14Z,2026-08-08 22:10,0,,0,
2026-08-08T20:15:20Z,2026-08-08 22:15,0,,0,
2026-08-08T20:20:25Z,2026-08-08 22:20,0,,0,
2026-08-08T20:25:30Z,2026-08-08 22:25,0,,0,
2026-08-08T20:30:35Z,2026-08-08 22:30,0,,0,
2026-08-08T20:35:40Z,2026-08-08 22:35,0,,0,
2026-08-08T20:40:46Z,2026-08-08 22:40,0,,0,
2026-08-08T20:45:52Z,2026-08-08 22:45,0,,0,
2026-08-08T20:50:56Z,2026-08-08 22:50,0,,0,
2026-08-08T20:56:01Z,2026-08-08 22:56,0,,0,
2026-08-08T21:01:06Z,2026-08-08 23:01,0,,0,
2026-08-08T21:06:12Z,2026-08-08 23:06,0,,0,
2026-08-08T21:11:17Z,2026-08-08 23:11,0,,0,
2026-08-08T21:16:22Z,2026-08-08 23:16,0,,0,
2026-08-08T21:21:27Z,2026-08-08 23:21,0,,0,
2026-08-08T21:26:33Z,2026-08-08 23:26,0,,0,
2026-08-08T21:31:38Z,2026-08-08 23:31,0,,0,
2026-08-08T21:36:43Z,2026-08-08 23:36,0,,0,
2026-08-08T21:41:48Z,2026-08-08 23:41,0,,0,
2026-08-08T21:46:53Z,2026-08-08 23:46,0,,0,
2026-08-08T21:51:58Z,2026-08-08 23:51,0,,0,
2026-08-08T21:52:21Z,2026-08-08 23:52,0,,0,
2026-08-08T21:57:27Z,2026-08-08 23:57,0,,0,
2026-08-08T22:02:33Z,2026-08-09 00:02,0,,0,
2026-08-08T22:07:39Z,2026-08-09 00:07,0,,0,
2026-08-08T22:12:46Z,2026-08-09 00:12,0,,0,
2026-08-08T22:17:52Z,2026-08-09 00:17,0,,0,
2026-08-08T22:22:58Z,2026-08-09 00:22,0,,10,1.0
2026-08-08T22:28:02Z,2026-08-09 00:28,0,,0,
2026-08-08T22:33:08Z,2026-08-09 00:33,0,,0,
2026-08-08T22:38:14Z,2026-08-09 00:38,0,,20,2.0
2026-08-08T22:43:20Z,2026-08-09 00:43,0,,20,2.0
2026-08-08T22:48:26Z,2026-08-09 00:48,0,,30,3.0
2026-08-08T22:53:33Z,2026-08-09 00:53,0,,40,4.0
2026-08-08T22:58:37Z,2026-08-09 00:58,0,,40,4.0
2026-08-08T23:03:45Z,2026-08-09 01:03,0,,40,4.0
2026-08-08T23:08:51Z,2026-08-09 01:08,0,,40,4.0
2026-08-08T23:13:57Z,2026-08-09 01:13,0,,50,5.0
2026-08-08T23:19:03Z,2026-08-09 01:19,0,,60,6.0
2026-08-08T23:24:09Z,2026-08-09 01:24,0,,60,6.0
2026-08-08T23:29:15Z,2026-08-09 01:29,0,,60,6.0
2026-08-08T23:34:21Z,2026-08-09 01:34,0,,60,6.0
2026-08-08T23:39:27Z,2026-08-09 01:39,0,,60,6.0
2026-08-08T23:44:33Z,2026-08-09 01:44,0,,70,7.0
2026-08-08T23:49:39Z,2026-08-09 01:49,0,,70,7.0
2026-08-08T23:54:44Z,2026-08-09 01:54,0,,70,7.0
2026-08-08T23:59:50Z,2026-08-09 01:59,0,,70,7.0
2026-08-09T00:04:56Z,2026-08-09 02:04,0,,70,7.0
2026-08-09T00:10:02Z,2026-08-09 02:10,0,,70,7.0
2026-08-09T00:15:11Z,2026-08-09 02:15,0,,60,6.0
2026-08-09T00:20:17Z,2026-08-09 02:20,0,,60,6.0
2026-08-09T00:25:23Z,2026-08-09 02:25,0,,60,6.0
2026-08-09T00:30:29Z,2026-08-09 02:30,0,,60,6.0
2026-08-09T00:35:35Z,2026-08-09 02:35,0,,60,6.0
2026-08-09T00:40:41Z,2026-08-09 02:40,0,,50,5.0
2026-08-09T00:41:04Z,2026-08-09 02:41,0,,50,5.0
2026-08-09T00:46:10Z,2026-08-09 02:46,0,,50,5.0
2026-08-09T00:51:16Z,2026-08-09 02:51,0,,40,4.0
2026-08-09T00:56:22Z,2026-08-09 02:56,0,,40,4.0
2026-08-09T01:01:27Z,2026-08-09 03:01,0,,40,4.0
2026-08-09T01:06:33Z,2026-08-09 03:06,0,,30,3.0
2026-08-09T01:11:39Z,2026-08-09 03:11,0,,30,3.0
2026-08-09T01:16:47Z,2026-08-09 03:16,0,,30,3.0
2026-08-09T01:21:53Z,2026-08-09 03:21,0,,20,2.0
2026-08-09T01:26:59Z,2026-08-09 03:26,0,,20,2.0
2026-08-09T01:32:05Z,2026-08-09 03:32,0,,20,2.0
2026-08-09T01:37:11Z,2026-08-09 03:37,0,,10,1.0
2026-08-09T01:42:17Z,2026-08-09 03:42,0,,10,1.0
2026-08-09T01:47:23Z,2026-08-09 03:47,0,,10,1.0
2026-08-09T01:52:29Z,2026-08-09 03:52,0,,10,1.0
2026-08-09T01:57:35Z,2026-08-09 03:57,0,,0,
2026-08-09T02:02:42Z,2026-08-09 04:02,0,,0,
2026-08-09T02:07:50Z,2026-08-09 04:07,0,,0,
2026-08-09T02:12:56Z,2026-08-09 04:12,0,,0,
2026-08-09T02:18:01Z,2026-08-09 04:18,0,,0,
2026-08-09T02:23:09Z,2026-08-09 04:23,0,,0,
2026-08-09T02:28:15Z,2026-08-09 04:28,0,,0,
2026-08-09T02:33:21Z,2026-08-09 04:33,0,,0,
2026-08-09T02:38:26Z,2026-08-09 04:38,0,,0,
2026-08-09T02:43:32Z,2026-08-09 04:43,0,,0,
2026-08-09T02:48:38Z,2026-08-09 04:48,0,,0,
2026-08-09T02:53:44Z,2026-08-09 04:53,0,,0,
2026-08-09T02:58:49Z,2026-08-09 04:58,0,,0,
2026-08-09T03:03:55Z,2026-08-09 05:03,0,,0,
2026-08-09T03:09:01Z,2026-08-09 05:09,0,,0,
2026-08-09T03:14:08Z,2026-08-09 05:14,0,,0,
2026-08-09T03:19:14Z,2026-08-09 05:19,0,,0,
2026-08-09T03:24:20Z,2026-08-09 05:24,0,,0,
2026-08-09T03:29:26Z,2026-08-09 05:29,0,,0,
2026-08-09T03:29:41Z,2026-08-09 05:29,0,,0,
2026-08-09T03:34:47Z,2026-08-09 05:34,0,,0,
2026-08-09T03:39:53Z,2026-08-09 05:39,0,,0,
2026-08-09T03:44:59Z,2026-08-09 05:44,0,,0,
2026-08-09T03:50:08Z,2026-08-09 05:50,0,,0,
2026-08-09T03:55:14Z,2026-08-09 05:55,0,,0,
2026-08-09T04:00:24Z,2026-08-09 06:00,0,,0,
2026-08-09T04:05:30Z,2026-08-09 06:05,0,,0,
2026-08-09T04:10:36Z,2026-08-09 06:10,0,,0,
2026-08-09T04:15:42Z,2026-08-09 06:15,0,,0,
2026-08-09T04:20:48Z,2026-08-09 06:20,0,,0,
2026-08-09T04:25:53Z,2026-08-09 06:25,0,,0,
2026-08-09T04:30:59Z,2026-08-09 06:30,0,,0,
2026-08-09T04:36:05Z,2026-08-09 06:36,0,,0,
2026-08-09T04:41:12Z,2026-08-09 06:41,0,,0,
2026-08-09T04:46:18Z,2026-08-09 06:46,0,,0,
2026-08-09T04:51:24Z,2026-08-09 06:51,0,,0,
2026-08-09T04:56:30Z,2026-08-09 06:56,0,,0,
2026-08-09T05:01:35Z,2026-08-09 07:01,0,,0,
2026-08-09T05:06:41Z,2026-08-09 07:06,0,,0,
2026-08-09T05:11:47Z,2026-08-09 07:11,0,,0,
2026-08-09T05:16:52Z,2026-08-09 07:16,0,,0,
2026-08-09T05:21:58Z,2026-08-09 07:21,0,,0,
2026-08-09T05:27:04Z,2026-08-09 07:27,0,,0,
2026-08-09T05:32:10Z,2026-08-09 07:32,0,,10,1.0
2026-08-09T05:37:15Z,2026-08-09 07:37,0,,10,1.0
2026-08-09T05:42:21Z,2026-08-09 07:42,0,,10,1.0
2026-08-09T05:47:27Z,2026-08-09 07:47,0,,10,1.0
2026-08-09T05:52:32Z,2026-08-09 07:52,0,,20,2.0
2026-08-09T05:57:39Z,2026-08-09 07:57,0,,20,2.0
2026-08-09T06:02:45Z,2026-08-09 08:02,0,,20,2.0
2026-08-09T06:07:51Z,2026-08-09 08:07,0,,20,2.0
2026-08-09T06:12:58Z,2026-08-09 08:12,0,,20,2.0
2026-08-09T06:18:04Z,2026-08-09 08:18,0,,20,2.0
2026-08-09T06:18:16Z,2026-08-09 08:18,0,,20,2.0
2026-08-09T06:23:21Z,2026-08-09 08:23,0,,30,3.0
2026-08-09T06:28:26Z,2026-08-09 08:28,0,,30,3.0
2026-08-09T06:33:31Z,2026-08-09 08:33,0,,30,3.0
2026-08-09T06:38:36Z,2026-08-09 08:38,0,,30,3.0
2026-08-09T06:43:41Z,2026-08-09 08:43,0,,30,3.0
2026-08-09T06:48:47Z,2026-08-09 08:48,0,,30,3.0
2026-08-09T06:53:51Z,2026-08-09 08:53,0,,30,3.0
2026-08-09T06:58:56Z,2026-08-09 08:58,0,,30,3.0
2026-08-09T07:04:01Z,2026-08-09 09:04,0,,30,3.0
2026-08-09T07:09:06Z,2026-08-09 09:09,0,,30,3.0
2026-08-09T07:14:11Z,2026-08-09 09:14,0,,30,3.0
2026-08-09T07:19:16Z,2026-08-09 09:19,0,,30,3.0
2026-08-09T07:24:23Z,2026-08-09 09:24,0,,40,4.0
2026-08-09T07:29:28Z,2026-08-09 09:29,0,,40,4.0
2026-08-09T07:34:32Z,2026-08-09 09:34,0,,40,4.0
2026-08-09T07:39:37Z,2026-08-09 09:39,0,,40,4.0
2026-08-09T07:44:42Z,2026-08-09 09:44,0,,40,4.0
2026-08-09T07:49:47Z,2026-08-09 09:49,0,,40,4.0
2026-08-09T07:54:52Z,2026-08-09 09:54,0,,40,4.0
2026-08-09T07:59:57Z,2026-08-09 09:59,0,,40,4.0
2026-08-09T08:05:02Z,2026-08-09 10:05,0,,40,4.0
2026-08-09T08:10:12Z,2026-08-09 10:10,0,,40,4.0
2026-08-09T08:15:18Z,2026-08-09 10:15,0,,40,4.0
2026-08-09T08:20:22Z,2026-08-09 10:20,0,,40,4.0
2026-08-09T08:25:27Z,2026-08-09 10:25,0,,40,4.0
2026-08-09T08:30:32Z,2026-08-09 10:30,0,,40,4.0
2026-08-09T08:35:36Z,2026-08-09 10:35,0,,40,4.0
2026-08-09T08:40:41Z,2026-08-09 10:40,0,,40,4.0
2026-08-09T08:45:46Z,2026-08-09 10:45,0,,40,4.0
2026-08-09T08:50:51Z,2026-08-09 10:50,0,,50,5.0
2026-08-09T08:55:56Z,2026-08-09 10:55,10,1.0,50,5.0
2026-08-09T09:01:01Z,2026-08-09 11:01,10,1.0,50,5.0
2026-08-09T09:06:06Z,2026-08-09 11:06,10,1.0,50,5.0
2026-08-09T09:06:20Z,2026-08-09 11:06,10,1.0,50,5.0
2026-08-09T09:11:25Z,2026-08-09 11:11,10,1.0,50,5.0
2026-08-09T09:16:31Z,2026-08-09 11:16,10,1.0,50,5.0
2026-08-09T09:21:37Z,2026-08-09 11:21,10,1.0,50,5.0
2026-08-09T09:26:42Z,2026-08-09 11:26,20,2.0,50,5.0
2026-08-09T09:31:48Z,2026-08-09 11:31,20,2.0,50,5.0
2026-08-09T09:36:54Z,2026-08-09 11:36,20,2.0,50,5.0
2026-08-09T09:42:00Z,2026-08-09 11:42,20,2.0,50,5.0
2026-08-09T09:47:06Z,2026-08-09 11:47,20,2.0,50,5.0
2026-08-09T09:52:11Z,2026-08-09 11:52,20,2.0,50,5.0
2026-08-09T09:57:17Z,2026-08-09 11:57,20,2.0,50,5.0
2026-08-09T10:02:24Z,2026-08-09 12:02,20,2.0,50,5.0
2026-08-09T10:07:29Z,2026-08-09 12:07,20,2.0,50,5.0
2026-08-09T10:12:35Z,2026-08-09 12:12,20,2.0,50,5.0
2026-08-09T10:17:41Z,2026-08-09 12:17,20,2.0,50,5.0
2026-08-09T10:22:46Z,2026-08-09 12:22,20,2.0,50,5.0
2026-08-09T10:27:52Z,2026-08-09 12:27,20,2.0,50,5.0
2026-08-09T10:32:58Z,2026-08-09 12:32,30,3.0,50,5.0
2026-08-09T10:38:04Z,2026-08-09 12:38,30,3.0,50,5.0
2026-08-09T10:43:11Z,2026-08-09 12:43,30,3.0,50,5.0
2026-08-09T10:48:17Z,2026-08-09 12:48,30,3.0,50,5.0
2026-08-09T10:53:22Z,2026-08-09 12:53,30,3.0,50,5.0
2026-08-09T10:58:28Z,2026-08-09 12:58,40,4.0,50,5.0
2026-08-09T11:03:34Z,2026-08-09 13:03,40,4.0,50,5.0
2026-08-09T11:08:39Z,2026-08-09 13:08,40,4.0,50,5.0
2026-08-09T11:13:45Z,2026-08-09 13:13,40,4.0,50,5.0
2026-08-09T11:18:50Z,2026-08-09 13:18,40,4.0,50,5.0
2026-08-09T11:23:56Z,2026-08-09 13:23,40,4.0,50,5.0
2026-08-09T11:29:02Z,2026-08-09 13:29,40,4.0,50,5.0
2026-08-09T11:34:08Z,2026-08-09 13:34,40,4.0,50,5.0
2026-08-09T11:39:14Z,2026-08-09 13:39,40,4.0,50,5.0
2026-08-09T11:44:21Z,2026-08-09 13:44,40,4.0,50,5.0
2026-08-09T11:49:26Z,2026-08-09 13:49,40,4.0,50,5.0
2026-08-09T11:54:31Z,2026-08-09 13:54,40,4.0,50,5.0
2026-08-09T11:54:43Z,2026-08-09 13:54,40,4.0,50,5.0
2026-08-09T11:59:50Z,2026-08-09 13:59,40,4.0,50,5.0
2026-08-09T12:04:54Z,2026-08-09 14:04,40,4.0,60,6.0
2026-08-09T12:10:00Z,2026-08-09 14:10,40,4.0,60,6.0
2026-08-09T12:15:08Z,2026-08-09 14:15,40,4.0,60,6.0
2026-08-09T12:20:14Z,2026-08-09 14:20,40,4.0,60,6.0
2026-08-09T12:25:19Z,2026-08-09 14:25,40,4.0,60,6.0
2026-08-09T12:30:25Z,2026-08-09 14:30,40,4.0,60,6.0
2026-08-09T12:35:30Z,2026-08-09 14:35,40,4.0,60,6.0
2026-08-09T12:40:35Z,2026-08-09 14:40,40,4.0,60,6.0
2026-08-09T12:45:40Z,2026-08-09 14:45,40,4.0,60,6.0
2026-08-09T12:50:45Z,2026-08-09 14:50,40,4.0,60,6.0
2026-08-09T12:55:50Z,2026-08-09 14:55,40,4.0,60,6.0
2026-08-09T13:00:55Z,2026-08-09 15:00,40,4.0,60,6.0
2026-08-09T13:06:00Z,2026-08-09 15:06,40,4.0,60,6.0
2026-08-09T13:11:05Z,2026-08-09 15:11,40,4.0,60,6.0
2026-08-09T13:16:10Z,2026-08-09 15:16,40,4.0,60,6.0
2026-08-09T13:21:15Z,2026-08-09 15:21,40,4.0,60,6.0
2026-08-09T13:26:20Z,2026-08-09 15:26,40,4.0,60,6.0
2026-08-09T13:31:25Z,2026-08-09 15:31,30,3.0,60,6.0
2026-08-09T13:36:29Z,2026-08-09 15:36,30,3.0,60,6.0
2026-08-09T13:41:34Z,2026-08-09 15:41,30,3.0,60,6.0
2026-08-09T13:46:39Z,2026-08-09 15:46,30,3.0,60,6.0
2026-08-09T13:51:46Z,2026-08-09 15:51,30,3.0,70,7.0
2026-08-09T13:56:51Z,2026-08-09 15:56,30,3.0,70,7.0
2026-08-09T14:01:56Z,2026-08-09 16:01,30,3.0,70,7.0
2026-08-09T14:07:01Z,2026-08-09 16:07,20,2.0,70,7.0
2026-08-09T14:12:06Z,2026-08-09 16:12,20,2.0,70,7.0
2026-08-09T14:17:11Z,2026-08-09 16:17,20,2.0,70,7.0
2026-08-09T14:22:16Z,2026-08-09 16:22,20,2.0,70,7.0
2026-08-09T14:27:21Z,2026-08-09 16:27,20,2.0,70,7.0
2026-08-09T14:32:26Z,2026-08-09 16:32,10,1.0,70,7.0
2026-08-09T14:37:31Z,2026-08-09 16:37,10,1.0,60,6.0
2026-08-09T14:42:36Z,2026-08-09 16:42,10,1.0,60,6.0
2026-08-09T14:47:57Z,2026-08-09 16:47,0,,60,6.0
2026-08-09T14:53:03Z,2026-08-09 16:53,0,,60,6.0
2026-08-09T14:58:09Z,2026-08-09 16:58,0,,60,6.0
2026-08-09T15:03:19Z,2026-08-09 17:03,0,,60,6.0
2026-08-09T15:08:24Z,2026-08-09 17:08,0,,50,5.0
2026-08-09T15:13:30Z,2026-08-09 17:13,0,,50,5.0
2026-08-09T15:18:36Z,2026-08-09 17:18,0,,50,5.0
2026-08-09T15:23:42Z,2026-08-09 17:23,0,,50,5.0
2026-08-09T15:28:48Z,2026-08-09 17:28,0,,50,5.0
2026-08-09T15:33:53Z,2026-08-09 17:33,0,,50,5.0
2026-08-09T15:38:59Z,2026-08-09 17:38,0,,50,5.0
2026-08-09T15:44:05Z,2026-08-09 17:44,0,,50,5.0
2026-08-09T15:49:10Z,2026-08-09 17:49,0,,50,5.0
2026-08-09T15:54:16Z,2026-08-09 17:54,0,,50,5.0
2026-08-09T15:59:22Z,2026-08-09 17:59,0,,50,5.0
2026-08-09T16:04:28Z,2026-08-09 18:04,0,,50,5.0
2026-08-09T16:09:34Z,2026-08-09 18:09,0,,50,5.0
2026-08-09T16:14:39Z,2026-08-09 18:14,0,,40,4.0
2026-08-09T16:19:45Z,2026-08-09 18:19,0,,40,4.0
2026-08-09T16:24:51Z,2026-08-09 18:24,0,,40,4.0
2026-08-09T16:29:56Z,2026-08-09 18:29,0,,40,4.0
2026-08-09T16:35:02Z,2026-08-09 18:35,0,,40,4.0
2026-08-09T16:40:10Z,2026-08-09 18:40,0,,40,4.0
2026-08-09T16:45:16Z,2026-08-09 18:45,0,,40,4.0
2026-08-09T16:50:21Z,2026-08-09 18:50,0,,40,4.0
2026-08-09T16:55:27Z,2026-08-09 18:55,0,,40,4.0
2026-08-09T17:00:33Z,2026-08-09 19:00,0,,30,3.0
2026-08-09T17:05:38Z,2026-08-09 19:05,0,,30,3.0
2026-08-09T17:10:44Z,2026-08-09 19:10,0,,30,3.0
2026-08-09T17:15:50Z,2026-08-09 19:15,0,,30,3.0
2026-08-09T17:20:56Z,2026-08-09 19:20,0,,30,3.0
2026-08-09T17:26:02Z,2026-08-09 19:26,0,,30,3.0
2026-08-09T17:31:08Z,2026-08-09 19:31,0,,30,3.0
2026-08-09T17:31:21Z,2026-08-09 19:31,0,,30,3.0
2026-08-09T17:36:26Z,2026-08-09 19:36,0,,30,3.0
2026-08-09T17:41:31Z,2026-08-09 19:41,0,,30,3.0
2026-08-09T17:46:36Z,2026-08-09 19:46,0,,30,3.0
2026-08-09T17:51:41Z,2026-08-09 19:51,0,,30,3.0
2026-08-09T17:56:46Z,2026-08-09 19:56,0,,30,3.0
2026-08-09T18:01:51Z,2026-08-09 20:01,0,,30,3.0
2026-08-09T18:06:56Z,2026-08-09 20:06,0,,30,3.0
2026-08-09T18:12:01Z,2026-08-09 20:12,0,,30,3.0
2026-08-09T18:17:06Z,2026-08-09 20:17,0,,30,3.0
2026-08-09T18:22:11Z,2026-08-09 20:22,0,,30,3.0
2026-08-09T18:27:16Z,2026-08-09 20:27,0,,20,2.0
2026-08-09T18:32:22Z,2026-08-09 20:32,0,,20,2.0
2026-08-09T18:37:26Z,2026-08-09 20:37,0,,20,2.0
2026-08-09T18:42:32Z,2026-08-09 20:42,0,,20,2.0
2026-08-09T18:47:37Z,2026-08-09 20:47,0,,20,2.0
2026-08-09T18:52:42Z,2026-08-09 20:52,0,,20,2.0
2026-08-09T18:57:48Z,2026-08-09 20:57,0,,20,2.0
2026-08-09T19:02:53Z,2026-08-09 21:02,0,,20,2.0
2026-08-09T19:07:58Z,2026-08-09 21:07,0,,20,2.0
2026-08-09T19:13:03Z,2026-08-09 21:13,0,,20,2.0
2026-08-09T19:18:09Z,2026-08-09 21:18,0,,20,2.0
2026-08-09T19:23:14Z,2026-08-09 21:23,0,,20,2.0
2026-08-09T19:28:19Z,2026-08-09 21:28,0,,20,2.0
2026-08-09T19:33:24Z,2026-08-09 21:33,0,,20,2.0
2026-08-09T19:38:29Z,2026-08-09 21:38,0,,20,2.0
2026-08-09T19:43:34Z,2026-08-09 21:43,0,,20,2.0
2026-08-09T19:48:39Z,2026-08-09 21:48,0,,20,2.0
2026-08-09T19:53:44Z,2026-08-09 21:53,0,,20,2.0
2026-08-09T19:58:49Z,2026-08-09 21:58,0,,20,2.0
2026-08-09T20:03:54Z,2026-08-09 22:03,0,,20,2.0
2026-08-09T20:14:05Z,2026-08-09 22:14,0,,10,1.0
2026-08-09T20:19:11Z,2026-08-09 22:19,0,,10,1.0
2026-08-09T20:19:22Z,2026-08-09 22:19,0,,10,1.0
2026-08-09T20:24:27Z,2026-08-09 22:24,0,,10,1.0
2026-08-09T20:34:37Z,2026-08-09 22:34,0,,10,1.0
2026-08-09T20:39:42Z,2026-08-09 22:39,0,,10,1.0
2026-08-09T20:44:47Z,2026-08-09 22:44,0,,10,1.0
2026-08-09T20:49:52Z,2026-08-09 22:49,0,,10,1.0
2026-08-09T20:54:57Z,2026-08-09 22:54,0,,10,1.0
2026-08-09T21:00:03Z,2026-08-09 23:00,0,,0,
2026-08-09T21:05:07Z,2026-08-09 23:05,0,,0,
2026-08-09T21:10:16Z,2026-08-09 23:10,0,,0,
2026-08-09T21:15:22Z,2026-08-09 23:15,0,,0,
2026-08-09T21:20:27Z,2026-08-09 23:20,0,,0,
2026-08-09T21:25:32Z,2026-08-09 23:25,0,,0,
2026-08-09T21:30:38Z,2026-08-09 23:30,0,,0,
2026-08-09T21:35:42Z,2026-08-09 23:35,0,,0,
2026-08-09T21:40:47Z,2026-08-09 23:40,0,,0,
2026-08-09T21:45:52Z,2026-08-09 23:45,0,,0,
2026-08-09T21:50:57Z,2026-08-09 23:50,0,,0,
2026-08-09T21:56:02Z,2026-08-09 23:56,0,,0,
2026-08-09T22:01:07Z,2026-08-10 00:01,0,,0,
2026-08-09T22:06:12Z,2026-08-10 00:06,0,,0,
2026-08-09T22:11:18Z,2026-08-10 00:11,0,,0,
2026-08-09T22:16:23Z,2026-08-10 00:16,0,,0,
2026-08-09T22:21:27Z,2026-08-10 00:21,0,,0,
2026-08-09T22:26:34Z,2026-08-10 00:26,0,,0,
2026-08-09T22:31:39Z,2026-08-10 00:31,0,,0,
2026-08-09T22:36:44Z,2026-08-10 00:36,0,,0,
2026-08-09T22:41:49Z,2026-08-10 00:41,0,,0,
2026-08-09T22:46:53Z,2026-08-10 00:46,0,,0,
2026-08-09T22:51:58Z,2026-08-10 00:51,0,,0,
2026-08-09T22:57:03Z,2026-08-10 00:57,0,,0,
2026-08-09T23:02:08Z,2026-08-10 01:02,0,,0,
2026-08-09T23:07:12Z,2026-08-10 01:07,0,,0,
2026-08-09T23:07:23Z,2026-08-10 01:07,0,,0,
2026-08-09T23:12:28Z,2026-08-10 01:12,0,,0,
2026-08-09T23:17:33Z,2026-08-10 01:17,0,,0,
2026-08-09T23:22:38Z,2026-08-10 01:22,0,,0,
2026-08-09T23:27:44Z,2026-08-10 01:27,0,,0,
2026-08-09T23:32:49Z,2026-08-10 01:32,0,,0,
2026-08-09T23:37:53Z,2026-08-10 01:37,0,,0,
2026-08-09T23:42:58Z,2026-08-10 01:42,0,,0,
2026-08-09T23:48:05Z,2026-08-10 01:48,0,,0,
2026-08-09T23:53:09Z,2026-08-10 01:53,0,,0,
2026-08-09T23:58:14Z,2026-08-10 01:58,0,,0,
2026-08-10T00:03:19Z,2026-08-10 02:03,0,,0,
2026-08-10T00:08:24Z,2026-08-10 02:08,0,,0,
2026-08-10T00:13:29Z,2026-08-10 02:13,0,,0,
2026-08-10T00:18:34Z,2026-08-10 02:18,0,,0,
2026-08-10T00:23:39Z,2026-08-10 02:23,0,,0,
2026-08-10T00:28:43Z,2026-08-10 02:28,0,,0,
2026-08-10T00:33:48Z,2026-08-10 02:33,0,,0,
2026-08-10T00:38:53Z,2026-08-10 02:38,0,,0,
2026-08-10T00:43:58Z,2026-08-10 02:43,0,,0,
2026-08-10T00:49:03Z,2026-08-10 02:49,0,,0,
2026-08-10T00:54:08Z,2026-08-10 02:54,0,,0,
2026-08-10T00:59:13Z,2026-08-10 02:59,0,,0,
2026-08-10T01:04:18Z,2026-08-10 03:04,0,,0,
2026-08-10T01:09:23Z,2026-08-10 03:09,0,,0,
2026-08-10T01:14:29Z,2026-08-10 03:14,0,,0,
2026-08-10T01:19:35Z,2026-08-10 03:19,0,,0,
2026-08-10T01:24:40Z,2026-08-10 03:24,0,,0,
2026-08-10T01:29:45Z,2026-08-10 03:29,0,,0,
2026-08-10T01:34:50Z,2026-08-10 03:34,0,,0,
2026-08-10T01:39:55Z,2026-08-10 03:39,0,,0,
2026-08-10T01:45:00Z,2026-08-10 03:45,0,,0,
2026-08-10T01:50:08Z,2026-08-10 03:50,0,,0,
2026-08-10T01:55:14Z,2026-08-10 03:55,0,,0,
2026-08-10T01:55:27Z,2026-08-10 03:55,0,,0,
2026-08-10T02:00:32Z,2026-08-10 04:00,0,,0,
2026-08-10T02:05:37Z,2026-08-10 04:05,0,,0,
2026-08-10T02:10:42Z,2026-08-10 04:10,0,,0,
2026-08-10T02:15:47Z,2026-08-10 04:15,0,,0,
2026-08-10T02:20:53Z,2026-08-10 04:20,0,,0,
2026-08-10T02:25:59Z,2026-08-10 04:25,0,,0,
2026-08-10T02:31:04Z,2026-08-10 04:31,0,,0,
2026-08-10T02:36:10Z,2026-08-10 04:36,0,,0,
2026-08-10T02:41:15Z,2026-08-10 04:41,0,,0,
2026-08-10T02:46:20Z,2026-08-10 04:46,0,,0,
2026-08-10T02:51:25Z,2026-08-10 04:51,0,,0,
2026-08-10T02:56:30Z,2026-08-10 04:56,0,,0,
2026-08-10T03:01:35Z,2026-08-10 05:01,0,,0,
2026-08-10T03:06:40Z,2026-08-10 05:06,0,,0,
2026-08-10T03:11:45Z,2026-08-10 05:11,0,,0,
2026-08-10T03:16:50Z,2026-08-10 05:16,0,,0,
2026-08-10T03:21:55Z,2026-08-10 05:21,0,,0,
2026-08-10T03:27:00Z,2026-08-10 05:27,0,,0,
2026-08-10T03:32:06Z,2026-08-10 05:32,0,,0,
2026-08-10T03:37:11Z,2026-08-10 05:37,0,,0,
2026-08-10T03:42:16Z,2026-08-10 05:42,0,,0,
2026-08-10T03:47:21Z,2026-08-10 05:47,0,,0,
2026-08-10T03:52:26Z,2026-08-10 05:52,0,,0,
2026-08-10T03:57:31Z,2026-08-10 05:57,0,,0,
2026-08-10T04:02:36Z,2026-08-10 06:02,0,,0,
2026-08-10T04:07:41Z,2026-08-10 06:07,0,,0,
2026-08-10T04:12:46Z,2026-08-10 06:12,0,,0,
2026-08-10T04:17:50Z,2026-08-10 06:17,0,,0,
2026-08-10T04:22:55Z,2026-08-10 06:22,0,,0,
2026-08-10T04:28:00Z,2026-08-10 06:28,0,,0,
2026-08-10T04:33:05Z,2026-08-10 06:33,0,,0,
2026-08-10T04:38:10Z,2026-08-10 06:38,0,,0,
2026-08-10T04:43:16Z,2026-08-10 06:43,0,,0,
2026-08-10T04:43:28Z,2026-08-10 06:43,0,,0,
2026-08-10T04:48:33Z,2026-08-10 06:48,0,,0,
2026-08-10T04:53:39Z,2026-08-10 06:53,0,,0,
2026-08-10T04:58:45Z,2026-08-10 06:58,0,,0,
2026-08-10T05:03:50Z,2026-08-10 07:03,0,,0,
2026-08-10T05:08:56Z,2026-08-10 07:08,0,,0,
2026-08-10T05:14:02Z,2026-08-10 07:14,0,,0,
2026-08-10T05:19:07Z,2026-08-10 07:19,0,,0,
2026-08-10T05:24:13Z,2026-08-10 07:24,0,,0,
2026-08-10T05:29:19Z,2026-08-10 07:29,0,,0,
2026-08-10T05:34:24Z,2026-08-10 07:34,0,,0,
2026-08-10T05:39:29Z,2026-08-10 07:39,0,,0,
2026-08-10T05:44:35Z,2026-08-10 07:44,0,,0,
2026-08-10T05:49:40Z,2026-08-10 07:49,0,,0,
2026-08-10T05:54:46Z,2026-08-10 07:54,0,,10,1.0
2026-08-10T05:59:51Z,2026-08-10 07:59,0,,10,1.0
2026-08-10T06:04:57Z,2026-08-10 08:04,0,,10,1.0
2026-08-10T06:10:02Z,2026-08-10 08:10,0,,10,1.0
2026-08-10T06:15:12Z,2026-08-10 08:15,0,,10,1.0
2026-08-10T06:20:18Z,2026-08-10 08:20,0,,10,1.0
2026-08-10T06:25:23Z,2026-08-10 08:25,0,,10,1.0
2026-08-10T06:30:30Z,2026-08-10 08:30,0,,10,1.0
2026-08-10T06:35:36Z,2026-08-10 08:35,0,,10,1.0
2026-08-10T06:40:41Z,2026-08-10 08:40,0,,10,1.0
2026-08-10T06:45:47Z,2026-08-10 08:45,0,,10,1.0
2026-08-10T06:50:53Z,2026-08-10 08:50,0,,10,1.0
2026-08-10T06:55:58Z,2026-08-10 08:55,0,,10,1.0
2026-08-10T07:01:04Z,2026-08-10 09:01,0,,10,1.0
2026-08-10T07:06:10Z,2026-08-10 09:06,0,,10,1.0
2026-08-10T07:11:16Z,2026-08-10 09:11,0,,10,1.0
2026-08-10T07:16:21Z,2026-08-10 09:16,0,,20,2.0
2026-08-10T07:21:28Z,2026-08-10 09:21,0,,20,2.0
2026-08-10T07:26:33Z,2026-08-10 09:26,0,,20,2.0
2026-08-10T07:31:39Z,2026-08-10 09:31,0,,20,2.0
2026-08-10T07:31:51Z,2026-08-10 09:31,0,,20,2.0
2026-08-10T07:36:56Z,2026-08-10 09:36,0,,20,2.0
2026-08-10T07:42:02Z,2026-08-10 09:42,10,1.0,20,2.0
2026-08-10T07:47:07Z,2026-08-10 09:47,10,1.0,20,2.0
2026-08-10T07:52:13Z,2026-08-10 09:52,10,1.0,20,2.0
2026-08-10T07:57:18Z,2026-08-10 09:57,10,1.0,30,3.0
2026-08-10T08:02:26Z,2026-08-10 10:02,10,1.0,30,3.0
2026-08-10T08:07:32Z,2026-08-10 10:07,10,1.0,30,3.0
2026-08-10T08:12:38Z,2026-08-10 10:12,10,1.0,30,3.0
2026-08-10T08:22:48Z,2026-08-10 10:22,10,1.0,30,3.0
2026-08-10T08:27:53Z,2026-08-10 10:27,10,1.0,30,3.0
2026-08-10T08:32:58Z,2026-08-10 10:32,10,1.0,30,3.0
2026-08-10T08:38:03Z,2026-08-10 10:38,20,2.0,30,3.0
2026-08-10T08:43:09Z,2026-08-10 10:43,20,2.0,40,4.0
2026-08-10T08:48:15Z,2026-08-10 10:48,20,2.0,40,4.0
2026-08-10T08:53:20Z,2026-08-10 10:53,20,2.0,40,4.0
2026-08-10T08:58:25Z,2026-08-10 10:58,20,2.0,40,4.0
2026-08-10T09:03:30Z,2026-08-10 11:03,20,2.0,40,4.0
2026-08-10T09:08:35Z,2026-08-10 11:08,20,2.0,40,4.0
2026-08-10T09:13:41Z,2026-08-10 11:13,20,2.0,40,4.0
2026-08-10T09:18:46Z,2026-08-10 11:18,20,2.0,40,4.0
2026-08-10T09:23:51Z,2026-08-10 11:23,20,2.0,40,4.0
2026-08-10T09:28:56Z,2026-08-10 11:28,20,2.0,40,4.0
2026-08-10T09:34:01Z,2026-08-10 11:34,20,2.0,40,4.0
2026-08-10T09:39:06Z,2026-08-10 11:39,20,2.0,40,4.0
2026-08-10T09:44:12Z,2026-08-10 11:44,20,2.0,40,4.0
2026-08-10T09:49:18Z,2026-08-10 11:49,20,2.0,40,4.0
2026-08-10T09:54:23Z,2026-08-10 11:54,20,2.0,40,4.0
2026-08-10T09:59:28Z,2026-08-10 11:59,20,2.0,40,4.0
2026-08-10T10:04:33Z,2026-08-10 12:04,30,3.0,50,5.0
2026-08-10T10:09:39Z,2026-08-10 12:09,30,3.0,50,5.0
2026-08-10T10:14:48Z,2026-08-10 12:14,30,3.0,50,5.0
2026-08-10T10:19:53Z,2026-08-10 12:19,30,3.0,50,5.0
2026-08-10T10:20:12Z,2026-08-10 12:20,30,3.0,50,5.0
2026-08-10T10:25:17Z,2026-08-10 12:25,30,3.0,50,5.0
2026-08-10T10:30:23Z,2026-08-10 12:30,30,3.0,50,5.0
2026-08-10T10:35:29Z,2026-08-10 12:35,30,3.0,50,5.0
2026-08-10T10:40:34Z,2026-08-10 12:40,30,3.0,50,5.0
2026-08-10T10:45:40Z,2026-08-10 12:45,30,3.0,50,5.0
2026-08-10T10:50:45Z,2026-08-10 12:50,40,4.0,50,5.0
2026-08-10T10:55:51Z,2026-08-10 12:55,40,4.0,50,5.0
2026-08-10T11:00:56Z,2026-08-10 13:00,40,4.0,50,5.0
2026-08-10T11:06:02Z,2026-08-10 13:06,40,4.0,50,5.0
2026-08-10T11:11:08Z,2026-08-10 13:11,40,4.0,50,5.0
2026-08-10T11:16:13Z,2026-08-10 13:16,40,4.0,50,5.0
2026-08-10T11:21:19Z,2026-08-10 13:21,40,4.0,50,5.0
2026-08-10T11:26:24Z,2026-08-10 13:26,40,4.0,50,5.0
2026-08-10T11:31:29Z,2026-08-10 13:31,40,4.0,50,5.0
2026-08-10T11:36:35Z,2026-08-10 13:36,40,4.0,50,5.0
2026-08-10T11:41:44Z,2026-08-10 13:41,40,4.0,50,5.0
2026-08-10T11:46:49Z,2026-08-10 13:46,40,4.0,50,5.0
2026-08-10T11:51:55Z,2026-08-10 13:51,40,4.0,50,5.0
2026-08-10T11:57:00Z,2026-08-10 13:57,40,4.0,50,5.0
2026-08-10T12:02:06Z,2026-08-10 14:02,40,4.0,50,5.0
2026-08-10T12:07:12Z,2026-08-10 14:07,40,4.0,50,5.0
2026-08-10T12:12:17Z,2026-08-10 14:12,40,4.0,50,5.0
2026-08-10T12:17:23Z,2026-08-10 14:17,40,4.0,50,5.0
2026-08-10T12:22:28Z,2026-08-10 14:22,40,4.0,50,5.0
2026-08-10T12:27:35Z,2026-08-10 14:27,40,4.0,50,5.0
2026-08-10T12:32:40Z,2026-08-10 14:32,40,4.0,50,5.0
2026-08-10T12:37:46Z,2026-08-10 14:37,40,4.0,50,5.0
2026-08-10T12:42:52Z,2026-08-10 14:42,40,4.0,50,5.0
2026-08-10T12:47:57Z,2026-08-10 14:47,40,4.0,50,5.0
2026-08-10T12:53:03Z,2026-08-10 14:53,40,4.0,40,4.0
2026-08-10T12:58:08Z,2026-08-10 14:58,40,4.0,40,4.0
2026-08-10T13:03:14Z,2026-08-10 15:03,40,4.0,40,4.0
2026-08-10T13:08:20Z,2026-08-10 15:08,30,3.0,40,4.0
2026-08-10T13:08:33Z,2026-08-10 15:08,30,3.0,40,4.0
2026-08-10T13:13:39Z,2026-08-10 15:13,30,3.0,40,4.0
2026-08-10T13:18:44Z,2026-08-10 15:18,30,3.0,40,4.0
2026-08-10T13:23:49Z,2026-08-10 15:23,30,3.0,40,4.0
2026-08-10T13:28:54Z,2026-08-10 15:28,30,3.0,40,4.0
2026-08-10T13:34:01Z,2026-08-10 15:34,30,3.0,40,4.0
2026-08-10T13:39:07Z,2026-08-10 15:39,30,3.0,40,4.0
2026-08-10T13:44:13Z,2026-08-10 15:44,30,3.0,40,4.0
2026-08-10T13:49:19Z,2026-08-10 15:49,30,3.0,40,4.0
2026-08-10T13:54:24Z,2026-08-10 15:54,30,3.0,40,4.0
2026-08-10T13:59:30Z,2026-08-10 15:59,20,2.0,40,4.0
2026-08-10T14:04:35Z,2026-08-10 16:04,20,2.0,40,4.0
2026-08-10T14:09:41Z,2026-08-10 16:09,20,2.0,40,4.0
2026-08-10T14:14:46Z,2026-08-10 16:14,20,2.0,40,4.0
2026-08-10T14:19:52Z,2026-08-10 16:19,20,2.0,40,4.0
2026-08-10T14:24:57Z,2026-08-10 16:24,20,2.0,40,4.0
2026-08-10T14:30:03Z,2026-08-10 16:30,10,1.0,40,4.0
2026-08-10T14:35:09Z,2026-08-10 16:35,10,1.0,40,4.0
2026-08-10T14:40:17Z,2026-08-10 16:40,10,1.0,40,4.0
2026-08-10T14:45:25Z,2026-08-10 16:45,10,1.0,40,4.0
2026-08-10T14:50:30Z,2026-08-10 16:50,0,,40,4.0
2026-08-10T14:55:36Z,2026-08-10 16:55,0,,40,4.0
2026-08-10T15:00:42Z,2026-08-10 17:00,0,,40,4.0
2026-08-10T15:05:47Z,2026-08-10 17:05,0,,40,4.0
2026-08-10T15:10:52Z,2026-08-10 17:10,0,,40,4.0
2026-08-10T15:15:58Z,2026-08-10 17:15,0,,40,4.0
2026-08-10T15:21:03Z,2026-08-10 17:21,0,,40,4.0
2026-08-10T15:26:09Z,2026-08-10 17:26,0,,40,4.0
2026-08-10T15:31:15Z,2026-08-10 17:31,0,,40,4.0
2026-08-10T15:36:20Z,2026-08-10 17:36,0,,40,4.0
2026-08-10T15:41:26Z,2026-08-10 17:41,0,,40,4.0
2026-08-10T15:46:31Z,2026-08-10 17:46,0,,40,4.0
2026-08-10T15:51:39Z,2026-08-10 17:51,0,,40,4.0
2026-08-10T15:56:45Z,2026-08-10 17:56,0,,40,4.0
2026-08-10T15:56:57Z,2026-08-10 17:56,0,,40,4.0
2026-08-10T16:02:02Z,2026-08-10 18:02,0,,30,3.0
2026-08-10T16:07:07Z,2026-08-10 18:07,0,,30,3.0
2026-08-10T16:12:13Z,2026-08-10 18:12,0,,30,3.0
2026-08-10T16:17:19Z,2026-08-10 18:17,0,,30,3.0
2026-08-10T16:22:25Z,2026-08-10 18:22,0,,30,3.0
2026-08-10T16:27:30Z,2026-08-10 18:27,0,,30,3.0
2026-08-10T16:32:35Z,2026-08-10 18:32,0,,30,3.0
2026-08-10T16:37:42Z,2026-08-10 18:37,0,,30,3.0
2026-08-10T16:42:48Z,2026-08-10 18:42,0,,30,3.0
2026-08-10T16:47:55Z,2026-08-10 18:47,0,,30,3.0
2026-08-10T16:53:00Z,2026-08-10 18:53,0,,30,3.0
2026-08-10T16:58:06Z,2026-08-10 18:58,0,,30,3.0
2026-08-10T17:03:12Z,2026-08-10 19:03,0,,30,3.0
2026-08-10T17:08:17Z,2026-08-10 19:08,0,,30,3.0
2026-08-10T17:13:22Z,2026-08-10 19:13,0,,20,2.0
2026-08-10T17:18:27Z,2026-08-10 19:18,0,,20,2.0
2026-08-10T17:23:33Z,2026-08-10 19:23,0,,20,2.0
2026-08-10T17:28:40Z,2026-08-10 19:28,0,,20,2.0
2026-08-10T17:33:45Z,2026-08-10 19:33,0,,20,2.0
2026-08-10T17:38:51Z,2026-08-10 19:38,0,,20,2.0
2026-08-10T17:43:57Z,2026-08-10 19:43,0,,20,2.0
2026-08-10T17:49:02Z,2026-08-10 19:49,0,,20,2.0
2026-08-10T17:54:07Z,2026-08-10 19:54,0,,20,2.0
2026-08-10T17:59:12Z,2026-08-10 19:59,0,,20,2.0
2026-08-10T18:04:18Z,2026-08-10 20:04,0,,20,2.0
2026-08-10T18:09:25Z,2026-08-10 20:09,0,,10,1.0
2026-08-10T18:14:31Z,2026-08-10 20:14,0,,10,1.0
2026-08-10T18:19:36Z,2026-08-10 20:19,0,,10,1.0
2026-08-10T18:24:41Z,2026-08-10 20:24,0,,10,1.0
2026-08-10T18:29:47Z,2026-08-10 20:29,0,,10,1.0
2026-08-10T18:34:52Z,2026-08-10 20:34,0,,0,
2026-08-10T18:39:57Z,2026-08-10 20:39,0,,0,
2026-08-10T18:45:03Z,2026-08-10 20:45,0,,0,
2026-08-10T18:45:23Z,2026-08-10 20:45,0,,0,
2026-08-10T18:50:29Z,2026-08-10 20:50,0,,0,
2026-08-10T18:55:34Z,2026-08-10 20:55,0,,0,
2026-08-10T19:00:40Z,2026-08-10 21:00,0,,0,
2026-08-10T19:05:46Z,2026-08-10 21:05,0,,0,
2026-08-10T19:10:52Z,2026-08-10 21:10,0,,0,
2026-08-10T19:15:57Z,2026-08-10 21:15,0,,0,
2026-08-10T19:21:03Z,2026-08-10 21:21,0,,0,
2026-08-10T19:26:13Z,2026-08-10 21:26,0,,0,
2026-08-10T19:31:19Z,2026-08-10 21:31,0,,0,
2026-08-10T19:41:30Z,2026-08-10 21:41,0,,0,
2026-08-10T19:46:37Z,2026-08-10 21:46,0,,0,
2026-08-10T19:51:42Z,2026-08-10 21:51,0,,0,
2026-08-10T19:56:49Z,2026-08-10 21:56,0,,0,
2026-08-10T20:01:54Z,2026-08-10 22:01,0,,0,
2026-08-10T20:06:59Z,2026-08-10 22:06,0,,0,
2026-08-10T20:12:05Z,2026-08-10 22:12,0,,0,
2026-08-10T20:17:10Z,2026-08-10 22:17,0,,0,
2026-08-10T20:22:16Z,2026-08-10 22:22,0,,0,
2026-08-10T20:27:23Z,2026-08-10 22:27,0,,0,
2026-08-10T20:32:29Z,2026-08-10 22:32,0,,0,
2026-08-10T20:37:34Z,2026-08-10 22:37,0,,0,
2026-08-10T20:42:39Z,2026-08-10 22:42,0,,0,
2026-08-10T20:47:46Z,2026-08-10 22:47,0,,0,
2026-08-10T20:52:52Z,2026-08-10 22:52,0,,0,
2026-08-10T20:57:58Z,2026-08-10 22:57,0,,0,
2026-08-10T21:03:04Z,2026-08-10 23:03,0,,0,
2026-08-10T21:08:09Z,2026-08-10 23:08,0,,0,
2026-08-10T21:13:15Z,2026-08-10 23:13,0,,0,
2026-08-10T21:18:21Z,2026-08-10 23:18,0,,0,
2026-08-10T21:23:26Z,2026-08-10 23:23,0,,0,
2026-08-10T21:28:32Z,2026-08-10 23:28,0,,0,
2026-08-10T21:33:38Z,2026-08-10 23:33,0,,0,
2026-08-10T21:33:59Z,2026-08-10 23:33,0,,0,
2026-08-10T21:39:05Z,2026-08-10 23:39,0,,0,
2026-08-10T21:44:11Z,2026-08-10 23:44,0,,0,
2026-08-10T21:49:18Z,2026-08-10 23:49,0,,0,
2026-08-10T21:54:24Z,2026-08-10 23:54,0,,0,
2026-08-10T21:59:33Z,2026-08-10 23:59,0,,0,
2026-08-10T22:04:39Z,2026-08-11 00:04,0,,0,
2026-08-10T22:09:45Z,2026-08-11 00:09,0,,0,
2026-08-10T22:14:52Z,2026-08-11 00:14,0,,0,
2026-08-10T22:19:58Z,2026-08-11 00:19,0,,0,
2026-08-10T22:25:03Z,2026-08-11 00:25,0,,0,
2026-08-10T22:30:17Z,2026-08-11 00:30,0,,0,
2026-08-10T22:35:23Z,2026-08-11 00:35,0,,0,
2026-08-10T22:40:29Z,2026-08-11 00:40,0,,0,
2026-08-10T22:45:35Z,2026-08-11 00:45,0,,0,
2026-08-10T22:50:41Z,2026-08-11 00:50,0,,0,
2026-08-10T22:55:48Z,2026-08-11 00:55,0,,0,
2026-08-10T23:00:53Z,2026-08-11 01:00,0,,0,
2026-08-10T23:05:59Z,2026-08-11 01:05,0,,0,
2026-08-10T23:11:05Z,2026-08-11 01:11,0,,0,
2026-08-10T23:16:11Z,2026-08-11 01:16,0,,0,
2026-08-10T23:21:17Z,2026-08-11 01:21,0,,0,
2026-08-10T23:26:23Z,2026-08-11 01:26,0,,0,
2026-08-10T23:31:29Z,2026-08-11 01:31,0,,0,
2026-08-10T23:36:35Z,2026-08-11 01:36,0,,0,
2026-08-10T23:41:42Z,2026-08-11 01:41,0,,0,
2026-08-10T23:46:48Z,2026-08-11 01:46,0,,0,
2026-08-10T23:51:54Z,2026-08-11 01:51,0,,0,
2026-08-10T23:56:59Z,2026-08-11 01:56,0,,0,
2026-08-11T00:02:06Z,2026-08-11 02:02,0,,0,
2026-08-11T00:07:12Z,2026-08-11 02:07,0,,0,
2026-08-11T00:12:18Z,2026-08-11 02:12,0,,0,
2026-08-11T00:17:24Z,2026-08-11 02:17,0,,0,
2026-08-11T00:22:32Z,2026-08-11 02:22,0,,0,
2026-08-11T00:22:44Z,2026-08-11 02:22,0,,0,
2026-08-11T00:27:50Z,2026-08-11 02:27,0,,0,
2026-08-11T00:32:55Z,2026-08-11 02:32,0,,0,
2026-08-11T00:38:00Z,2026-08-11 02:38,0,,0,
2026-08-11T00:43:06Z,2026-08-11 02:43,0,,0,
2026-08-11T00:48:12Z,2026-08-11 02:48,0,,0,
2026-08-11T00:53:17Z,2026-08-11 02:53,0,,0,
2026-08-11T00:58:22Z,2026-08-11 02:58,0,,0,
2026-08-11T01:03:27Z,2026-08-11 03:03,0,,0,
2026-08-11T01:08:32Z,2026-08-11 03:08,0,,0,
2026-08-11T01:13:38Z,2026-08-11 03:13,0,,0,
2026-08-11T01:18:43Z,2026-08-11 03:18,0,,0,
2026-08-11T01:23:49Z,2026-08-11 03:23,0,,0,
2026-08-11T01:28:55Z,2026-08-11 03:28,0,,0,
2026-08-11T01:34:00Z,2026-08-11 03:34,0,,0,
2026-08-11T01:39:05Z,2026-08-11 03:39,0,,0,
2026-08-11T01:44:10Z,2026-08-11 03:44,0,,0,
2026-08-11T01:49:15Z,2026-08-11 03:49,0,,0,
2026-08-11T01:54:23Z,2026-08-11 03:54,0,,0,
2026-08-11T01:59:28Z,2026-08-11 03:59,0,,0,
2026-08-11T02:04:33Z,2026-08-11 04:04,0,,0,
2026-08-11T02:09:38Z,2026-08-11 04:09,0,,0,
2026-08-11T02:14:43Z,2026-08-11 04:14,0,,0,
2026-08-11T02:19:48Z,2026-08-11 04:19,0,,0,
2026-08-11T02:24:53Z,2026-08-11 04:24,0,,0,
2026-08-11T02:29:58Z,2026-08-11 04:29,0,,0,
2026-08-11T02:35:04Z,2026-08-11 04:35,0,,0,
2026-08-11T02:40:19Z,2026-08-11 04:40,0,,0,
2026-08-11T02:45:25Z,2026-08-11 04:45,0,,0,
2026-08-11T02:50:31Z,2026-08-11 04:50,0,,0,
2026-08-11T02:55:36Z,2026-08-11 04:55,0,,0,
2026-08-11T03:00:40Z,2026-08-11 05:00,0,,0,
2026-08-11T03:05:46Z,2026-08-11 05:05,0,,0,
2026-08-11T03:10:51Z,2026-08-11 05:10,0,,0,
2026-08-11T03:11:05Z,2026-08-11 05:11,0,,0,
2026-08-11T03:16:11Z,2026-08-11 05:16,0,,0,
2026-08-11T03:21:17Z,2026-08-11 05:21,0,,0,
2026-08-11T03:26:23Z,2026-08-11 05:26,0,,0,
2026-08-11T03:31:30Z,2026-08-11 05:31,0,,0,
2026-08-11T03:36:36Z,2026-08-11 05:36,0,,0,
2026-08-11T03:41:42Z,2026-08-11 05:41,0,,0,
2026-08-11T03:46:48Z,2026-08-11 05:46,0,,0,
2026-08-11T03:51:55Z,2026-08-11 05:51,0,,0,
2026-08-11T03:57:00Z,2026-08-11 05:57,0,,0,
2026-08-11T04:02:07Z,2026-08-11 06:02,0,,0,
2026-08-11T04:07:13Z,2026-08-11 06:07,0,,0,
2026-08-11T04:12:19Z,2026-08-11 06:12,0,,0,
2026-08-11T04:17:25Z,2026-08-11 06:17,0,,0,
2026-08-11T04:22:32Z,2026-08-11 06:22,0,,0,
2026-08-11T04:27:40Z,2026-08-11 06:27,0,,0,
2026-08-11T04:32:46Z,2026-08-11 06:32,0,,0,
2026-08-11T04:37:52Z,2026-08-11 06:37,0,,0,
2026-08-11T04:48:06Z,2026-08-11 06:48,0,,0,
2026-08-11T04:53:12Z,2026-08-11 06:53,0,,0,
2026-08-11T04:58:18Z,2026-08-11 06:58,0,,0,
2026-08-11T05:08:31Z,2026-08-11 07:08,0,,0,
2026-08-11T05:13:37Z,2026-08-11 07:13,0,,0,
2026-08-11T05:18:43Z,2026-08-11 07:18,0,,0,
2026-08-11T05:23:49Z,2026-08-11 07:23,0,,0,
2026-08-11T05:28:56Z,2026-08-11 07:28,0,,0,
2026-08-11T05:34:03Z,2026-08-11 07:34,0,,0,
2026-08-11T05:39:08Z,2026-08-11 07:39,0,,0,
2026-08-11T05:44:16Z,2026-08-11 07:44,0,,0,
2026-08-11T05:49:22Z,2026-08-11 07:49,0,,0,
2026-08-11T05:54:28Z,2026-08-11 07:54,0,,0,
2026-08-11T05:59:35Z,2026-08-11 07:59,0,,0,
2026-08-11T05:59:49Z,2026-08-11 07:59,0,,0,
2026-08-11T06:04:54Z,2026-08-11 08:04,0,,0,
2026-08-11T06:10:00Z,2026-08-11 08:10,0,,0,
2026-08-11T06:15:15Z,2026-08-11 08:15,0,,0,
2026-08-11T06:20:20Z,2026-08-11 08:20,0,,0,
2026-08-11T06:25:26Z,2026-08-11 08:25,0,,0,
2026-08-11T06:30:33Z,2026-08-11 08:30,0,,0,
2026-08-11T06:35:39Z,2026-08-11 08:35,0,,0,
2026-08-11T06:40:44Z,2026-08-11 08:40,0,,0,
2026-08-11T06:45:49Z,2026-08-11 08:45,0,,0,
2026-08-11T06:50:55Z,2026-08-11 08:50,0,,0,
2026-08-11T06:56:00Z,2026-08-11 08:56,0,,0,
2026-08-11T07:01:06Z,2026-08-11 09:01,0,,0,
2026-08-11T07:06:12Z,2026-08-11 09:06,0,,0,
2026-08-11T07:11:18Z,2026-08-11 09:11,0,,0,
2026-08-11T07:16:23Z,2026-08-11 09:16,0,,0,
2026-08-11T07:21:29Z,2026-08-11 09:21,0,,0,
2026-08-11T07:26:35Z,2026-08-11 09:26,0,,0,
2026-08-11T07:31:41Z,2026-08-11 09:31,0,,0,
2026-08-11T07:36:46Z,2026-08-11 09:36,0,,0,
2026-08-11T07:41:52Z,2026-08-11 09:41,0,,0,
2026-08-11T07:46:57Z,2026-08-11 09:46,0,,0,
2026-08-11T07:52:03Z,2026-08-11 09:52,0,,0,
2026-08-11T07:57:09Z,2026-08-11 09:57,0,,0,
2026-08-11T08:02:15Z,2026-08-11 10:02,0,,10,1.0
2026-08-11T08:07:22Z,2026-08-11 10:07,0,,10,1.0
2026-08-11T08:12:28Z,2026-08-11 10:12,0,,10,1.0
2026-08-11T08:17:33Z,2026-08-11 10:17,0,,10,1.0
2026-08-11T08:22:39Z,2026-08-11 10:22,0,,20,2.0
2026-08-11T08:27:45Z,2026-08-11 10:27,0,,20,2.0
2026-08-11T08:32:51Z,2026-08-11 10:32,0,,20,2.0
2026-08-11T08:37:56Z,2026-08-11 10:37,0,,20,2.0
2026-08-11T08:43:02Z,2026-08-11 10:43,0,,20,2.0
2026-08-11T08:48:10Z,2026-08-11 10:48,0,,20,2.0
2026-08-11T08:48:23Z,2026-08-11 10:48,0,,20,2.0
2026-08-11T08:53:28Z,2026-08-11 10:53,0,,30,3.0
2026-08-11T08:58:35Z,2026-08-11 10:58,0,,30,3.0
2026-08-11T09:03:40Z,2026-08-11 11:03,0,,30,3.0
2026-08-11T09:08:45Z,2026-08-11 11:08,0,,30,3.0
2026-08-11T09:13:50Z,2026-08-11 11:13,0,,30,3.0
2026-08-11T09:18:56Z,2026-08-11 11:18,0,,30,3.0
2026-08-11T09:24:01Z,2026-08-11 11:24,0,,30,3.0
2026-08-11T09:29:07Z,2026-08-11 11:29,0,,30,3.0
2026-08-11T09:34:12Z,2026-08-11 11:34,0,,30,3.0
2026-08-11T09:39:18Z,2026-08-11 11:39,10,1.0,30,3.0
2026-08-11T09:44:23Z,2026-08-11 11:44,10,1.0,30,3.0
2026-08-11T09:49:29Z,2026-08-11 11:49,10,1.0,30,3.0
2026-08-11T09:54:34Z,2026-08-11 11:54,10,1.0,30,3.0
2026-08-11T09:59:39Z,2026-08-11 11:59,10,1.0,30,3.0
2026-08-11T10:04:44Z,2026-08-11 12:04,10,1.0,30,3.0
2026-08-11T10:09:49Z,2026-08-11 12:09,20,2.0,30,3.0
2026-08-11T10:14:55Z,2026-08-11 12:14,20,2.0,40,4.0
2026-08-11T10:20:02Z,2026-08-11 12:20,20,2.0,40,4.0
2026-08-11T10:25:10Z,2026-08-11 12:25,20,2.0,40,4.0
2026-08-11T10:30:24Z,2026-08-11 12:30,20,2.0,40,4.0
2026-08-11T10:35:31Z,2026-08-11 12:35,20,2.0,40,4.0
2026-08-11T10:40:37Z,2026-08-11 12:40,20,2.0,40,4.0
2026-08-11T10:45:42Z,2026-08-11 12:45,20,2.0,40,4.0
2026-08-11T10:50:48Z,2026-08-11 12:50,20,2.0,40,4.0
2026-08-11T10:55:55Z,2026-08-11 12:55,20,2.0,40,4.0
2026-08-11T11:01:00Z,2026-08-11 13:01,20,2.0,40,4.0
2026-08-11T11:06:11Z,2026-08-11 13:06,20,2.0,40,4.0
2026-08-11T11:11:16Z,2026-08-11 13:11,20,2.0,40,4.0
2026-08-11T11:16:23Z,2026-08-11 13:16,10,1.0,40,4.0
2026-08-11T11:21:28Z,2026-08-11 13:21,10,1.0,40,4.0
2026-08-11T11:26:33Z,2026-08-11 13:26,10,1.0,40,4.0
2026-08-11T11:31:39Z,2026-08-11 13:31,10,1.0,40,4.0
2026-08-11T11:36:44Z,2026-08-11 13:36,10,1.0,40,4.0
2026-08-11T11:36:59Z,2026-08-11 13:36,10,1.0,40,4.0
2026-08-11T11:42:06Z,2026-08-11 13:42,10,1.0,40,4.0
2026-08-11T11:47:13Z,2026-08-11 13:47,10,1.0,40,4.0
2026-08-11T11:52:19Z,2026-08-11 13:52,10,1.0,40,4.0
2026-08-11T11:57:25Z,2026-08-11 13:57,10,1.0,40,4.0
2026-08-11T12:02:31Z,2026-08-11 14:02,10,1.0,40,4.0
2026-08-11T12:07:38Z,2026-08-11 14:07,10,1.0,40,4.0
2026-08-11T12:12:44Z,2026-08-11 14:12,0,,40,4.0
2026-08-11T12:17:50Z,2026-08-11 14:17,0,,40,4.0
2026-08-11T12:22:57Z,2026-08-11 14:22,0,,40,4.0
2026-08-11T12:28:03Z,2026-08-11 14:28,0,,40,4.0
2026-08-11T12:33:10Z,2026-08-11 14:33,0,,40,4.0
2026-08-11T12:38:18Z,2026-08-11 14:38,0,,40,4.0
2026-08-11T12:43:24Z,2026-08-11 14:43,0,,40,4.0
2026-08-11T12:48:31Z,2026-08-11 14:48,0,,40,4.0
2026-08-11T12:53:39Z,2026-08-11 14:53,0,,40,4.0
2026-08-11T12:58:45Z,2026-08-11 14:58,0,,40,4.0
2026-08-11T13:03:52Z,2026-08-11 15:03,0,,40,4.0
2026-08-11T13:08:58Z,2026-08-11 15:08,0,,40,4.0
2026-08-11T13:14:05Z,2026-08-11 15:14,0,,40,4.0
2026-08-11T13:19:11Z,2026-08-11 15:19,0,,40,4.0
2026-08-11T13:24:18Z,2026-08-11 15:24,0,,40,4.0
2026-08-11T13:29:25Z,2026-08-11 15:29,0,,40,4.0
2026-08-11T13:34:31Z,2026-08-11 15:34,0,,40,4.0
2026-08-11T13:39:38Z,2026-08-11 15:39,0,,40,4.0
2026-08-11T13:44:44Z,2026-08-11 15:44,0,,40,4.0
2026-08-11T13:49:50Z,2026-08-11 15:49,0,,40,4.0
2026-08-11T13:54:57Z,2026-08-11 15:54,0,,40,4.0
2026-08-11T14:00:04Z,2026-08-11 16:00,0,,40,4.0
2026-08-11T14:05:17Z,2026-08-11 16:05,0,,40,4.0
2026-08-11T14:10:24Z,2026-08-11 16:10,0,,40,4.0
2026-08-11T14:15:31Z,2026-08-11 16:15,0,,40,4.0
2026-08-11T14:20:37Z,2026-08-11 16:20,0,,40,4.0
2026-08-11T14:25:44Z,2026-08-11 16:25,0,,40,4.0
2026-08-11T14:26:00Z,2026-08-11 16:26,0,,40,4.0
2026-08-11T14:31:07Z,2026-08-11 16:31,0,,40,4.0
2026-08-11T14:36:13Z,2026-08-11 16:36,0,,40,4.0
2026-08-11T14:41:20Z,2026-08-11 16:41,0,,40,4.0
2026-08-11T14:46:26Z,2026-08-11 16:46,0,,40,4.0
2026-08-11T14:51:33Z,2026-08-11 16:51,0,,40,4.0
2026-08-11T14:56:39Z,2026-08-11 16:56,0,,40,4.0
2026-08-11T15:01:46Z,2026-08-11 17:01,0,,30,3.0
2026-08-11T15:06:53Z,2026-08-11 17:06,0,,30,3.0
2026-08-11T15:12:00Z,2026-08-11 17:12,0,,30,3.0
2026-08-11T15:17:07Z,2026-08-11 17:17,0,,30,3.0
2026-08-11T15:22:14Z,2026-08-11 17:22,0,,30,3.0
2026-08-11T15:27:20Z,2026-08-11 17:27,0,,30,3.0
2026-08-11T15:32:28Z,2026-08-11 17:32,0,,30,3.0
2026-08-11T15:37:34Z,2026-08-11 17:37,0,,30,3.0
2026-08-11T15:42:46Z,2026-08-11 17:42,0,,30,3.0
2026-08-11T15:47:52Z,2026-08-11 17:47,0,,30,3.0
2026-08-11T15:52:58Z,2026-08-11 17:52,0,,30,3.0
2026-08-11T15:58:06Z,2026-08-11 17:58,0,,30,3.0
2026-08-11T16:03:12Z,2026-08-11 18:03,0,,30,3.0
2026-08-11T16:08:19Z,2026-08-11 18:08,0,,30,3.0
2026-08-11T16:13:32Z,2026-08-11 18:13,0,,30,3.0
2026-08-11T16:18:38Z,2026-08-11 18:18,0,,30,3.0
2026-08-11T16:23:45Z,2026-08-11 18:23,0,,30,3.0
2026-08-11T16:28:53Z,2026-08-11 18:28,0,,30,3.0
2026-08-11T16:34:01Z,2026-08-11 18:34,0,,20,2.0
2026-08-11T16:39:08Z,2026-08-11 18:39,0,,20,2.0
2026-08-11T16:44:15Z,2026-08-11 18:44,0,,20,2.0
2026-08-11T16:49:22Z,2026-08-11 18:49,0,,20,2.0
2026-08-11T16:54:29Z,2026-08-11 18:54,0,,20,2.0
2026-08-11T16:59:35Z,2026-08-11 18:59,0,,20,2.0
2026-08-11T17:04:42Z,2026-08-11 19:04,0,,20,2.0
2026-08-11T17:09:48Z,2026-08-11 19:09,0,,20,2.0
2026-08-11T17:14:56Z,2026-08-11 19:14,10,1.0,30,3.0
2026-08-11T17:15:13Z,2026-08-11 19:15,10,1.0,30,3.0
2026-08-11T17:20:21Z,2026-08-11 19:20,10,1.0,30,3.0
2026-08-11T17:25:28Z,2026-08-11 19:25,10,1.0,30,3.0
2026-08-11T17:30:34Z,2026-08-11 19:30,10,1.0,30,3.0
2026-08-11T17:35:41Z,2026-08-11 19:35,10,1.0,30,3.0
2026-08-11T17:40:47Z,2026-08-11 19:40,0,,20,2.0
2026-08-11T17:45:53Z,2026-08-11 19:45,0,,20,2.0
2026-08-11T17:50:59Z,2026-08-11 19:50,0,,20,2.0
2026-08-11T17:56:08Z,2026-08-11 19:56,0,,20,2.0
2026-08-11T18:01:14Z,2026-08-11 20:01,0,,20,2.0
2026-08-11T18:06:20Z,2026-08-11 20:06,0,,20,2.0
2026-08-11T18:11:27Z,2026-08-11 20:11,0,,10,1.0
2026-08-11T18:16:35Z,2026-08-11 20:16,0,,10,1.0
2026-08-11T18:21:41Z,2026-08-11 20:21,0,,10,1.0
2026-08-11T18:26:48Z,2026-08-11 20:26,0,,0,
2026-08-11T18:31:54Z,2026-08-11 20:31,0,,0,
2026-08-11T18:37:00Z,2026-08-11 20:37,0,,0,
2026-08-11T18:42:08Z,2026-08-11 20:42,0,,0,
2026-08-11T18:47:15Z,2026-08-11 20:47,0,,0,
2026-08-11T18:52:22Z,2026-08-11 20:52,0,,0,
2026-08-11T18:57:32Z,2026-08-11 20:57,0,,0,
2026-08-11T19:02:39Z,2026-08-11 21:02,0,,0,
2026-08-11T19:07:46Z,2026-08-11 21:07,0,,0,
2026-08-11T19:12:52Z,2026-08-11 21:12,0,,0,
2026-08-11T19:17:58Z,2026-08-11 21:17,0,,0,
2026-08-11T19:23:05Z,2026-08-11 21:23,0,,0,
2026-08-11T19:28:10Z,2026-08-11 21:28,0,,0,
2026-08-11T19:33:16Z,2026-08-11 21:33,0,,0,
2026-08-11T19:38:22Z,2026-08-11 21:38,0,,0,
2026-08-11T19:43:28Z,2026-08-11 21:43,0,,0,
2026-08-11T19:48:34Z,2026-08-11 21:48,0,,0,
2026-08-11T19:53:40Z,2026-08-11 21:53,0,,0,
2026-08-11T19:58:47Z,2026-08-11 21:58,0,,0,
2026-08-11T20:03:53Z,2026-08-11 22:03,0,,0,
2026-08-11T20:04:06Z,2026-08-11 22:04,0,,0,
2026-08-11T20:09:11Z,2026-08-11 22:09,0,,0,
2026-08-11T20:14:18Z,2026-08-11 22:14,0,,0,
2026-08-11T20:19:24Z,2026-08-11 22:19,0,,0,
2026-08-11T20:24:29Z,2026-08-11 22:24,0,,0,
2026-08-11T20:29:34Z,2026-08-11 22:29,0,,0,
2026-08-11T20:34:39Z,2026-08-11 22:34,0,,0,
2026-08-11T20:39:45Z,2026-08-11 22:39,0,,0,
2026-08-11T20:44:52Z,2026-08-11 22:44,0,,0,
2026-08-11T20:49:58Z,2026-08-11 22:49,0,,0,
2026-08-11T20:55:03Z,2026-08-11 22:55,0,,0,
2026-08-11T21:00:15Z,2026-08-11 23:00,0,,0,
2026-08-11T21:05:21Z,2026-08-11 23:05,0,,0,
2026-08-11T21:10:27Z,2026-08-11 23:10,0,,0,
2026-08-11T21:15:32Z,2026-08-11 23:15,0,,0,
2026-08-11T21:20:38Z,2026-08-11 23:20,0,,0,
2026-08-11T21:25:44Z,2026-08-11 23:25,0,,0,
2026-08-11T21:30:49Z,2026-08-11 23:30,0,,0,
2026-08-11T21:35:54Z,2026-08-11 23:35,0,,0,
2026-08-11T21:41:00Z,2026-08-11 23:41,0,,0,
2026-08-11T21:46:08Z,2026-08-11 23:46,0,,0,
2026-08-11T21:51:13Z,2026-08-11 23:51,0,,0,
2026-08-11T21:56:18Z,2026-08-11 23:56,0,,0,
2026-08-11T22:01:23Z,2026-08-12 00:01,0,,0,
2026-08-11T22:06:29Z,2026-08-12 00:06,0,,0,
2026-08-11T22:11:34Z,2026-08-12 00:11,0,,0,
2026-08-11T22:16:39Z,2026-08-12 00:16,0,,0,
2026-08-11T22:21:45Z,2026-08-12 00:21,0,,0,
2026-08-11T22:26:50Z,2026-08-12 00:26,0,,0,
2026-08-11T22:31:54Z,2026-08-12 00:31,0,,0,
2026-08-11T22:36:59Z,2026-08-12 00:36,0,,0,
2026-08-11T22:42:04Z,2026-08-12 00:42,0,,0,
2026-08-11T22:52:14Z,2026-08-12 00:52,0,,0,
2026-08-11T22:52:28Z,2026-08-12 00:52,0,,0,
2026-08-11T22:57:34Z,2026-08-12 00:57,0,,0,
2026-08-11T23:02:39Z,2026-08-12 01:02,0,,0,
2026-08-11T23:07:44Z,2026-08-12 01:07,0,,0,
2026-08-11T23:12:50Z,2026-08-12 01:12,0,,0,
2026-08-11T23:17:56Z,2026-08-12 01:17,0,,0,
2026-08-11T23:23:02Z,2026-08-12 01:23,0,,0,
2026-08-11T23:28:08Z,2026-08-12 01:28,0,,0,
2026-08-11T23:33:14Z,2026-08-12 01:33,0,,0,
2026-08-11T23:38:20Z,2026-08-12 01:38,0,,0,
2026-08-11T23:43:27Z,2026-08-12 01:43,0,,0,
2026-08-11T23:48:33Z,2026-08-12 01:48,0,,0,
2026-08-11T23:53:39Z,2026-08-12 01:53,0,,0,
2026-08-11T23:58:45Z,2026-08-12 01:58,0,,0,
2026-08-12T00:03:53Z,2026-08-12 02:03,0,,0,
2026-08-12T00:08:59Z,2026-08-12 02:08,0,,0,
2026-08-12T00:14:07Z,2026-08-12 02:14,0,,0,
2026-08-12T00:19:13Z,2026-08-12 02:19,0,,0,
2026-08-12T00:24:18Z,2026-08-12 02:24,0,,0,
2026-08-12T00:29:24Z,2026-08-12 02:29,0,,0,
2026-08-12T00:34:31Z,2026-08-12 02:34,0,,0,
2026-08-12T00:39:37Z,2026-08-12 02:39,0,,0,
2026-08-12T00:44:42Z,2026-08-12 02:44,0,,0,
2026-08-12T00:49:49Z,2026-08-12 02:49,0,,0,
2026-08-12T00:54:54Z,2026-08-12 02:54,0,,0,
2026-08-12T01:00:00Z,2026-08-12 03:00,0,,0,
2026-08-12T01:05:07Z,2026-08-12 03:05,0,,0,
2026-08-12T01:10:14Z,2026-08-12 03:10,0,,0,
2026-08-12T01:15:20Z,2026-08-12 03:15,0,,0,
2026-08-12T01:20:27Z,2026-08-12 03:20,0,,0,
2026-08-12T01:25:33Z,2026-08-12 03:25,0,,0,
2026-08-12T01:30:39Z,2026-08-12 03:30,0,,0,
2026-08-12T01:35:45Z,2026-08-12 03:35,0,,0,
2026-08-12T01:40:51Z,2026-08-12 03:40,0,,0,
2026-08-12T01:41:03Z,2026-08-12 03:41,0,,0,
2026-08-12T01:46:08Z,2026-08-12 03:46,0,,0,
2026-08-12T01:51:13Z,2026-08-12 03:51,0,,0,
2026-08-12T01:56:18Z,2026-08-12 03:56,0,,0,
2026-08-12T02:01:23Z,2026-08-12 04:01,0,,0,
2026-08-12T02:06:29Z,2026-08-12 04:06,0,,0,
2026-08-12T02:11:34Z,2026-08-12 04:11,0,,0,
2026-08-12T02:16:39Z,2026-08-12 04:16,0,,0,
2026-08-12T02:21:44Z,2026-08-12 04:21,0,,0,
2026-08-12T02:26:49Z,2026-08-12 04:26,0,,0,
2026-08-12T02:31:54Z,2026-08-12 04:31,0,,0,
2026-08-12T02:37:00Z,2026-08-12 04:37,0,,0,
2026-08-12T02:42:06Z,2026-08-12 04:42,0,,0,
2026-08-12T02:47:11Z,2026-08-12 04:47,0,,0,
2026-08-12T02:52:16Z,2026-08-12 04:52,0,,0,
2026-08-12T02:57:21Z,2026-08-12 04:57,0,,0,
2026-08-12T03:02:31Z,2026-08-12 05:02,0,,0,
2026-08-12T03:07:36Z,2026-08-12 05:07,0,,0,
2026-08-12T03:12:42Z,2026-08-12 05:12,0,,0,
2026-08-12T03:17:47Z,2026-08-12 05:17,0,,0,
2026-08-12T03:22:52Z,2026-08-12 05:22,0,,0,
2026-08-12T03:27:57Z,2026-08-12 05:27,0,,0,
2026-08-12T03:33:02Z,2026-08-12 05:33,0,,0,
2026-08-12T03:38:08Z,2026-08-12 05:38,0,,0,
2026-08-12T03:43:13Z,2026-08-12 05:43,0,,0,
2026-08-12T03:48:19Z,2026-08-12 05:48,0,,0,
2026-08-12T03:53:24Z,2026-08-12 05:53,0,,0,
2026-08-12T03:58:29Z,2026-08-12 05:58,0,,0,
2026-08-12T04:03:35Z,2026-08-12 06:03,0,,0,
2026-08-12T04:08:40Z,2026-08-12 06:08,0,,0,
2026-08-12T04:13:45Z,2026-08-12 06:13,0,,0,
2026-08-12T04:18:50Z,2026-08-12 06:18,0,,0,
2026-08-12T04:23:56Z,2026-08-12 06:23,0,,0,
2026-08-12T04:29:01Z,2026-08-12 06:29,0,,0,
2026-08-12T04:29:13Z,2026-08-12 06:29,0,,0,
2026-08-12T04:34:19Z,2026-08-12 06:34,0,,0,
2026-08-12T04:39:24Z,2026-08-12 06:39,0,,0,
2026-08-12T04:44:30Z,2026-08-12 06:44,0,,0,
2026-08-12T04:49:35Z,2026-08-12 06:49,0,,0,
2026-08-12T04:54:40Z,2026-08-12 06:54,0,,0,
2026-08-12T04:59:45Z,2026-08-12 06:59,0,,0,
2026-08-12T05:04:51Z,2026-08-12 07:04,0,,0,
2026-08-12T05:09:56Z,2026-08-12 07:09,0,,0,
2026-08-12T05:15:02Z,2026-08-12 07:15,0,,0,
2026-08-12T05:20:16Z,2026-08-12 07:20,0,,0,
2026-08-12T05:25:21Z,2026-08-12 07:25,0,,0,
2026-08-12T05:30:32Z,2026-08-12 07:30,0,,0,
2026-08-12T05:35:38Z,2026-08-12 07:35,0,,0,
2026-08-12T05:40:43Z,2026-08-12 07:40,0,,0,
2026-08-12T05:45:48Z,2026-08-12 07:45,0,,0,
2026-08-12T05:50:54Z,2026-08-12 07:50,0,,0,
2026-08-12T05:55:59Z,2026-08-12 07:55,0,,0,
2026-08-12T06:01:05Z,2026-08-12 08:01,0,,0,
2026-08-12T06:06:12Z,2026-08-12 08:06,0,,0,
2026-08-12T06:11:18Z,2026-08-12 08:11,0,,0,
2026-08-12T06:16:23Z,2026-08-12 08:16,0,,0,
2026-08-12T06:21:29Z,2026-08-12 08:21,0,,0,
2026-08-12T06:26:35Z,2026-08-12 08:26,0,,0,
2026-08-12T06:31:41Z,2026-08-12 08:31,0,,0,
2026-08-12T06:36:46Z,2026-08-12 08:36,0,,0,
2026-08-12T06:41:52Z,2026-08-12 08:41,0,,0,
2026-08-12T06:46:59Z,2026-08-12 08:46,0,,0,
2026-08-12T06:52:04Z,2026-08-12 08:52,0,,0,
2026-08-12T06:57:10Z,2026-08-12 08:57,0,,0,
2026-08-12T07:02:15Z,2026-08-12 09:02,0,,0,
2026-08-12T07:07:21Z,2026-08-12 09:07,0,,0,
2026-08-12T07:12:27Z,2026-08-12 09:12,0,,0,
2026-08-12T07:17:33Z,2026-08-12 09:17,0,,0,
2026-08-12T07:17:45Z,2026-08-12 09:17,0,,0,
2026-08-12T07:22:50Z,2026-08-12 09:22,0,,0,
2026-08-12T07:27:56Z,2026-08-12 09:27,0,,0,
2026-08-12T07:33:01Z,2026-08-12 09:33,0,,0,
2026-08-12T07:38:10Z,2026-08-12 09:38,0,,0,
2026-08-12T07:43:16Z,2026-08-12 09:43,0,,0,
2026-08-12T07:48:23Z,2026-08-12 09:48,0,,10,1.0
2026-08-12T07:58:34Z,2026-08-12 09:58,0,,10,1.0
2026-08-12T08:03:39Z,2026-08-12 10:03,0,,10,1.0
2026-08-12T08:08:45Z,2026-08-12 10:08,0,,10,1.0
2026-08-12T08:13:51Z,2026-08-12 10:13,0,,20,2.0
2026-08-12T08:18:57Z,2026-08-12 10:18,0,,20,2.0
2026-08-12T08:24:02Z,2026-08-12 10:24,0,,20,2.0
2026-08-12T08:29:07Z,2026-08-12 10:29,0,,30,3.0
2026-08-12T08:39:19Z,2026-08-12 10:39,0,,30,3.0
2026-08-12T08:49:30Z,2026-08-12 10:49,0,,30,3.0
2026-08-12T08:54:36Z,2026-08-12 10:54,0,,30,3.0
2026-08-12T08:59:41Z,2026-08-12 10:59,0,,30,3.0
2026-08-12T09:04:47Z,2026-08-12 11:04,0,,30,3.0
2026-08-12T09:09:53Z,2026-08-12 11:09,0,,30,3.0
2026-08-12T09:14:58Z,2026-08-12 11:14,0,,30,3.0
2026-08-12T09:20:06Z,2026-08-12 11:20,0,,30,3.0
2026-08-12T09:25:12Z,2026-08-12 11:25,0,,30,3.0
2026-08-12T09:30:21Z,2026-08-12 11:30,0,,30,3.0
2026-08-12T09:35:28Z,2026-08-12 11:35,0,,30,3.0
2026-08-12T09:40:33Z,2026-08-12 11:40,0,,40,4.0
2026-08-12T09:45:39Z,2026-08-12 11:45,0,,40,4.0
2026-08-12T09:50:45Z,2026-08-12 11:50,0,,40,4.0
2026-08-12T09:55:50Z,2026-08-12 11:55,0,,40,4.0
2026-08-12T10:00:55Z,2026-08-12 12:00,0,,40,4.0
2026-08-12T10:06:01Z,2026-08-12 12:06,0,,40,4.0
2026-08-12T10:06:13Z,2026-08-12 12:06,0,,40,4.0
2026-08-12T10:11:19Z,2026-08-12 12:11,0,,40,4.0
2026-08-12T10:16:25Z,2026-08-12 12:16,0,,40,4.0
2026-08-12T10:21:30Z,2026-08-12 12:21,0,,40,4.0
2026-08-12T10:26:36Z,2026-08-12 12:26,0,,40,4.0
2026-08-12T10:31:41Z,2026-08-12 12:31,0,,40,4.0
2026-08-12T10:36:46Z,2026-08-12 12:36,0,,40,4.0
2026-08-12T10:41:52Z,2026-08-12 12:41,10,1.0,40,4.0
2026-08-12T10:46:58Z,2026-08-12 12:46,10,1.0,40,4.0
2026-08-12T10:52:03Z,2026-08-12 12:52,10,1.0,40,4.0
2026-08-12T10:57:08Z,2026-08-12 12:57,10,1.0,40,4.0
2026-08-12T11:02:13Z,2026-08-12 13:02,10,1.0,40,4.0
2026-08-12T11:07:19Z,2026-08-12 13:07,10,1.0,40,4.0
2026-08-12T11:12:24Z,2026-08-12 13:12,10,1.0,40,4.0
2026-08-12T11:17:30Z,2026-08-12 13:17,10,1.0,40,4.0
2026-08-12T11:22:35Z,2026-08-12 13:22,10,1.0,40,4.0
2026-08-12T11:27:41Z,2026-08-12 13:27,10,1.0,40,4.0
2026-08-12T11:32:48Z,2026-08-12 13:32,0,,40,4.0
2026-08-12T11:37:53Z,2026-08-12 13:37,0,,40,4.0
2026-08-12T11:42:59Z,2026-08-12 13:42,0,,40,4.0
2026-08-12T11:48:09Z,2026-08-12 13:48,0,,40,4.0
2026-08-12T11:53:14Z,2026-08-12 13:53,0,,40,4.0
2026-08-12T11:58:20Z,2026-08-12 13:58,0,,40,4.0
2026-08-12T12:03:27Z,2026-08-12 14:03,0,,40,4.0
2026-08-12T12:08:33Z,2026-08-12 14:08,0,,40,4.0
2026-08-12T12:13:38Z,2026-08-12 14:13,0,,40,4.0
2026-08-12T12:18:44Z,2026-08-12 14:18,0,,40,4.0
2026-08-12T12:23:49Z,2026-08-12 14:23,0,,40,4.0
2026-08-12T12:28:55Z,2026-08-12 14:28,0,,40,4.0
2026-08-12T12:34:00Z,2026-08-12 14:34,0,,40,4.0
2026-08-12T12:39:06Z,2026-08-12 14:39,0,,40,4.0
2026-08-12T12:44:13Z,2026-08-12 14:44,0,,40,4.0
2026-08-12T12:49:18Z,2026-08-12 14:49,0,,40,4.0
2026-08-12T12:54:24Z,2026-08-12 14:54,0,,40,4.0
2026-08-12T12:54:39Z,2026-08-12 14:54,0,,40,4.0
2026-08-12T12:59:45Z,2026-08-12 14:59,0,,40,4.0
2026-08-12T13:04:52Z,2026-08-12 15:04,0,,40,4.0
2026-08-12T13:09:58Z,2026-08-12 15:09,0,,40,4.0
2026-08-12T13:15:06Z,2026-08-12 15:15,0,,40,4.0
2026-08-12T13:20:22Z,2026-08-12 15:20,0,,40,4.0
2026-08-12T13:25:29Z,2026-08-12 15:25,0,,40,4.0
2026-08-12T13:30:35Z,2026-08-12 15:30,0,,40,4.0
2026-08-12T13:35:42Z,2026-08-12 15:35,0,,40,4.0
2026-08-12T13:40:48Z,2026-08-12 15:40,0,,40,4.0
2026-08-12T13:45:55Z,2026-08-12 15:45,0,,40,4.0
2026-08-12T13:51:01Z,2026-08-12 15:51,0,,40,4.0
2026-08-12T13:56:08Z,2026-08-12 15:56,0,,40,4.0
2026-08-12T14:01:14Z,2026-08-12 16:01,0,,40,4.0
2026-08-12T14:06:21Z,2026-08-12 16:06,0,,40,4.0
2026-08-12T14:11:30Z,2026-08-12 16:11,0,,40,4.0
2026-08-12T14:16:36Z,2026-08-12 16:16,0,,40,4.0
2026-08-12T14:21:43Z,2026-08-12 16:21,0,,40,4.0
2026-08-12T14:26:49Z,2026-08-12 16:26,0,,40,4.0
2026-08-12T14:31:56Z,2026-08-12 16:31,0,,40,4.0
2026-08-12T14:37:03Z,2026-08-12 16:37,0,,40,4.0
2026-08-12T14:47:16Z,2026-08-12 16:47,0,,40,4.0
2026-08-12T14:52:22Z,2026-08-12 16:52,0,,40,4.0
2026-08-12T14:57:29Z,2026-08-12 16:57,0,,40,4.0
2026-08-12T15:02:35Z,2026-08-12 17:02,0,,40,4.0
2026-08-12T15:07:43Z,2026-08-12 17:07,0,,40,4.0
2026-08-12T15:12:49Z,2026-08-12 17:12,0,,40,4.0
2026-08-12T15:17:56Z,2026-08-12 17:17,0,,40,4.0
2026-08-12T15:23:02Z,2026-08-12 17:23,0,,40,4.0
2026-08-12T15:28:09Z,2026-08-12 17:28,0,,40,4.0
2026-08-12T15:33:17Z,2026-08-12 17:33,0,,30,3.0
2026-08-12T15:38:23Z,2026-08-12 17:38,0,,30,3.0
2026-08-12T15:43:31Z,2026-08-12 17:43,0,,30,3.0
2026-08-12T15:43:45Z,2026-08-12 17:43,0,,30,3.0
2026-08-12T15:48:53Z,2026-08-12 17:48,0,,30,3.0
2026-08-12T15:54:01Z,2026-08-12 17:54,0,,30,3.0
2026-08-12T15:59:06Z,2026-08-12 17:59,0,,30,3.0
2026-08-12T16:04:13Z,2026-08-12 18:04,0,,30,3.0
2026-08-12T16:09:20Z,2026-08-12 18:09,0,,30,3.0
2026-08-12T16:14:26Z,2026-08-12 18:14,0,,30,3.0
2026-08-12T16:19:33Z,2026-08-12 18:19,0,,20,2.0
2026-08-12T16:24:39Z,2026-08-12 18:24,0,,20,2.0
2026-08-12T16:29:45Z,2026-08-12 18:29,0,,20,2.0
2026-08-12T16:34:53Z,2026-08-12 18:34,0,,20,2.0
2026-08-12T16:39:58Z,2026-08-12 18:39,0,,20,2.0
2026-08-12T16:45:12Z,2026-08-12 18:45,0,,10,1.0
2026-08-12T16:55:24Z,2026-08-12 18:55,0,,10,1.0
2026-08-12T17:00:30Z,2026-08-12 19:00,0,,10,1.0
2026-08-12T17:05:36Z,2026-08-12 19:05,0,,10,1.0
2026-08-12T17:10:42Z,2026-08-12 19:10,0,,10,1.0
2026-08-12T17:15:47Z,2026-08-12 19:15,0,,0,
2026-08-12T17:20:53Z,2026-08-12 19:20,0,,0,
2026-08-12T17:25:59Z,2026-08-12 19:25,0,,0,
2026-08-12T17:31:05Z,2026-08-12 19:31,0,,0,
2026-08-12T17:36:11Z,2026-08-12 19:36,0,,0,
2026-08-12T17:41:18Z,2026-08-12 19:41,0,,0,
2026-08-12T17:46:24Z,2026-08-12 19:46,0,,0,
2026-08-12T17:51:29Z,2026-08-12 19:51,0,,0,
2026-08-12T17:56:35Z,2026-08-12 19:56,0,,0,
2026-08-12T18:01:41Z,2026-08-12 20:01,0,,0,
2026-08-12T18:06:46Z,2026-08-12 20:06,0,,0,
2026-08-12T18:11:53Z,2026-08-12 20:11,0,,0,
2026-08-12T18:16:58Z,2026-08-12 20:16,0,,0,
2026-08-12T18:22:05Z,2026-08-12 20:22,0,,0,
2026-08-12T18:27:11Z,2026-08-12 20:27,0,,0,
2026-08-12T18:32:18Z,2026-08-12 20:32,0,,0,
2026-08-12T18:32:33Z,2026-08-12 20:32,0,,0,
2026-08-12T18:37:39Z,2026-08-12 20:37,0,,0,
2026-08-12T18:42:46Z,2026-08-12 20:42,0,,0,
2026-08-12T18:47:53Z,2026-08-12 20:47,0,,0,
2026-08-12T18:53:00Z,2026-08-12 20:53,0,,0,
2026-08-12T18:58:08Z,2026-08-12 20:58,0,,0,
2026-08-12T19:03:14Z,2026-08-12 21:03,0,,0,
2026-08-12T19:08:21Z,2026-08-12 21:08,0,,0,
2026-08-12T19:13:27Z,2026-08-12 21:13,0,,0,
2026-08-12T19:18:35Z,2026-08-12 21:18,0,,0,
2026-08-12T19:23:41Z,2026-08-12 21:23,0,,0,
2026-08-12T19:28:47Z,2026-08-12 21:28,0,,0,
2026-08-12T19:33:54Z,2026-08-12 21:33,0,,0,
2026-08-12T19:39:00Z,2026-08-12 21:39,0,,0,
2026-08-12T19:44:06Z,2026-08-12 21:44,0,,0,
2026-08-12T19:49:13Z,2026-08-12 21:49,0,,0,
2026-08-12T19:54:19Z,2026-08-12 21:54,0,,0,
2026-08-12T19:59:25Z,2026-08-12 21:59,0,,0,
2026-08-12T20:04:34Z,2026-08-12 22:04,0,,0,
2026-08-12T20:09:40Z,2026-08-12 22:09,0,,0,
2026-08-12T20:14:47Z,2026-08-12 22:14,0,,0,
2026-08-12T20:19:53Z,2026-08-12 22:19,0,,0,
2026-08-12T20:24:59Z,2026-08-12 22:24,0,,0,
2026-08-12T20:30:11Z,2026-08-12 22:30,0,,0,
2026-08-12T20:35:18Z,2026-08-12 22:35,0,,0,
2026-08-12T20:40:24Z,2026-08-12 22:40,0,,0,
2026-08-12T20:45:30Z,2026-08-12 22:45,0,,0,
2026-08-12T20:50:36Z,2026-08-12 22:50,0,,0,
2026-08-12T20:55:42Z,2026-08-12 22:55,0,,0,
2026-08-12T21:00:49Z,2026-08-12 23:00,0,,0,
2026-08-12T21:05:55Z,2026-08-12 23:05,0,,0,
2026-08-12T21:11:02Z,2026-08-12 23:11,0,,0,
2026-08-12T21:16:09Z,2026-08-12 23:16,0,,0,
2026-08-12T21:21:15Z,2026-08-12 23:21,0,,0,
2026-08-12T21:21:32Z,2026-08-12 23:21,0,,0,
2026-08-12T21:26:38Z,2026-08-12 23:26,0,,0,
2026-08-12T21:31:44Z,2026-08-12 23:31,0,,0,
2026-08-12T21:36:50Z,2026-08-12 23:36,0,,0,
2026-08-12T21:41:57Z,2026-08-12 23:41,0,,0,
2026-08-12T21:47:03Z,2026-08-12 23:47,0,,0,
2026-08-12T21:52:14Z,2026-08-12 23:52,0,,0,
2026-08-12T21:57:20Z,2026-08-12 23:57,0,,0,
2026-08-12T22:02:34Z,2026-08-13 00:02,0,,0,
2026-08-12T22:07:40Z,2026-08-13 00:07,0,,0,
2026-08-12T22:12:46Z,2026-08-13 00:12,0,,0,
2026-08-12T22:17:54Z,2026-08-13 00:17,0,,0,
2026-08-12T22:23:00Z,2026-08-13 00:23,0,,0,
2026-08-12T22:28:04Z,2026-08-13 00:28,0,,0,
2026-08-12T22:33:10Z,2026-08-13 00:33,0,,0,
2026-08-12T22:38:16Z,2026-08-13 00:38,0,,0,
2026-08-12T22:43:22Z,2026-08-13 00:43,0,,0,
2026-08-12T22:48:29Z,2026-08-13 00:48,0,,0,
2026-08-12T22:53:35Z,2026-08-13 00:53,0,,0,
2026-08-12T22:58:42Z,2026-08-13 00:58,0,,0,
2026-08-12T23:03:47Z,2026-08-13 01:03,0,,0,
2026-08-12T23:08:55Z,2026-08-13 01:08,0,,0,
2026-08-12T23:14:01Z,2026-08-13 01:14,0,,0,
2026-08-12T23:19:07Z,2026-08-13 01:19,0,,0,
2026-08-12T23:24:14Z,2026-08-13 01:24,0,,0,
2026-08-12T23:29:20Z,2026-08-13 01:29,0,,0,
2026-08-12T23:34:27Z,2026-08-13 01:34,0,,0,
2026-08-12T23:39:33Z,2026-08-13 01:39,0,,0,
2026-08-12T23:44:39Z,2026-08-13 01:44,0,,0,
2026-08-12T23:49:45Z,2026-08-13 01:49,0,,0,
2026-08-12T23:54:53Z,2026-08-13 01:54,0,,0,
2026-08-12T23:59:58Z,2026-08-13 01:59,0,,0,
2026-08-13T00:05:07Z,2026-08-13 02:05,0,,0,
2026-08-13T00:10:14Z,2026-08-13 02:10,0,,0,
2026-08-13T00:10:27Z,2026-08-13 02:10,0,,0,
2026-08-13T00:21:34Z,2026-08-13 02:21,0,,0,
2026-08-13T00:26:39Z,2026-08-13 02:26,0,,0,
2026-08-13T00:31:44Z,2026-08-13 02:31,0,,0,
2026-08-13T00:36:50Z,2026-08-13 02:36,0,,0,
2026-08-13T00:41:56Z,2026-08-13 02:41,0,,0,
2026-08-13T00:47:02Z,2026-08-13 02:47,0,,0,
2026-08-13T00:52:08Z,2026-08-13 02:52,0,,0,
2026-08-13T00:57:14Z,2026-08-13 02:57,0,,0,
2026-08-13T01:02:19Z,2026-08-13 03:02,0,,0,
2026-08-13T01:07:24Z,2026-08-13 03:07,0,,0,
2026-08-13T01:12:29Z,2026-08-13 03:12,0,,0,
2026-08-13T01:17:35Z,2026-08-13 03:17,0,,0,
2026-08-13T01:22:40Z,2026-08-13 03:22,0,,0,
2026-08-13T01:27:46Z,2026-08-13 03:27,0,,0,
2026-08-13T01:32:53Z,2026-08-13 03:32,0,,0,
2026-08-13T01:37:58Z,2026-08-13 03:37,0,,0,
2026-08-13T01:43:03Z,2026-08-13 03:43,0,,0,
2026-08-13T01:48:09Z,2026-08-13 03:48,0,,0,
2026-08-13T01:53:14Z,2026-08-13 03:53,0,,0,
2026-08-13T01:58:20Z,2026-08-13 03:58,0,,0,
2026-08-13T02:03:25Z,2026-08-13 04:03,0,,0,
2026-08-13T02:08:30Z,2026-08-13 04:08,0,,0,
2026-08-13T02:13:35Z,2026-08-13 04:13,0,,0,
2026-08-13T02:18:40Z,2026-08-13 04:18,0,,0,
2026-08-13T02:23:46Z,2026-08-13 04:23,0,,0,
2026-08-13T02:28:51Z,2026-08-13 04:28,0,,0,
2026-08-13T02:33:56Z,2026-08-13 04:33,0,,0,
2026-08-13T02:39:01Z,2026-08-13 04:39,0,,0,
2026-08-13T02:44:10Z,2026-08-13 04:44,0,,0,
2026-08-13T02:49:15Z,2026-08-13 04:49,0,,0,
2026-08-13T02:54:21Z,2026-08-13 04:54,0,,0,
2026-08-13T02:59:27Z,2026-08-13 04:59,0,,0,
2026-08-13T02:59:39Z,2026-08-13 04:59,0,,0,
2026-08-13T03:04:45Z,2026-08-13 05:04,0,,0,
2026-08-13T03:09:50Z,2026-08-13 05:09,0,,0,
2026-08-13T03:14:59Z,2026-08-13 05:14,0,,0,
2026-08-13T03:20:10Z,2026-08-13 05:20,0,,0,
2026-08-13T03:25:17Z,2026-08-13 05:25,0,,0,
2026-08-13T03:30:23Z,2026-08-13 05:30,0,,0,
2026-08-13T03:35:29Z,2026-08-13 05:35,0,,0,
2026-08-13T03:40:37Z,2026-08-13 05:40,0,,0,
2026-08-13T03:45:43Z,2026-08-13 05:45,0,,0,
2026-08-13T03:50:48Z,2026-08-13 05:50,0,,0,
2026-08-13T03:55:54Z,2026-08-13 05:55,0,,0,
2026-08-13T04:01:00Z,2026-08-13 06:01,0,,0,
2026-08-13T04:06:07Z,2026-08-13 06:06,0,,0,
2026-08-13T04:11:13Z,2026-08-13 06:11,0,,0,
2026-08-13T04:16:18Z,2026-08-13 06:16,0,,0,
2026-08-13T04:21:24Z,2026-08-13 06:21,0,,0,
2026-08-13T04:26:29Z,2026-08-13 06:26,0,,0,
2026-08-13T04:31:35Z,2026-08-13 06:31,0,,0,
2026-08-13T04:36:40Z,2026-08-13 06:36,0,,0,
2026-08-13T04:41:45Z,2026-08-13 06:41,0,,0,
2026-08-13T04:46:51Z,2026-08-13 06:46,0,,0,
2026-08-13T04:51:57Z,2026-08-13 06:51,0,,0,
2026-08-13T04:57:02Z,2026-08-13 06:57,0,,0,
2026-08-13T05:02:11Z,2026-08-13 07:02,0,,0,
2026-08-13T05:07:16Z,2026-08-13 07:07,0,,0,
2026-08-13T05:12:22Z,2026-08-13 07:12,0,,0,
2026-08-13T05:17:27Z,2026-08-13 07:17,0,,0,
2026-08-13T05:22:35Z,2026-08-13 07:22,0,,0,
2026-08-13T05:27:40Z,2026-08-13 07:27,0,,0,
2026-08-13T05:32:45Z,2026-08-13 07:32,0,,0,
2026-08-13T05:37:51Z,2026-08-13 07:37,0,,0,
2026-08-13T05:42:57Z,2026-08-13 07:42,0,,0,
2026-08-13T05:48:03Z,2026-08-13 07:48,0,,0,
2026-08-13T05:48:13Z,2026-08-13 07:48,0,,0,
2026-08-13T05:53:19Z,2026-08-13 07:53,0,,0,
2026-08-13T05:58:24Z,2026-08-13 07:58,0,,0,
2026-08-13T06:03:30Z,2026-08-13 08:03,0,,0,
2026-08-13T06:08:36Z,2026-08-13 08:08,0,,0,
2026-08-13T06:13:41Z,2026-08-13 08:13,0,,0,
2026-08-13T06:18:47Z,2026-08-13 08:18,0,,0,
2026-08-13T06:23:52Z,2026-08-13 08:23,0,,0,
2026-08-13T06:28:58Z,2026-08-13 08:28,0,,0,
2026-08-13T06:34:03Z,2026-08-13 08:34,0,,0,
2026-08-13T06:39:09Z,2026-08-13 08:39,0,,0,
2026-08-13T06:44:15Z,2026-08-13 08:44,0,,0,
2026-08-13T06:49:20Z,2026-08-13 08:49,0,,0,
2026-08-13T06:54:26Z,2026-08-13 08:54,0,,0,
2026-08-13T06:59:31Z,2026-08-13 08:59,0,,0,
2026-08-13T07:04:36Z,2026-08-13 09:04,0,,0,
2026-08-13T07:09:42Z,2026-08-13 09:09,0,,0,
2026-08-13T07:14:48Z,2026-08-13 09:14,0,,0,
2026-08-13T07:19:53Z,2026-08-13 09:19,0,,0,
2026-08-13T07:24:59Z,2026-08-13 09:24,0,,0,
2026-08-13T07:30:16Z,2026-08-13 09:30,0,,0,
2026-08-13T07:35:24Z,2026-08-13 09:35,0,,0,
2026-08-13T07:40:29Z,2026-08-13 09:40,0,,10,1.0
2026-08-13T07:45:36Z,2026-08-13 09:45,0,,10,1.0
2026-08-13T07:50:44Z,2026-08-13 09:50,0,,10,1.0
2026-08-13T07:55:49Z,2026-08-13 09:55,0,,10,1.0
2026-08-13T08:00:57Z,2026-08-13 10:00,0,,20,2.0
2026-08-13T08:06:03Z,2026-08-13 10:06,0,,20,2.0
2026-08-13T08:11:09Z,2026-08-13 10:11,0,,20,2.0
2026-08-13T08:16:14Z,2026-08-13 10:16,0,,20,2.0
2026-08-13T08:21:20Z,2026-08-13 10:21,0,,20,2.0
2026-08-13T08:26:27Z,2026-08-13 10:26,0,,20,2.0
2026-08-13T08:31:35Z,2026-08-13 10:31,0,,20,2.0
2026-08-13T08:36:40Z,2026-08-13 10:36,0,,30,3.0
2026-08-13T08:36:54Z,2026-08-13 10:36,0,,30,3.0
2026-08-13T08:41:59Z,2026-08-13 10:41,0,,30,3.0
2026-08-13T08:47:04Z,2026-08-13 10:47,0,,30,3.0
2026-08-13T08:52:10Z,2026-08-13 10:52,0,,30,3.0
2026-08-13T08:57:16Z,2026-08-13 10:57,0,,30,3.0
2026-08-13T09:02:21Z,2026-08-13 11:02,0,,30,3.0
2026-08-13T09:07:28Z,2026-08-13 11:07,0,,40,4.0
2026-08-13T09:12:35Z,2026-08-13 11:12,0,,40,4.0
2026-08-13T09:17:40Z,2026-08-13 11:17,0,,40,4.0
2026-08-13T09:27:50Z,2026-08-13 11:27,0,,40,4.0
2026-08-13T09:38:00Z,2026-08-13 11:38,0,,40,4.0
2026-08-13T09:43:06Z,2026-08-13 11:43,0,,40,4.0
2026-08-13T09:48:11Z,2026-08-13 11:48,0,,50,5.0
2026-08-13T09:53:19Z,2026-08-13 11:53,0,,50,5.0
2026-08-13T09:58:24Z,2026-08-13 11:58,0,,50,5.0
2026-08-13T10:03:30Z,2026-08-13 12:03,10,1.0,60,6.0
2026-08-13T10:08:35Z,2026-08-13 12:08,10,1.0,60,6.0
2026-08-13T10:13:41Z,2026-08-13 12:13,10,1.0,60,6.0
2026-08-13T10:18:46Z,2026-08-13 12:18,10,1.0,60,6.0
2026-08-13T10:23:52Z,2026-08-13 12:23,10,1.0,60,6.0
2026-08-13T10:28:57Z,2026-08-13 12:28,10,1.0,60,6.0
2026-08-13T10:34:03Z,2026-08-13 12:34,10,1.0,60,6.0
2026-08-13T10:39:09Z,2026-08-13 12:39,10,1.0,60,6.0
2026-08-13T10:44:14Z,2026-08-13 12:44,10,1.0,60,6.0
2026-08-13T10:49:20Z,2026-08-13 12:49,10,1.0,60,6.0
2026-08-13T10:54:25Z,2026-08-13 12:54,10,1.0,60,6.0
2026-08-13T10:59:31Z,2026-08-13 12:59,10,1.0,60,6.0
2026-08-13T11:04:36Z,2026-08-13 13:04,10,1.0,60,6.0
2026-08-13T11:09:41Z,2026-08-13 13:09,10,1.0,60,6.0
2026-08-13T11:14:47Z,2026-08-13 13:14,10,1.0,50,5.0
2026-08-13T11:19:52Z,2026-08-13 13:19,10,1.0,50,5.0
2026-08-13T11:24:58Z,2026-08-13 13:24,10,1.0,50,5.0
2026-08-13T11:25:14Z,2026-08-13 13:25,10,1.0,50,5.0
2026-08-13T11:30:29Z,2026-08-13 13:30,10,1.0,50,5.0
2026-08-13T11:35:36Z,2026-08-13 13:35,10,1.0,50,5.0
2026-08-13T11:40:42Z,2026-08-13 13:40,10,1.0,50,5.0
2026-08-13T11:45:49Z,2026-08-13 13:45,0,,50,5.0
2026-08-13T11:50:55Z,2026-08-13 13:50,0,,50,5.0
2026-08-13T11:56:02Z,2026-08-13 13:56,0,,50,5.0
2026-08-13T12:01:09Z,2026-08-13 14:01,0,,50,5.0
2026-08-13T12:06:16Z,2026-08-13 14:06,0,,50,5.0
2026-08-13T12:11:23Z,2026-08-13 14:11,0,,50,5.0
2026-08-13T12:16:30Z,2026-08-13 14:16,0,,50,5.0
2026-08-13T12:21:36Z,2026-08-13 14:21,0,,50,5.0
2026-08-13T12:26:43Z,2026-08-13 14:26,0,,40,4.0
2026-08-13T12:31:50Z,2026-08-13 14:31,0,,40,4.0
2026-08-13T12:36:57Z,2026-08-13 14:36,0,,40,4.0
2026-08-13T12:42:04Z,2026-08-13 14:42,0,,40,4.0
2026-08-13T12:47:11Z,2026-08-13 14:47,0,,40,4.0
2026-08-13T12:52:18Z,2026-08-13 14:52,0,,40,4.0
2026-08-13T12:57:25Z,2026-08-13 14:57,0,,40,4.0
2026-08-13T13:02:32Z,2026-08-13 15:02,0,,40,4.0
2026-08-13T13:07:39Z,2026-08-13 15:07,0,,40,4.0
2026-08-13T13:12:46Z,2026-08-13 15:12,0,,40,4.0
2026-08-13T13:17:54Z,2026-08-13 15:17,0,,40,4.0
2026-08-13T13:23:01Z,2026-08-13 15:23,0,,40,4.0
2026-08-13T13:28:08Z,2026-08-13 15:28,0,,40,4.0
2026-08-13T13:33:15Z,2026-08-13 15:33,0,,40,4.0
2026-08-13T13:38:22Z,2026-08-13 15:38,0,,40,4.0
2026-08-13T13:43:28Z,2026-08-13 15:43,0,,40,4.0
2026-08-13T13:48:36Z,2026-08-13 15:48,0,,40,4.0
2026-08-13T13:53:42Z,2026-08-13 15:53,0,,40,4.0
2026-08-13T13:58:49Z,2026-08-13 15:58,0,,40,4.0
2026-08-13T14:03:55Z,2026-08-13 16:03,0,,40,4.0
2026-08-13T14:09:02Z,2026-08-13 16:09,0,,40,4.0
2026-08-13T14:14:11Z,2026-08-13 16:14,0,,40,4.0
2026-08-13T14:14:25Z,2026-08-13 16:14,0,,40,4.0
2026-08-13T14:19:31Z,2026-08-13 16:19,0,,40,4.0
2026-08-13T14:24:36Z,2026-08-13 16:24,0,,40,4.0
2026-08-13T14:29:41Z,2026-08-13 16:29,0,,40,4.0
2026-08-13T14:34:47Z,2026-08-13 16:34,0,,40,4.0
2026-08-13T14:44:57Z,2026-08-13 16:44,0,,40,4.0
2026-08-13T14:50:03Z,2026-08-13 16:50,0,,40,4.0
2026-08-13T14:55:12Z,2026-08-13 16:55,0,,40,4.0
2026-08-13T15:00:27Z,2026-08-13 17:00,0,,40,4.0
2026-08-13T15:05:33Z,2026-08-13 17:05,0,,40,4.0
2026-08-13T15:10:39Z,2026-08-13 17:10,0,,40,4.0
2026-08-13T15:15:44Z,2026-08-13 17:15,0,,40,4.0
2026-08-13T15:20:50Z,2026-08-13 17:20,0,,40,4.0
2026-08-13T15:25:57Z,2026-08-13 17:25,0,,40,4.0
2026-08-13T15:31:03Z,2026-08-13 17:31,0,,40,4.0
2026-08-13T15:36:08Z,2026-08-13 17:36,0,,40,4.0
2026-08-13T15:41:14Z,2026-08-13 17:41,0,,40,4.0
2026-08-13T15:46:20Z,2026-08-13 17:46,0,,40,4.0
2026-08-13T15:51:25Z,2026-08-13 17:51,0,,40,4.0
2026-08-13T15:56:31Z,2026-08-13 17:56,0,,40,4.0
2026-08-13T16:01:37Z,2026-08-13 18:01,0,,40,4.0
2026-08-13T16:06:42Z,2026-08-13 18:06,0,,40,4.0
2026-08-13T16:11:48Z,2026-08-13 18:11,0,,40,4.0
2026-08-13T16:16:53Z,2026-08-13 18:16,0,,40,4.0
2026-08-13T16:21:59Z,2026-08-13 18:21,0,,30,3.0
2026-08-13T16:27:04Z,2026-08-13 18:27,0,,30,3.0
2026-08-13T16:32:10Z,2026-08-13 18:32,0,,30,3.0
2026-08-13T16:37:16Z,2026-08-13 18:37,0,,30,3.0
2026-08-13T16:42:21Z,2026-08-13 18:42,0,,30,3.0
2026-08-13T16:47:29Z,2026-08-13 18:47,0,,30,3.0
2026-08-13T16:52:34Z,2026-08-13 18:52,0,,30,3.0
2026-08-13T16:57:40Z,2026-08-13 18:57,0,,30,3.0
2026-08-13T17:02:45Z,2026-08-13 19:02,0,,30,3.0
2026-08-13T17:02:59Z,2026-08-13 19:02,0,,30,3.0
2026-08-13T17:08:06Z,2026-08-13 19:08,0,,30,3.0
2026-08-13T17:13:12Z,2026-08-13 19:13,0,,30,3.0
2026-08-13T17:18:19Z,2026-08-13 19:18,0,,30,3.0
2026-08-13T17:23:25Z,2026-08-13 19:23,0,,20,2.0
2026-08-13T17:28:31Z,2026-08-13 19:28,0,,20,2.0
2026-08-13T17:33:37Z,2026-08-13 19:33,0,,20,2.0
2026-08-13T17:38:44Z,2026-08-13 19:38,0,,20,2.0
2026-08-13T17:43:50Z,2026-08-13 19:43,0,,20,2.0
2026-08-13T17:48:57Z,2026-08-13 19:48,0,,20,2.0
2026-08-13T17:54:03Z,2026-08-13 19:54,0,,20,2.0
2026-08-13T17:59:10Z,2026-08-13 19:59,0,,20,2.0
2026-08-13T18:04:19Z,2026-08-13 20:04,0,,20,2.0
2026-08-13T18:09:24Z,2026-08-13 20:09,0,,20,2.0
2026-08-13T18:14:31Z,2026-08-13 20:14,0,,20,2.0
2026-08-13T18:19:38Z,2026-08-13 20:19,0,,20,2.0
2026-08-13T18:24:44Z,2026-08-13 20:24,0,,20,2.0
2026-08-13T18:29:50Z,2026-08-13 20:29,0,,20,2.0
2026-08-13T18:34:56Z,2026-08-13 20:34,10,1.0,20,2.0
2026-08-13T18:45:13Z,2026-08-13 20:45,20,2.0,20,2.0
2026-08-13T18:50:22Z,2026-08-13 20:50,10,1.0,20,2.0
2026-08-13T18:55:28Z,2026-08-13 20:55,10,1.0,20,2.0
2026-08-13T19:05:43Z,2026-08-13 21:05,10,1.0,20,2.0
2026-08-13T19:10:49Z,2026-08-13 21:10,0,,20,2.0
2026-08-13T19:15:55Z,2026-08-13 21:15,0,,10,1.0
2026-08-13T19:21:01Z,2026-08-13 21:21,0,,10,1.0
2026-08-13T19:26:07Z,2026-08-13 21:26,0,,10,1.0
2026-08-13T19:31:13Z,2026-08-13 21:31,0,,10,1.0
2026-08-13T19:36:21Z,2026-08-13 21:36,0,,0,
2026-08-13T19:41:27Z,2026-08-13 21:41,0,,0,
2026-08-13T19:46:33Z,2026-08-13 21:46,0,,0,
2026-08-13T19:51:39Z,2026-08-13 21:51,0,,0,
2026-08-13T19:51:54Z,2026-08-13 21:51,0,,0,
2026-08-13T19:57:01Z,2026-08-13 21:57,0,,0,
2026-08-13T20:02:08Z,2026-08-13 22:02,0,,0,
2026-08-13T20:07:14Z,2026-08-13 22:07,0,,0,
2026-08-13T20:12:20Z,2026-08-13 22:12,0,,0,
2026-08-13T20:17:28Z,2026-08-13 22:17,0,,0,
2026-08-13T20:22:34Z,2026-08-13 22:22,0,,0,
2026-08-13T20:27:40Z,2026-08-13 22:27,0,,0,
2026-08-13T20:32:47Z,2026-08-13 22:32,0,,0,
2026-08-13T20:37:53Z,2026-08-13 22:37,0,,0,
2026-08-13T20:43:00Z,2026-08-13 22:43,0,,0,
2026-08-13T20:48:08Z,2026-08-13 22:48,0,,0,
2026-08-13T20:53:15Z,2026-08-13 22:53,0,,0,
2026-08-13T20:58:22Z,2026-08-13 22:58,0,,0,
2026-08-13T21:03:28Z,2026-08-13 23:03,0,,0,
2026-08-13T21:08:35Z,2026-08-13 23:08,0,,0,
2026-08-13T21:13:41Z,2026-08-13 23:13,0,,0,
2026-08-13T21:18:50Z,2026-08-13 23:18,0,,0,
2026-08-13T21:23:56Z,2026-08-13 23:23,0,,0,
2026-08-13T21:29:03Z,2026-08-13 23:29,0,,0,
2026-08-13T21:34:09Z,2026-08-13 23:34,0,,0,
2026-08-13T21:39:15Z,2026-08-13 23:39,0,,0,
2026-08-13T21:44:21Z,2026-08-13 23:44,0,,0,
2026-08-13T21:49:27Z,2026-08-13 23:49,0,,0,
2026-08-13T21:54:34Z,2026-08-13 23:54,0,,0,
2026-08-13T21:59:40Z,2026-08-13 23:59,0,,0,
2026-08-13T22:04:47Z,2026-08-14 00:04,0,,0,
2026-08-13T22:09:54Z,2026-08-14 00:09,0,,0,
2026-08-13T22:15:01Z,2026-08-14 00:15,0,,0,
2026-08-13T22:20:39Z,2026-08-14 00:20,0,,0,
2026-08-13T22:25:45Z,2026-08-14 00:25,0,,0,
2026-08-13T22:30:51Z,2026-08-14 00:30,0,,0,
2026-08-13T22:35:58Z,2026-08-14 00:35,0,,0,
2026-08-13T22:41:08Z,2026-08-14 00:41,0,,0,
2026-08-13T22:41:21Z,2026-08-14 00:41,0,,0,
2026-08-13T22:46:27Z,2026-08-14 00:46,0,,0,
2026-08-13T22:51:33Z,2026-08-14 00:51,0,,0,
2026-08-13T22:56:39Z,2026-08-14 00:56,0,,0,
2026-08-13T23:01:44Z,2026-08-14 01:01,0,,0,
2026-08-13T23:06:51Z,2026-08-14 01:06,0,,0,
2026-08-13T23:11:57Z,2026-08-14 01:11,0,,0,
2026-08-13T23:17:02Z,2026-08-14 01:17,0,,0,
2026-08-13T23:22:09Z,2026-08-14 01:22,0,,0,
2026-08-13T23:27:15Z,2026-08-14 01:27,0,,0,
2026-08-13T23:32:20Z,2026-08-14 01:32,0,,0,
2026-08-13T23:37:26Z,2026-08-14 01:37,0,,0,
2026-08-13T23:42:31Z,2026-08-14 01:42,0,,0,
2026-08-13T23:47:37Z,2026-08-14 01:47,0,,0,
2026-08-13T23:52:42Z,2026-08-14 01:52,0,,0,
2026-08-13T23:57:48Z,2026-08-14 01:57,0,,0,
2026-08-14T00:02:54Z,2026-08-14 02:02,0,,0,
2026-08-14T00:07:59Z,2026-08-14 02:07,0,,0,
2026-08-14T00:13:06Z,2026-08-14 02:13,0,,0,
2026-08-14T00:18:12Z,2026-08-14 02:18,0,,0,
2026-08-14T00:23:18Z,2026-08-14 02:23,0,,0,
2026-08-14T00:28:23Z,2026-08-14 02:28,0,,0,
2026-08-14T00:33:29Z,2026-08-14 02:33,0,,0,
2026-08-14T00:38:36Z,2026-08-14 02:38,0,,0,
2026-08-14T00:43:42Z,2026-08-14 02:43,0,,0,
2026-08-14T00:48:48Z,2026-08-14 02:48,0,,0,
2026-08-14T00:53:53Z,2026-08-14 02:53,0,,0,
2026-08-14T00:58:59Z,2026-08-14 02:58,0,,0,
2026-08-14T01:04:04Z,2026-08-14 03:04,0,,0,
2026-08-14T01:09:11Z,2026-08-14 03:09,0,,0,
2026-08-14T01:14:16Z,2026-08-14 03:14,0,,0,
2026-08-14T01:19:22Z,2026-08-14 03:19,0,,0,
2026-08-14T01:24:27Z,2026-08-14 03:24,0,,0,
2026-08-14T01:29:33Z,2026-08-14 03:29,0,,0,
2026-08-14T01:29:46Z,2026-08-14 03:29,0,,0,
2026-08-14T01:34:52Z,2026-08-14 03:34,0,,0,
2026-08-14T01:39:58Z,2026-08-14 03:39,0,,0,
2026-08-14T01:45:03Z,2026-08-14 03:45,0,,0,
2026-08-14T01:50:11Z,2026-08-14 03:50,0,,0,
2026-08-14T01:55:17Z,2026-08-14 03:55,0,,0,
2026-08-14T02:00:32Z,2026-08-14 04:00,0,,0,
2026-08-14T02:05:37Z,2026-08-14 04:05,0,,0,
2026-08-14T02:10:43Z,2026-08-14 04:10,0,,0,
2026-08-14T02:20:54Z,2026-08-14 04:20,0,,0,
2026-08-14T02:31:05Z,2026-08-14 04:31,0,,0,
2026-08-14T02:36:11Z,2026-08-14 04:36,0,,0,
2026-08-14T02:41:17Z,2026-08-14 04:41,0,,0,
2026-08-14T02:46:23Z,2026-08-14 04:46,0,,0,
2026-08-14T02:51:54Z,2026-08-14 04:51,0,,0,
2026-08-14T02:57:00Z,2026-08-14 04:57,0,,0,
2026-08-14T03:02:07Z,2026-08-14 05:02,0,,0,
2026-08-14T03:07:12Z,2026-08-14 05:07,0,,0,
2026-08-14T03:12:18Z,2026-08-14 05:12,0,,0,
2026-08-14T03:17:24Z,2026-08-14 05:17,0,,0,
2026-08-14T03:22:29Z,2026-08-14 05:22,0,,0,
2026-08-14T03:27:34Z,2026-08-14 05:27,0,,0,
2026-08-14T03:32:40Z,2026-08-14 05:32,0,,0,
2026-08-14T03:37:46Z,2026-08-14 05:37,0,,0,
2026-08-14T03:42:52Z,2026-08-14 05:42,0,,0,
2026-08-14T03:47:57Z,2026-08-14 05:47,0,,0,
2026-08-14T03:53:03Z,2026-08-14 05:53,0,,0,
2026-08-14T03:58:09Z,2026-08-14 05:58,0,,0,
2026-08-14T04:03:15Z,2026-08-14 06:03,0,,0,
2026-08-14T04:08:22Z,2026-08-14 06:08,0,,0,
2026-08-14T04:13:27Z,2026-08-14 06:13,0,,0,
2026-08-14T04:18:33Z,2026-08-14 06:18,0,,0,
2026-08-14T04:18:46Z,2026-08-14 06:18,0,,0,
2026-08-14T04:23:51Z,2026-08-14 06:23,0,,0,
2026-08-14T04:28:57Z,2026-08-14 06:28,0,,0,
2026-08-14T04:34:02Z,2026-08-14 06:34,0,,0,
2026-08-14T04:39:08Z,2026-08-14 06:39,0,,0,
2026-08-14T04:44:14Z,2026-08-14 06:44,0,,0,
2026-08-14T04:49:19Z,2026-08-14 06:49,0,,0,
2026-08-14T04:54:25Z,2026-08-14 06:54,0,,0,
2026-08-14T04:59:30Z,2026-08-14 06:59,0,,0,
2026-08-14T05:04:36Z,2026-08-14 07:04,0,,0,
2026-08-14T05:09:42Z,2026-08-14 07:09,0,,0,
2026-08-14T05:14:47Z,2026-08-14 07:14,0,,0,
2026-08-14T05:19:53Z,2026-08-14 07:19,0,,0,
2026-08-14T05:24:58Z,2026-08-14 07:24,0,,0,
2026-08-14T05:30:08Z,2026-08-14 07:30,0,,0,
2026-08-14T05:35:16Z,2026-08-14 07:35,0,,0,
2026-08-14T05:40:21Z,2026-08-14 07:40,0,,0,
2026-08-14T05:45:27Z,2026-08-14 07:45,0,,0,
2026-08-14T05:50:32Z,2026-08-14 07:50,0,,0,
2026-08-14T05:55:38Z,2026-08-14 07:55,0,,0,
2026-08-14T06:00:44Z,2026-08-14 08:00,0,,0,
2026-08-14T06:05:50Z,2026-08-14 08:05,0,,0,
2026-08-14T06:10:57Z,2026-08-14 08:10,0,,0,
2026-08-14T06:16:03Z,2026-08-14 08:16,0,,0,
2026-08-14T06:21:09Z,2026-08-14 08:21,0,,0,
2026-08-14T06:26:19Z,2026-08-14 08:26,0,,0,
2026-08-14T06:31:25Z,2026-08-14 08:31,0,,0,
2026-08-14T06:36:30Z,2026-08-14 08:36,0,,0,
2026-08-14T06:41:36Z,2026-08-14 08:41,0,,0,
2026-08-14T06:46:42Z,2026-08-14 08:46,0,,0,
2026-08-14T06:51:48Z,2026-08-14 08:51,0,,0,
2026-08-14T06:56:54Z,2026-08-14 08:56,0,,0,
2026-08-14T07:01:59Z,2026-08-14 09:01,0,,0,
2026-08-14T07:07:05Z,2026-08-14 09:07,0,,0,
2026-08-14T07:07:17Z,2026-08-14 09:07,0,,0,
2026-08-14T07:12:22Z,2026-08-14 09:12,0,,0,
2026-08-14T07:17:28Z,2026-08-14 09:17,0,,0,
2026-08-14T07:22:34Z,2026-08-14 09:22,0,,0,
2026-08-14T07:27:39Z,2026-08-14 09:27,0,,10,1.0
2026-08-14T07:32:45Z,2026-08-14 09:32,0,,10,1.0
2026-08-14T07:37:50Z,2026-08-14 09:37,0,,10,1.0
2026-08-14T07:42:56Z,2026-08-14 09:42,0,,10,1.0
2026-08-14T07:48:01Z,2026-08-14 09:48,0,,10,1.0
2026-08-14T07:53:07Z,2026-08-14 09:53,0,,20,2.0
2026-08-14T07:58:13Z,2026-08-14 09:58,0,,20,2.0
2026-08-14T08:03:19Z,2026-08-14 10:03,0,,20,2.0
2026-08-14T08:08:24Z,2026-08-14 10:08,0,,20,2.0
2026-08-14T08:13:30Z,2026-08-14 10:13,0,,20,2.0
2026-08-14T08:18:35Z,2026-08-14 10:18,0,,20,2.0
2026-08-14T08:23:41Z,2026-08-14 10:23,0,,30,3.0
2026-08-14T08:28:47Z,2026-08-14 10:28,0,,30,3.0
2026-08-14T08:33:53Z,2026-08-14 10:33,0,,30,3.0
2026-08-14T08:38:59Z,2026-08-14 10:38,0,,40,4.0
2026-08-14T08:44:07Z,2026-08-14 10:44,0,,40,4.0
2026-08-14T08:49:13Z,2026-08-14 10:49,0,,40,4.0
2026-08-14T08:54:19Z,2026-08-14 10:54,0,,40,4.0
2026-08-14T08:59:24Z,2026-08-14 10:59,0,,40,4.0
2026-08-14T09:04:30Z,2026-08-14 11:04,0,,40,4.0
2026-08-14T09:09:38Z,2026-08-14 11:09,0,,40,4.0
2026-08-14T09:14:44Z,2026-08-14 11:14,0,,40,4.0
2026-08-14T09:19:50Z,2026-08-14 11:19,0,,40,4.0
2026-08-14T09:24:55Z,2026-08-14 11:24,0,,40,4.0
2026-08-14T09:30:01Z,2026-08-14 11:30,0,,40,4.0
2026-08-14T09:35:15Z,2026-08-14 11:35,0,,40,4.0
2026-08-14T09:40:22Z,2026-08-14 11:40,0,,40,4.0
2026-08-14T09:45:28Z,2026-08-14 11:45,0,,40,4.0
2026-08-14T09:50:34Z,2026-08-14 11:50,0,,40,4.0
2026-08-14T09:55:39Z,2026-08-14 11:55,0,,50,5.0
2026-08-14T09:55:54Z,2026-08-14 11:55,0,,50,5.0
2026-08-14T10:01:00Z,2026-08-14 12:01,0,,50,5.0
2026-08-14T10:06:09Z,2026-08-14 12:06,0,,50,5.0
2026-08-14T10:11:18Z,2026-08-14 12:11,0,,50,5.0
2026-08-14T10:16:24Z,2026-08-14 12:16,0,,50,5.0
2026-08-14T10:21:31Z,2026-08-14 12:21,0,,40,4.0
2026-08-14T10:26:38Z,2026-08-14 12:26,0,,40,4.0
2026-08-14T10:36:51Z,2026-08-14 12:36,0,,40,4.0
2026-08-14T10:41:57Z,2026-08-14 12:41,0,,40,4.0
2026-08-14T10:47:04Z,2026-08-14 12:47,0,,40,4.0
2026-08-14T10:52:11Z,2026-08-14 12:52,0,,40,4.0
2026-08-14T10:57:19Z,2026-08-14 12:57,0,,40,4.0
2026-08-14T11:02:25Z,2026-08-14 13:02,0,,40,4.0
2026-08-14T11:07:32Z,2026-08-14 13:07,0,,40,4.0
2026-08-14T11:12:39Z,2026-08-14 13:12,0,,40,4.0
2026-08-14T11:17:46Z,2026-08-14 13:17,0,,40,4.0
2026-08-14T11:22:52Z,2026-08-14 13:22,0,,40,4.0
2026-08-14T11:27:58Z,2026-08-14 13:27,0,,40,4.0
2026-08-14T11:33:06Z,2026-08-14 13:33,0,,40,4.0
2026-08-14T11:38:13Z,2026-08-14 13:38,0,,40,4.0
2026-08-14T11:43:20Z,2026-08-14 13:43,0,,40,4.0
2026-08-14T11:48:28Z,2026-08-14 13:48,0,,40,4.0
2026-08-14T11:53:35Z,2026-08-14 13:53,0,,40,4.0
2026-08-14T11:58:41Z,2026-08-14 13:58,0,,40,4.0
2026-08-14T12:03:48Z,2026-08-14 14:03,0,,40,4.0
2026-08-14T12:08:54Z,2026-08-14 14:08,0,,40,4.0
2026-08-14T12:14:01Z,2026-08-14 14:14,0,,40,4.0
2026-08-14T12:19:07Z,2026-08-14 14:19,0,,40,4.0
2026-08-14T12:24:14Z,2026-08-14 14:24,0,,40,4.0
2026-08-14T12:29:21Z,2026-08-14 14:29,0,,40,4.0
2026-08-14T12:34:27Z,2026-08-14 14:34,0,,40,4.0
2026-08-14T12:39:34Z,2026-08-14 14:39,0,,40,4.0
2026-08-14T12:44:41Z,2026-08-14 14:44,0,,40,4.0
2026-08-14T12:44:56Z,2026-08-14 14:44,0,,40,4.0
2026-08-14T12:50:03Z,2026-08-14 14:50,0,,40,4.0
2026-08-14T12:55:12Z,2026-08-14 14:55,0,,40,4.0
2026-08-14T13:00:24Z,2026-08-14 15:00,0,,40,4.0
2026-08-14T13:05:32Z,2026-08-14 15:05,0,,40,4.0
2026-08-14T13:10:39Z,2026-08-14 15:10,0,,40,4.0
2026-08-14T13:15:46Z,2026-08-14 15:15,0,,40,4.0
2026-08-14T13:20:52Z,2026-08-14 15:20,0,,40,4.0
2026-08-14T13:26:00Z,2026-08-14 15:26,0,,40,4.0
2026-08-14T13:31:06Z,2026-08-14 15:31,0,,40,4.0
2026-08-14T13:36:13Z,2026-08-14 15:36,0,,40,4.0
2026-08-14T13:41:19Z,2026-08-14 15:41,0,,40,4.0
2026-08-14T13:46:25Z,2026-08-14 15:46,0,,40,4.0
2026-08-14T13:51:32Z,2026-08-14 15:51,0,,40,4.0
2026-08-14T13:56:39Z,2026-08-14 15:56,0,,40,4.0
2026-08-14T14:01:45Z,2026-08-14 16:01,0,,40,4.0
2026-08-14T14:06:52Z,2026-08-14 16:06,0,,50,5.0
2026-08-14T14:11:59Z,2026-08-14 16:11,0,,50,5.0
2026-08-14T14:17:06Z,2026-08-14 16:17,0,,50,5.0
2026-08-14T14:22:13Z,2026-08-14 16:22,0,,50,5.0
2026-08-14T14:27:20Z,2026-08-14 16:27,0,,50,5.0
2026-08-14T14:32:27Z,2026-08-14 16:32,0,,50,5.0
2026-08-14T14:37:33Z,2026-08-14 16:37,0,,50,5.0
2026-08-14T14:42:40Z,2026-08-14 16:42,0,,50,5.0
2026-08-14T14:47:47Z,2026-08-14 16:47,0,,50,5.0
2026-08-14T14:52:53Z,2026-08-14 16:52,0,,50,5.0
2026-08-14T14:58:00Z,2026-08-14 16:58,0,,50,5.0
2026-08-14T15:03:07Z,2026-08-14 17:03,0,,50,5.0
2026-08-14T15:08:17Z,2026-08-14 17:08,0,,40,4.0
2026-08-14T15:13:23Z,2026-08-14 17:13,0,,40,4.0
2026-08-14T15:18:30Z,2026-08-14 17:18,0,,40,4.0
2026-08-14T15:23:37Z,2026-08-14 17:23,20,2.0,40,4.0
2026-08-14T15:28:46Z,2026-08-14 17:28,20,2.0,40,4.0
2026-08-14T15:33:53Z,2026-08-14 17:33,20,2.0,40,4.0
2026-08-14T15:34:11Z,2026-08-14 17:34,20,2.0,40,4.0
2026-08-14T15:39:18Z,2026-08-14 17:39,20,2.0,40,4.0
2026-08-14T15:44:25Z,2026-08-14 17:44,20,2.0,40,4.0
2026-08-14T15:49:33Z,2026-08-14 17:49,20,2.0,40,4.0
2026-08-14T15:54:39Z,2026-08-14 17:54,20,2.0,40,4.0
2026-08-14T15:59:46Z,2026-08-14 17:59,20,2.0,40,4.0
2026-08-14T16:04:52Z,2026-08-14 18:04,20,2.0,30,3.0
2026-08-14T16:09:59Z,2026-08-14 18:09,20,2.0,30,3.0
2026-08-14T16:15:12Z,2026-08-14 18:15,20,2.0,30,3.0
2026-08-14T16:20:19Z,2026-08-14 18:20,20,2.0,30,3.0
2026-08-14T16:25:27Z,2026-08-14 18:25,20,2.0,30,3.0
2026-08-14T16:30:35Z,2026-08-14 18:30,20,2.0,30,3.0
2026-08-14T16:35:42Z,2026-08-14 18:35,20,2.0,30,3.0
2026-08-14T16:40:48Z,2026-08-14 18:40,20,2.0,30,3.0
2026-08-14T16:45:55Z,2026-08-14 18:45,20,2.0,30,3.0
2026-08-14T16:51:02Z,2026-08-14 18:51,20,2.0,30,3.0
2026-08-14T16:56:11Z,2026-08-14 18:56,20,2.0,30,3.0
2026-08-14T17:01:18Z,2026-08-14 19:01,20,2.0,30,3.0
2026-08-14T17:06:27Z,2026-08-14 19:06,20,2.0,20,2.0
2026-08-14T17:11:34Z,2026-08-14 19:11,20,2.0,20,2.0
2026-08-14T17:16:40Z,2026-08-14 19:16,20,2.0,20,2.0
2026-08-14T17:21:47Z,2026-08-14 19:21,20,2.0,20,2.0
2026-08-14T17:32:00Z,2026-08-14 19:32,20,2.0,20,2.0
2026-08-14T17:37:07Z,2026-08-14 19:37,10,1.0,20,2.0
2026-08-14T17:42:13Z,2026-08-14 19:42,10,1.0,20,2.0
2026-08-14T17:47:20Z,2026-08-14 19:47,10,1.0,20,2.0
2026-08-14T17:52:27Z,2026-08-14 19:52,10,1.0,20,2.0
2026-08-14T17:57:33Z,2026-08-14 19:57,10,1.0,10,1.0
2026-08-14T18:02:40Z,2026-08-14 20:02,10,1.0,10,1.0
2026-08-14T18:07:46Z,2026-08-14 20:07,20,2.0,10,1.0
2026-08-14T18:12:53Z,2026-08-14 20:12,20,2.0,10,1.0
2026-08-14T18:18:00Z,2026-08-14 20:18,20,2.0,10,1.0
2026-08-14T18:23:06Z,2026-08-14 20:23,20,2.0,10,1.0
2026-08-14T18:23:19Z,2026-08-14 20:23,20,2.0,10,1.0
2026-08-14T18:28:25Z,2026-08-14 20:28,20,2.0,10,1.0
2026-08-14T18:33:30Z,2026-08-14 20:33,20,2.0,10,1.0
2026-08-14T18:38:36Z,2026-08-14 20:38,20,2.0,10,1.0
2026-08-14T18:43:41Z,2026-08-14 20:43,20,2.0,0,
2026-08-14T18:48:47Z,2026-08-14 20:48,20,2.0,0,
2026-08-14T18:53:52Z,2026-08-14 20:53,20,2.0,0,
2026-08-14T18:58:57Z,2026-08-14 20:58,20,2.0,0,
2026-08-14T19:04:04Z,2026-08-14 21:04,20,2.0,0,
2026-08-14T19:09:10Z,2026-08-14 21:09,20,2.0,0,
2026-08-14T19:14:16Z,2026-08-14 21:14,20,2.0,0,
2026-08-14T19:19:21Z,2026-08-14 21:19,20,2.0,0,
2026-08-14T19:24:26Z,2026-08-14 21:24,20,2.0,0,
2026-08-14T19:29:32Z,2026-08-14 21:29,10,1.0,0,
2026-08-14T19:34:37Z,2026-08-14 21:34,10,1.0,0,
2026-08-14T19:39:42Z,2026-08-14 21:39,10,1.0,0,
2026-08-14T19:44:48Z,2026-08-14 21:44,10,1.0,0,
2026-08-14T19:49:54Z,2026-08-14 21:49,10,1.0,0,
2026-08-14T19:54:59Z,2026-08-14 21:54,10,1.0,0,
2026-08-14T20:00:11Z,2026-08-14 22:00,10,1.0,0,
2026-08-14T20:05:16Z,2026-08-14 22:05,10,1.0,0,
2026-08-14T20:10:22Z,2026-08-14 22:10,0,,0,
2026-08-14T20:15:27Z,2026-08-14 22:15,0,,0,
2026-08-14T20:20:33Z,2026-08-14 22:20,0,,0,
2026-08-14T20:25:38Z,2026-08-14 22:25,0,,0,
2026-08-14T20:30:44Z,2026-08-14 22:30,0,,0,
2026-08-14T20:35:52Z,2026-08-14 22:35,0,,0,
2026-08-14T20:40:57Z,2026-08-14 22:40,0,,0,
2026-08-14T20:46:03Z,2026-08-14 22:46,0,,0,
2026-08-14T20:51:09Z,2026-08-14 22:51,0,,0,
2026-08-14T20:56:15Z,2026-08-14 22:56,0,,0,
2026-08-14T21:01:23Z,2026-08-14 23:01,0,,0,
2026-08-14T21:06:28Z,2026-08-14 23:06,0,,0,
2026-08-14T21:11:34Z,2026-08-14 23:11,0,,0,
2026-08-14T21:11:45Z,2026-08-14 23:11,0,,0,
2026-08-14T21:16:52Z,2026-08-14 23:16,0,,0,
2026-08-14T21:21:58Z,2026-08-14 23:21,0,,0,
2026-08-14T21:27:03Z,2026-08-14 23:27,0,,0,
2026-08-14T21:32:09Z,2026-08-14 23:32,0,,0,
2026-08-14T21:37:15Z,2026-08-14 23:37,0,,0,
2026-08-14T21:42:21Z,2026-08-14 23:42,0,,0,
2026-08-14T21:47:28Z,2026-08-14 23:47,0,,0,
2026-08-14T21:52:33Z,2026-08-14 23:52,0,,0,
2026-08-14T21:57:38Z,2026-08-14 23:57,0,,0,
2026-08-14T22:02:43Z,2026-08-15 00:02,0,,0,
2026-08-14T22:07:49Z,2026-08-15 00:07,0,,0,
2026-08-14T22:12:55Z,2026-08-15 00:12,0,,0,
2026-08-14T22:18:00Z,2026-08-15 00:18,0,,0,
2026-08-14T22:23:06Z,2026-08-15 00:23,0,,0,
2026-08-14T22:28:15Z,2026-08-15 00:28,0,,0,
2026-08-14T22:33:21Z,2026-08-15 00:33,0,,0,
2026-08-14T22:38:28Z,2026-08-15 00:38,0,,0,
2026-08-14T22:43:34Z,2026-08-15 00:43,0,,0,
2026-08-14T22:48:39Z,2026-08-15 00:48,0,,0,
2026-08-14T22:53:44Z,2026-08-15 00:53,0,,0,
2026-08-14T22:58:48Z,2026-08-15 00:58,0,,0,
2026-08-14T23:03:52Z,2026-08-15 01:03,0,,0,
2026-08-14T23:08:56Z,2026-08-15 01:08,0,,0,
2026-08-14T23:14:01Z,2026-08-15 01:14,0,,0,
2026-08-14T23:19:07Z,2026-08-15 01:19,0,,0,
2026-08-14T23:24:13Z,2026-08-15 01:24,0,,0,
2026-08-14T23:29:18Z,2026-08-15 01:29,0,,0,
2026-08-14T23:34:23Z,2026-08-15 01:34,0,,0,
2026-08-14T23:39:28Z,2026-08-15 01:39,0,,0,
2026-08-14T23:44:34Z,2026-08-15 01:44,0,,0,
2026-08-14T23:49:39Z,2026-08-15 01:49,0,,0,
2026-08-14T23:54:44Z,2026-08-15 01:54,0,,0,
2026-08-14T23:59:49Z,2026-08-15 01:59,0,,0,
2026-08-15T00:00:05Z,2026-08-15 02:00,0,,0,
2026-08-15T00:05:11Z,2026-08-15 02:05,0,,0,
2026-08-15T00:10:18Z,2026-08-15 02:10,0,,0,
2026-08-15T00:15:25Z,2026-08-15 02:15,0,,0,
2026-08-15T00:20:31Z,2026-08-15 02:20,0,,0,
2026-08-15T00:25:38Z,2026-08-15 02:25,0,,0,
2026-08-15T00:30:44Z,2026-08-15 02:30,0,,0,
2026-08-15T00:35:51Z,2026-08-15 02:35,0,,0,
2026-08-15T00:40:57Z,2026-08-15 02:40,0,,0,
2026-08-15T00:46:03Z,2026-08-15 02:46,0,,0,
2026-08-15T00:51:09Z,2026-08-15 02:51,0,,0,
2026-08-15T00:56:16Z,2026-08-15 02:56,0,,0,
2026-08-15T01:01:22Z,2026-08-15 03:01,0,,0,
2026-08-15T01:06:29Z,2026-08-15 03:06,0,,0,
2026-08-15T01:11:35Z,2026-08-15 03:11,0,,0,
2026-08-15T01:16:42Z,2026-08-15 03:16,0,,0,
2026-08-15T01:21:48Z,2026-08-15 03:21,0,,0,
2026-08-15T01:26:54Z,2026-08-15 03:26,0,,0,
2026-08-15T01:32:00Z,2026-08-15 03:32,0,,0,
2026-08-15T01:37:06Z,2026-08-15 03:37,0,,0,
2026-08-15T01:42:13Z,2026-08-15 03:42,0,,0,
2026-08-15T01:47:20Z,2026-08-15 03:47,0,,0,
2026-08-15T01:52:28Z,2026-08-15 03:52,0,,0,
2026-08-15T01:57:34Z,2026-08-15 03:57,0,,0,
2026-08-15T02:02:41Z,2026-08-15 04:02,0,,0,
2026-08-15T02:07:48Z,2026-08-15 04:07,0,,0,
2026-08-15T02:12:54Z,2026-08-15 04:12,0,,0,
2026-08-15T02:18:01Z,2026-08-15 04:18,0,,0,
2026-08-15T02:23:09Z,2026-08-15 04:23,0,,0,
2026-08-15T02:28:16Z,2026-08-15 04:28,0,,0,
2026-08-15T02:33:21Z,2026-08-15 04:33,0,,0,
2026-08-15T02:38:28Z,2026-08-15 04:38,0,,0,
2026-08-15T02:43:34Z,2026-08-15 04:43,0,,0,
2026-08-15T02:48:40Z,2026-08-15 04:48,0,,0,
2026-08-15T02:48:56Z,2026-08-15 04:48,0,,0,
2026-08-15T02:54:04Z,2026-08-15 04:54,0,,0,
2026-08-15T02:59:10Z,2026-08-15 04:59,0,,0,
2026-08-15T03:04:17Z,2026-08-15 05:04,0,,0,
2026-08-15T03:09:24Z,2026-08-15 05:09,0,,0,
2026-08-15T03:14:30Z,2026-08-15 05:14,0,,0,
2026-08-15T03:19:38Z,2026-08-15 05:19,0,,0,
2026-08-15T03:24:45Z,2026-08-15 05:24,0,,0,
2026-08-15T03:29:53Z,2026-08-15 05:29,0,,0,
2026-08-15T03:35:00Z,2026-08-15 05:35,0,,0,
2026-08-15T03:40:15Z,2026-08-15 05:40,0,,0,
2026-08-15T03:45:21Z,2026-08-15 05:45,0,,0,
2026-08-15T03:50:30Z,2026-08-15 05:50,0,,0,
2026-08-15T03:55:36Z,2026-08-15 05:55,0,,0,
2026-08-15T04:00:44Z,2026-08-15 06:00,0,,0,
2026-08-15T04:05:51Z,2026-08-15 06:05,0,,0,
2026-08-15T04:10:57Z,2026-08-15 06:10,0,,0,
2026-08-15T04:16:06Z,2026-08-15 06:16,0,,0,
2026-08-15T04:21:12Z,2026-08-15 06:21,0,,0,
2026-08-15T04:26:20Z,2026-08-15 06:26,0,,0,
2026-08-15T04:31:26Z,2026-08-15 06:31,0,,0,
2026-08-15T04:36:33Z,2026-08-15 06:36,0,,0,
2026-08-15T04:41:39Z,2026-08-15 06:41,0,,0,
2026-08-15T04:46:46Z,2026-08-15 06:46,0,,0,
2026-08-15T04:51:53Z,2026-08-15 06:51,0,,0,
2026-08-15T04:56:59Z,2026-08-15 06:56,0,,0,
2026-08-15T05:02:06Z,2026-08-15 07:02,0,,0,
2026-08-15T05:07:13Z,2026-08-15 07:07,0,,0,
2026-08-15T05:12:20Z,2026-08-15 07:12,0,,0,
2026-08-15T05:17:27Z,2026-08-15 07:17,0,,0,
2026-08-15T05:22:34Z,2026-08-15 07:22,0,,0,
2026-08-15T05:27:41Z,2026-08-15 07:27,0,,0,
2026-08-15T05:32:48Z,2026-08-15 07:32,0,,0,
2026-08-15T05:37:54Z,2026-08-15 07:37,0,,0,
2026-08-15T05:38:09Z,2026-08-15 07:38,0,,0,
2026-08-15T05:43:16Z,2026-08-15 07:43,10,1.0,0,
2026-08-15T05:48:24Z,2026-08-15 07:48,10,1.0,0,
2026-08-15T05:53:30Z,2026-08-15 07:53,10,1.0,0,
2026-08-15T05:58:37Z,2026-08-15 07:58,10,1.0,0,
2026-08-15T06:03:43Z,2026-08-15 08:03,10,1.0,0,
2026-08-15T06:08:49Z,2026-08-15 08:08,10,1.0,10,1.0
2026-08-15T06:13:55Z,2026-08-15 08:13,10,1.0,10,1.0
2026-08-15T06:19:02Z,2026-08-15 08:19,10,1.0,10,1.0
2026-08-15T06:24:09Z,2026-08-15 08:24,10,1.0,10,1.0
2026-08-15T06:29:16Z,2026-08-15 08:29,10,1.0,10,1.0
2026-08-15T06:34:22Z,2026-08-15 08:34,10,1.0,10,1.0
2026-08-15T06:39:29Z,2026-08-15 08:39,10,1.0,10,1.0
2026-08-15T06:44:35Z,2026-08-15 08:44,10,1.0,10,1.0
2026-08-15T06:49:41Z,2026-08-15 08:49,20,2.0,10,1.0
2026-08-15T06:54:47Z,2026-08-15 08:54,20,2.0,10,1.0
2026-08-15T06:59:54Z,2026-08-15 08:59,20,2.0,10,1.0
2026-08-15T07:05:00Z,2026-08-15 09:05,20,2.0,10,1.0
2026-08-15T07:10:11Z,2026-08-15 09:10,20,2.0,20,2.0
2026-08-15T07:15:19Z,2026-08-15 09:15,20,2.0,20,2.0
2026-08-15T07:20:25Z,2026-08-15 09:20,20,2.0,20,2.0
2026-08-15T07:25:33Z,2026-08-15 09:25,20,2.0,20,2.0
2026-08-15T07:30:39Z,2026-08-15 09:30,20,2.0,20,2.0
2026-08-15T07:35:45Z,2026-08-15 09:35,20,2.0,30,3.0
2026-08-15T07:40:51Z,2026-08-15 09:40,20,2.0,30,3.0
2026-08-15T07:45:58Z,2026-08-15 09:45,20,2.0,30,3.0
2026-08-15T07:51:05Z,2026-08-15 09:51,20,2.0,30,3.0
2026-08-15T07:56:11Z,2026-08-15 09:56,20,2.0,30,3.0
2026-08-15T08:01:17Z,2026-08-15 10:01,20,2.0,30,3.0
2026-08-15T08:06:26Z,2026-08-15 10:06,20,2.0,30,3.0
2026-08-15T08:11:33Z,2026-08-15 10:11,20,2.0,30,3.0
2026-08-15T08:16:39Z,2026-08-15 10:16,20,2.0,30,3.0
2026-08-15T08:21:45Z,2026-08-15 10:21,20,2.0,30,3.0
2026-08-15T08:26:51Z,2026-08-15 10:26,20,2.0,30,3.0
2026-08-15T08:27:06Z,2026-08-15 10:27,20,2.0,30,3.0
2026-08-15T08:32:13Z,2026-08-15 10:32,20,2.0,30,3.0
2026-08-15T08:37:19Z,2026-08-15 10:37,20,2.0,40,4.0
2026-08-15T08:42:27Z,2026-08-15 10:42,20,2.0,40,4.0
2026-08-15T08:47:34Z,2026-08-15 10:47,30,3.0,40,4.0
2026-08-15T08:52:40Z,2026-08-15 10:52,30,3.0,40,4.0
2026-08-15T08:57:47Z,2026-08-15 10:57,30,3.0,40,4.0
2026-08-15T09:02:54Z,2026-08-15 11:02,30,3.0,40,4.0
2026-08-15T09:08:00Z,2026-08-15 11:08,30,3.0,40,4.0
2026-08-15T09:13:07Z,2026-08-15 11:13,30,3.0,40,4.0
2026-08-15T09:18:13Z,2026-08-15 11:18,30,3.0,40,4.0
2026-08-15T09:23:19Z,2026-08-15 11:23,30,3.0,40,4.0
2026-08-15T09:28:26Z,2026-08-15 11:28,30,3.0,40,4.0
2026-08-15T09:33:32Z,2026-08-15 11:33,30,3.0,40,4.0
2026-08-15T09:38:38Z,2026-08-15 11:38,30,3.0,40,4.0
2026-08-15T09:43:45Z,2026-08-15 11:43,30,3.0,40,4.0
2026-08-15T09:48:51Z,2026-08-15 11:48,30,3.0,40,4.0
2026-08-15T09:53:57Z,2026-08-15 11:53,30,3.0,40,4.0
2026-08-15T09:59:03Z,2026-08-15 11:59,30,3.0,50,5.0
2026-08-15T10:04:10Z,2026-08-15 12:04,30,3.0,50,5.0
2026-08-15T10:09:16Z,2026-08-15 12:09,30,3.0,50,5.0
2026-08-15T10:14:23Z,2026-08-15 12:14,30,3.0,50,5.0
2026-08-15T10:19:28Z,2026-08-15 12:19,30,3.0,50,5.0
2026-08-15T10:24:35Z,2026-08-15 12:24,30,3.0,50,5.0
2026-08-15T10:29:41Z,2026-08-15 12:29,30,3.0,50,5.0
2026-08-15T10:34:47Z,2026-08-15 12:34,30,3.0,50,5.0
2026-08-15T10:39:54Z,2026-08-15 12:39,30,3.0,50,5.0
2026-08-15T10:45:01Z,2026-08-15 12:45,30,3.0,50,5.0
2026-08-15T10:50:16Z,2026-08-15 12:50,30,3.0,55,6.0
2026-08-15T10:55:23Z,2026-08-15 12:55,30,3.0,55,6.0
2026-08-15T11:00:38Z,2026-08-15 13:00,30,3.0,55,6.0
2026-08-15T11:05:45Z,2026-08-15 13:05,30,3.0,55,6.0
2026-08-15T11:10:51Z,2026-08-15 13:10,30,3.0,55,6.0
2026-08-15T11:15:58Z,2026-08-15 13:15,30,3.0,55,6.0
2026-08-15T11:16:13Z,2026-08-15 13:16,30,3.0,55,6.0
2026-08-15T11:21:19Z,2026-08-15 13:21,30,3.0,55,6.0
2026-08-15T11:26:25Z,2026-08-15 13:26,30,3.0,55,6.0
2026-08-15T11:31:31Z,2026-08-15 13:31,30,3.0,55,6.0
2026-08-15T11:36:37Z,2026-08-15 13:36,30,3.0,55,6.0
2026-08-15T11:41:43Z,2026-08-15 13:41,30,3.0,55,6.0
2026-08-15T11:46:49Z,2026-08-15 13:46,30,3.0,55,6.0
2026-08-15T11:51:54Z,2026-08-15 13:51,30,3.0,55,6.0
2026-08-15T11:57:01Z,2026-08-15 13:57,30,3.0,55,6.0
2026-08-15T12:02:08Z,2026-08-15 14:02,30,3.0,55,6.0
2026-08-15T12:07:16Z,2026-08-15 14:07,30,3.0,55,6.0
2026-08-15T12:12:22Z,2026-08-15 14:12,30,3.0,55,6.0
2026-08-15T12:17:27Z,2026-08-15 14:17,30,3.0,55,6.0
2026-08-15T12:22:33Z,2026-08-15 14:22,30,3.0,55,6.0
2026-08-15T12:27:39Z,2026-08-15 14:27,30,3.0,55,6.0
2026-08-15T12:32:45Z,2026-08-15 14:32,30,3.0,55,6.0
2026-08-15T12:37:51Z,2026-08-15 14:37,20,2.0,55,6.0
2026-08-15T12:42:57Z,2026-08-15 14:42,20,2.0,55,6.0
2026-08-15T12:48:03Z,2026-08-15 14:48,20,2.0,55,6.0
2026-08-15T12:53:09Z,2026-08-15 14:53,20,2.0,55,6.0
2026-08-15T12:58:16Z,2026-08-15 14:58,20,2.0,55,6.0
2026-08-15T13:08:30Z,2026-08-15 15:08,20,2.0,55,6.0
2026-08-15T13:13:37Z,2026-08-15 15:13,20,2.0,55,6.0
2026-08-15T13:18:44Z,2026-08-15 15:18,20,2.0,55,6.0
2026-08-15T13:23:50Z,2026-08-15 15:23,20,2.0,55,6.0
2026-08-15T13:28:55Z,2026-08-15 15:28,20,2.0,55,6.0
2026-08-15T13:34:01Z,2026-08-15 15:34,20,2.0,55,6.0
2026-08-15T13:39:06Z,2026-08-15 15:39,20,2.0,55,6.0
2026-08-15T13:44:12Z,2026-08-15 15:44,20,2.0,55,6.0
2026-08-15T13:49:19Z,2026-08-15 15:49,20,2.0,55,6.0
2026-08-15T13:54:25Z,2026-08-15 15:54,10,1.0,55,6.0
2026-08-15T13:59:32Z,2026-08-15 15:59,10,1.0,55,6.0
2026-08-15T14:04:37Z,2026-08-15 16:04,10,1.0,55,6.0
2026-08-15T14:04:51Z,2026-08-15 16:04,10,1.0,55,6.0
2026-08-15T14:09:56Z,2026-08-15 16:09,10,1.0,55,6.0
2026-08-15T14:15:02Z,2026-08-15 16:15,10,1.0,55,6.0
2026-08-15T14:20:14Z,2026-08-15 16:20,0,,55,6.0
2026-08-15T14:25:20Z,2026-08-15 16:25,0,,55,6.0
2026-08-15T14:30:27Z,2026-08-15 16:30,0,,55,6.0
2026-08-15T14:35:33Z,2026-08-15 16:35,0,,55,6.0
2026-08-15T14:40:40Z,2026-08-15 16:40,0,,55,6.0
2026-08-15T14:45:46Z,2026-08-15 16:45,0,,55,6.0
2026-08-15T14:50:51Z,2026-08-15 16:50,0,,55,6.0
2026-08-15T14:55:57Z,2026-08-15 16:55,0,,55,6.0
2026-08-15T15:01:02Z,2026-08-15 17:01,0,,55,6.0
2026-08-15T15:06:08Z,2026-08-15 17:06,0,,50,5.0
2026-08-15T15:11:16Z,2026-08-15 17:11,0,,50,5.0
2026-08-15T15:16:21Z,2026-08-15 17:16,0,,50,5.0
2026-08-15T15:21:27Z,2026-08-15 17:21,0,,50,5.0
2026-08-15T15:26:52Z,2026-08-15 17:26,0,,50,5.0
2026-08-15T15:31:57Z,2026-08-15 17:31,0,,50,5.0
2026-08-15T15:37:02Z,2026-08-15 17:37,0,,50,5.0
2026-08-15T15:42:09Z,2026-08-15 17:42,0,,50,5.0
2026-08-15T15:47:15Z,2026-08-15 17:47,0,,50,5.0
2026-08-15T15:52:21Z,2026-08-15 17:52,0,,50,5.0
2026-08-15T15:57:27Z,2026-08-15 17:57,0,,40,4.0
2026-08-15T16:02:32Z,2026-08-15 18:02,0,,40,4.0
2026-08-15T16:07:38Z,2026-08-15 18:07,0,,40,4.0
2026-08-15T16:12:44Z,2026-08-15 18:12,0,,40,4.0
2026-08-15T16:17:49Z,2026-08-15 18:17,0,,40,4.0
2026-08-15T16:22:54Z,2026-08-15 18:22,0,,40,4.0
2026-08-15T16:28:00Z,2026-08-15 18:28,0,,40,4.0
2026-08-15T16:33:06Z,2026-08-15 18:33,0,,40,4.0
2026-08-15T16:38:12Z,2026-08-15 18:38,0,,40,4.0
2026-08-15T16:43:17Z,2026-08-15 18:43,0,,40,4.0
2026-08-15T16:48:23Z,2026-08-15 18:48,0,,40,4.0
2026-08-15T16:53:29Z,2026-08-15 18:53,0,,40,4.0
2026-08-15T16:53:41Z,2026-08-15 18:53,0,,40,4.0
2026-08-15T16:58:46Z,2026-08-15 18:58,0,,40,4.0
2026-08-15T17:03:52Z,2026-08-15 19:03,0,,40,4.0
2026-08-15T17:08:57Z,2026-08-15 19:08,0,,40,4.0
2026-08-15T17:14:03Z,2026-08-15 19:14,0,,40,4.0
2026-08-15T17:19:08Z,2026-08-15 19:19,0,,30,3.0
2026-08-15T17:24:18Z,2026-08-15 19:24,0,,30,3.0
2026-08-15T17:29:24Z,2026-08-15 19:29,0,,30,3.0
2026-08-15T17:34:29Z,2026-08-15 19:34,0,,30,3.0
2026-08-15T17:39:34Z,2026-08-15 19:39,0,,30,3.0
2026-08-15T17:44:40Z,2026-08-15 19:44,0,,20,2.0
2026-08-15T17:49:45Z,2026-08-15 19:49,0,,20,2.0
2026-08-15T17:54:52Z,2026-08-15 19:54,0,,20,2.0
2026-08-15T17:59:57Z,2026-08-15 19:59,0,,20,2.0
2026-08-15T18:05:03Z,2026-08-15 20:05,0,,20,2.0
2026-08-15T18:10:18Z,2026-08-15 20:10,0,,20,2.0
2026-08-15T18:15:23Z,2026-08-15 20:15,0,,20,2.0
2026-08-15T18:20:30Z,2026-08-15 20:20,0,,20,2.0
2026-08-15T18:25:36Z,2026-08-15 20:25,0,,10,1.0
2026-08-15T18:30:42Z,2026-08-15 20:30,0,,10,1.0
2026-08-15T18:35:48Z,2026-08-15 20:35,0,,10,1.0
2026-08-15T18:40:54Z,2026-08-15 20:40,0,,10,1.0
2026-08-15T18:45:59Z,2026-08-15 20:45,0,,10,1.0
2026-08-15T18:51:05Z,2026-08-15 20:51,0,,10,1.0
2026-08-15T18:56:11Z,2026-08-15 20:56,0,,10,1.0
2026-08-15T19:01:16Z,2026-08-15 21:01,0,,10,1.0
2026-08-15T19:06:23Z,2026-08-15 21:06,0,,10,1.0
2026-08-15T19:11:29Z,2026-08-15 21:11,0,,10,1.0
2026-08-15T19:16:35Z,2026-08-15 21:16,0,,10,1.0
2026-08-15T19:21:40Z,2026-08-15 21:21,0,,10,1.0
2026-08-15T19:26:45Z,2026-08-15 21:26,0,,10,1.0
2026-08-15T19:31:51Z,2026-08-15 21:31,0,,10,1.0
2026-08-15T19:36:56Z,2026-08-15 21:36,0,,10,1.0
2026-08-15T19:42:02Z,2026-08-15 21:42,0,,10,1.0
2026-08-15T19:42:16Z,2026-08-15 21:42,0,,10,1.0
2026-08-15T19:47:22Z,2026-08-15 21:47,0,,10,1.0
2026-08-15T19:52:29Z,2026-08-15 21:52,0,,0,
2026-08-15T19:57:35Z,2026-08-15 21:57,0,,0,
2026-08-15T20:02:41Z,2026-08-15 22:02,0,,0,
2026-08-15T20:07:48Z,2026-08-15 22:07,0,,0,
2026-08-15T20:12:54Z,2026-08-15 22:12,0,,0,
2026-08-15T20:18:01Z,2026-08-15 22:18,0,,0,
2026-08-15T20:23:07Z,2026-08-15 22:23,0,,0,
2026-08-15T20:28:13Z,2026-08-15 22:28,0,,0,
2026-08-15T20:33:20Z,2026-08-15 22:33,0,,0,
2026-08-15T20:38:28Z,2026-08-15 22:38,0,,0,
2026-08-15T20:43:34Z,2026-08-15 22:43,0,,0,
2026-08-15T20:48:40Z,2026-08-15 22:48,0,,0,
2026-08-15T20:53:47Z,2026-08-15 22:53,0,,0,
2026-08-15T20:58:53Z,2026-08-15 22:58,0,,0,
2026-08-15T21:04:00Z,2026-08-15 23:04,0,,0,
2026-08-15T21:09:06Z,2026-08-15 23:09,0,,0,
2026-08-15T21:14:14Z,2026-08-15 23:14,0,,0,
2026-08-15T21:19:20Z,2026-08-15 23:19,0,,0,
2026-08-15T21:24:28Z,2026-08-15 23:24,0,,0,
2026-08-15T21:29:34Z,2026-08-15 23:29,0,,0,
2026-08-15T21:34:41Z,2026-08-15 23:34,0,,0,
2026-08-15T21:39:48Z,2026-08-15 23:39,0,,0,
2026-08-15T21:44:54Z,2026-08-15 23:44,0,,0,
2026-08-15T21:50:00Z,2026-08-15 23:50,0,,0,
2026-08-15T21:55:10Z,2026-08-15 23:55,0,,0,
2026-08-15T22:00:22Z,2026-08-16 00:00,0,,0,
2026-08-15T22:05:29Z,2026-08-16 00:05,0,,0,
2026-08-15T22:10:36Z,2026-08-16 00:10,0,,0,
2026-08-15T22:15:42Z,2026-08-16 00:15,0,,0,
2026-08-15T22:20:48Z,2026-08-16 00:20,0,,0,
2026-08-15T22:25:54Z,2026-08-16 00:25,0,,0,
2026-08-15T22:30:59Z,2026-08-16 00:30,0,,0,
2026-08-15T22:31:12Z,2026-08-16 00:31,0,,0,
2026-08-15T22:36:19Z,2026-08-16 00:36,0,,0,
2026-08-15T22:41:25Z,2026-08-16 00:41,0,,0,
2026-08-15T22:46:30Z,2026-08-16 00:46,0,,0,
2026-08-15T22:51:36Z,2026-08-16 00:51,0,,0,
2026-08-15T22:56:42Z,2026-08-16 00:56,0,,0,
2026-08-15T23:01:49Z,2026-08-16 01:01,0,,0,
2026-08-15T23:06:54Z,2026-08-16 01:06,0,,0,
2026-08-15T23:12:00Z,2026-08-16 01:12,0,,0,
2026-08-15T23:17:06Z,2026-08-16 01:17,0,,0,
2026-08-15T23:22:11Z,2026-08-16 01:22,0,,0,
2026-08-15T23:27:17Z,2026-08-16 01:27,0,,0,
2026-08-15T23:32:23Z,2026-08-16 01:32,0,,0,
2026-08-15T23:37:29Z,2026-08-16 01:37,0,,0,
2026-08-15T23:42:35Z,2026-08-16 01:42,0,,0,
2026-08-15T23:47:41Z,2026-08-16 01:47,0,,0,
2026-08-15T23:52:47Z,2026-08-16 01:52,0,,0,
2026-08-15T23:57:52Z,2026-08-16 01:57,0,,0,
2026-08-16T00:02:58Z,2026-08-16 02:02,0,,0,
2026-08-16T00:08:06Z,2026-08-16 02:08,0,,0,
2026-08-16T00:13:12Z,2026-08-16 02:13,0,,0,
2026-08-16T00:18:18Z,2026-08-16 02:18,0,,0,
2026-08-16T00:23:25Z,2026-08-16 02:23,0,,0,
2026-08-16T00:28:31Z,2026-08-16 02:28,0,,0,
2026-08-16T00:33:38Z,2026-08-16 02:33,0,,0,
2026-08-16T00:38:44Z,2026-08-16 02:38,0,,0,
2026-08-16T00:43:50Z,2026-08-16 02:43,0,,0,
2026-08-16T00:48:56Z,2026-08-16 02:48,0,,0,
2026-08-16T00:54:03Z,2026-08-16 02:54,0,,0,
2026-08-16T00:59:11Z,2026-08-16 02:59,0,,0,
2026-08-16T01:04:17Z,2026-08-16 03:04,0,,0,
2026-08-16T01:09:23Z,2026-08-16 03:09,0,,0,
2026-08-16T01:14:29Z,2026-08-16 03:14,0,,0,
2026-08-16T01:19:35Z,2026-08-16 03:19,0,,0,
2026-08-16T01:19:49Z,2026-08-16 03:19,0,,0,
2026-08-16T01:24:54Z,2026-08-16 03:24,0,,0,
2026-08-16T01:30:00Z,2026-08-16 03:30,0,,0,
2026-08-16T01:35:08Z,2026-08-16 03:35,0,,0,
2026-08-16T01:40:16Z,2026-08-16 03:40,0,,0,
2026-08-16T01:45:21Z,2026-08-16 03:45,0,,0,
2026-08-16T01:50:27Z,2026-08-16 03:50,0,,0,
2026-08-16T01:55:33Z,2026-08-16 03:55,0,,0,
2026-08-16T02:00:38Z,2026-08-16 04:00,0,,0,
2026-08-16T02:05:44Z,2026-08-16 04:05,0,,0,
2026-08-16T02:10:49Z,2026-08-16 04:10,0,,0,
2026-08-16T02:15:55Z,2026-08-16 04:15,0,,0,
2026-08-16T02:21:00Z,2026-08-16 04:21,0,,0,
2026-08-16T02:26:06Z,2026-08-16 04:26,0,,0,
2026-08-16T02:31:12Z,2026-08-16 04:31,0,,0,
2026-08-16T02:36:17Z,2026-08-16 04:36,0,,0,
2026-08-16T02:41:23Z,2026-08-16 04:41,0,,0,
2026-08-16T02:46:28Z,2026-08-16 04:46,0,,0,
2026-08-16T02:51:34Z,2026-08-16 04:51,0,,0,
2026-08-16T02:56:39Z,2026-08-16 04:56,0,,0,
2026-08-16T03:01:44Z,2026-08-16 05:01,0,,0,
2026-08-16T03:06:50Z,2026-08-16 05:06,0,,0,
2026-08-16T03:11:55Z,2026-08-16 05:11,0,,0,
2026-08-16T03:17:00Z,2026-08-16 05:17,0,,0,
2026-08-16T03:22:06Z,2026-08-16 05:22,0,,0,
2026-08-16T03:27:12Z,2026-08-16 05:27,0,,0,
2026-08-16T03:32:17Z,2026-08-16 05:32,0,,0,
2026-08-16T03:37:23Z,2026-08-16 05:37,0,,0,
2026-08-16T03:42:28Z,2026-08-16 05:42,0,,0,
2026-08-16T03:47:34Z,2026-08-16 05:47,0,,0,
2026-08-16T03:52:40Z,2026-08-16 05:52,0,,0,
2026-08-16T03:57:45Z,2026-08-16 05:57,0,,0,
2026-08-16T04:02:52Z,2026-08-16 06:02,0,,0,
2026-08-16T04:07:57Z,2026-08-16 06:07,0,,0,
2026-08-16T04:08:12Z,2026-08-16 06:08,0,,0,
2026-08-16T04:13:17Z,2026-08-16 06:13,0,,0,
2026-08-16T04:18:23Z,2026-08-16 06:18,0,,0,
2026-08-16T04:23:28Z,2026-08-16 06:23,0,,0,
2026-08-16T04:28:34Z,2026-08-16 06:28,0,,0,
2026-08-16T04:33:39Z,2026-08-16 06:33,0,,0,
2026-08-16T04:38:45Z,2026-08-16 06:38,0,,0,
2026-08-16T04:43:50Z,2026-08-16 06:43,0,,0,
2026-08-16T04:48:55Z,2026-08-16 06:48,0,,0,
2026-08-16T04:54:01Z,2026-08-16 06:54,0,,0,
2026-08-16T04:59:07Z,2026-08-16 06:59,0,,0,
2026-08-16T05:04:12Z,2026-08-16 07:04,0,,0,
2026-08-16T05:09:18Z,2026-08-16 07:09,0,,0,
2026-08-16T05:14:23Z,2026-08-16 07:14,0,,0,
2026-08-16T05:19:30Z,2026-08-16 07:19,0,,0,
2026-08-16T05:24:36Z,2026-08-16 07:24,0,,0,
2026-08-16T05:29:41Z,2026-08-16 07:29,0,,0,
2026-08-16T05:34:46Z,2026-08-16 07:34,0,,0,
2026-08-16T05:39:52Z,2026-08-16 07:39,0,,0,
2026-08-16T05:44:57Z,2026-08-16 07:44,0,,0,
2026-08-16T05:50:02Z,2026-08-16 07:50,0,,0,
2026-08-16T05:55:08Z,2026-08-16 07:55,0,,0,
2026-08-16T06:00:32Z,2026-08-16 08:00,0,,0,
2026-08-16T06:05:37Z,2026-08-16 08:05,0,,0,
2026-08-16T06:10:42Z,2026-08-16 08:10,0,,0,
2026-08-16T06:15:47Z,2026-08-16 08:15,0,,0,
2026-08-16T06:20:53Z,2026-08-16 08:20,0,,0,
2026-08-16T06:25:58Z,2026-08-16 08:25,0,,0,
2026-08-16T06:31:04Z,2026-08-16 08:31,0,,0,
2026-08-16T06:36:09Z,2026-08-16 08:36,0,,0,
2026-08-16T06:41:15Z,2026-08-16 08:41,0,,0,
2026-08-16T06:46:20Z,2026-08-16 08:46,0,,0,
2026-08-16T06:51:25Z,2026-08-16 08:51,0,,0,
2026-08-16T06:56:31Z,2026-08-16 08:56,0,,0,
2026-08-16T06:56:45Z,2026-08-16 08:56,0,,0,
2026-08-16T07:01:51Z,2026-08-16 09:01,0,,0,
2026-08-16T07:06:57Z,2026-08-16 09:06,0,,0,
2026-08-16T07:12:06Z,2026-08-16 09:12,0,,10,1.0
2026-08-16T07:22:20Z,2026-08-16 09:22,0,,10,1.0
2026-08-16T07:27:27Z,2026-08-16 09:27,0,,10,1.0
2026-08-16T07:32:33Z,2026-08-16 09:32,0,,10,1.0
2026-08-16T07:37:40Z,2026-08-16 09:37,0,,10,1.0
2026-08-16T07:42:46Z,2026-08-16 09:42,0,,10,1.0
2026-08-16T07:47:52Z,2026-08-16 09:47,0,,10,1.0
2026-08-16T07:52:58Z,2026-08-16 09:52,0,,10,1.0
2026-08-16T07:58:04Z,2026-08-16 09:58,0,,10,1.0
2026-08-16T08:03:11Z,2026-08-16 10:03,0,,10,1.0
2026-08-16T08:08:17Z,2026-08-16 10:08,0,,10,1.0
2026-08-16T08:13:23Z,2026-08-16 10:13,0,,10,1.0
2026-08-16T08:18:29Z,2026-08-16 10:18,0,,10,1.0
2026-08-16T08:23:35Z,2026-08-16 10:23,0,,10,1.0
2026-08-16T08:28:41Z,2026-08-16 10:28,0,,20,2.0
2026-08-16T08:33:48Z,2026-08-16 10:33,0,,30,3.0
2026-08-16T08:38:54Z,2026-08-16 10:38,0,,30,3.0
2026-08-16T08:44:00Z,2026-08-16 10:44,0,,30,3.0
2026-08-16T08:49:06Z,2026-08-16 10:49,0,,40,4.0
2026-08-16T08:54:12Z,2026-08-16 10:54,10,1.0,40,4.0
2026-08-16T08:59:19Z,2026-08-16 10:59,10,1.0,40,4.0
2026-08-16T09:04:25Z,2026-08-16 11:04,10,1.0,50,5.0
2026-08-16T09:09:31Z,2026-08-16 11:09,20,2.0,50,5.0
2026-08-16T09:14:37Z,2026-08-16 11:14,20,2.0,50,5.0
2026-08-16T09:19:43Z,2026-08-16 11:19,20,2.0,50,5.0
2026-08-16T09:24:49Z,2026-08-16 11:24,20,2.0,50,5.0
2026-08-16T09:29:55Z,2026-08-16 11:29,20,2.0,60,6.0
2026-08-16T09:35:02Z,2026-08-16 11:35,20,2.0,60,6.0
2026-08-16T09:40:18Z,2026-08-16 11:40,20,2.0,60,6.0
2026-08-16T09:45:25Z,2026-08-16 11:45,20,2.0,60,6.0
2026-08-16T09:45:38Z,2026-08-16 11:45,20,2.0,60,6.0
2026-08-16T09:50:43Z,2026-08-16 11:50,20,2.0,60,6.0
2026-08-16T09:55:48Z,2026-08-16 11:55,20,2.0,60,6.0
2026-08-16T10:00:55Z,2026-08-16 12:00,20,2.0,60,6.0
2026-08-16T10:06:02Z,2026-08-16 12:06,30,3.0,60,6.0
2026-08-16T10:11:07Z,2026-08-16 12:11,30,3.0,60,6.0
2026-08-16T10:16:12Z,2026-08-16 12:16,30,3.0,60,6.0
2026-08-16T10:21:18Z,2026-08-16 12:21,30,3.0,60,6.0
2026-08-16T10:26:23Z,2026-08-16 12:26,30,3.0,60,6.0
2026-08-16T10:31:28Z,2026-08-16 12:31,30,3.0,60,6.0
2026-08-16T10:36:33Z,2026-08-16 12:36,40,4.0,60,6.0
2026-08-16T10:41:38Z,2026-08-16 12:41,40,4.0,60,6.0
2026-08-16T10:46:43Z,2026-08-16 12:46,40,4.0,60,6.0
2026-08-16T10:51:48Z,2026-08-16 12:51,40,4.0,60,6.0
2026-08-16T10:56:53Z,2026-08-16 12:56,40,4.0,60,6.0
2026-08-16T11:01:58Z,2026-08-16 13:01,40,4.0,60,6.0
2026-08-16T11:07:03Z,2026-08-16 13:07,40,4.0,60,6.0
2026-08-16T11:12:09Z,2026-08-16 13:12,40,4.0,60,6.0
2026-08-16T11:17:14Z,2026-08-16 13:17,40,4.0,60,6.0
2026-08-16T11:22:19Z,2026-08-16 13:22,40,4.0,60,6.0
2026-08-16T11:27:24Z,2026-08-16 13:27,40,4.0,60,6.0
2026-08-16T11:32:30Z,2026-08-16 13:32,40,4.0,60,6.0
2026-08-16T11:37:35Z,2026-08-16 13:37,40,4.0,60,6.0
2026-08-16T11:42:40Z,2026-08-16 13:42,40,4.0,60,6.0
2026-08-16T11:47:45Z,2026-08-16 13:47,30,3.0,60,6.0
2026-08-16T11:52:50Z,2026-08-16 13:52,30,3.0,60,6.0
2026-08-16T11:57:55Z,2026-08-16 13:57,30,3.0,60,6.0
2026-08-16T12:03:00Z,2026-08-16 14:03,30,3.0,60,6.0
2026-08-16T12:08:06Z,2026-08-16 14:08,30,3.0,60,6.0
2026-08-16T12:13:11Z,2026-08-16 14:13,30,3.0,60,6.0
2026-08-16T12:18:17Z,2026-08-16 14:18,30,3.0,60,6.0
2026-08-16T12:23:22Z,2026-08-16 14:23,30,3.0,60,6.0
2026-08-16T12:28:27Z,2026-08-16 14:28,30,3.0,60,6.0
2026-08-16T12:33:32Z,2026-08-16 14:33,30,3.0,60,6.0
2026-08-16T12:33:44Z,2026-08-16 14:33,30,3.0,60,6.0
2026-08-16T12:38:49Z,2026-08-16 14:38,30,3.0,60,6.0
2026-08-16T12:43:54Z,2026-08-16 14:43,30,3.0,60,6.0
2026-08-16T12:48:59Z,2026-08-16 14:48,30,3.0,60,6.0
2026-08-16T12:54:06Z,2026-08-16 14:54,30,3.0,60,6.0
2026-08-16T12:59:11Z,2026-08-16 14:59,30,3.0,60,6.0
2026-08-16T13:04:18Z,2026-08-16 15:04,30,3.0,60,6.0
2026-08-16T13:09:23Z,2026-08-16 15:09,30,3.0,60,6.0
2026-08-16T13:14:28Z,2026-08-16 15:14,30,3.0,60,6.0
2026-08-16T13:19:33Z,2026-08-16 15:19,30,3.0,60,6.0
2026-08-16T13:24:38Z,2026-08-16 15:24,20,2.0,60,6.0
2026-08-16T13:29:43Z,2026-08-16 15:29,20,2.0,60,6.0
2026-08-16T13:34:48Z,2026-08-16 15:34,20,2.0,60,6.0
2026-08-16T13:39:53Z,2026-08-16 15:39,20,2.0,60,6.0
2026-08-16T13:44:58Z,2026-08-16 15:44,20,2.0,60,6.0
2026-08-16T13:50:06Z,2026-08-16 15:50,20,2.0,60,6.0
2026-08-16T13:55:12Z,2026-08-16 15:55,20,2.0,60,6.0
2026-08-16T14:00:23Z,2026-08-16 16:00,20,2.0,60,6.0
2026-08-16T14:05:29Z,2026-08-16 16:05,20,2.0,60,6.0
2026-08-16T14:10:34Z,2026-08-16 16:10,10,1.0,60,6.0
2026-08-16T14:15:39Z,2026-08-16 16:15,0,,60,6.0
2026-08-16T14:20:44Z,2026-08-16 16:20,0,,50,5.0
2026-08-16T14:25:49Z,2026-08-16 16:25,0,,50,5.0
2026-08-16T14:30:54Z,2026-08-16 16:30,0,,50,5.0
2026-08-16T14:36:00Z,2026-08-16 16:36,0,,50,5.0
2026-08-16T14:41:05Z,2026-08-16 16:41,0,,50,5.0
2026-08-16T14:46:11Z,2026-08-16 16:46,0,,50,5.0
2026-08-16T14:51:16Z,2026-08-16 16:51,0,,50,5.0
2026-08-16T15:01:26Z,2026-08-16 17:01,0,,40,4.0
2026-08-16T15:06:31Z,2026-08-16 17:06,0,,40,4.0
2026-08-16T15:11:36Z,2026-08-16 17:11,0,,40,4.0
2026-08-16T15:16:41Z,2026-08-16 17:16,0,,40,4.0
2026-08-16T15:21:46Z,2026-08-16 17:21,0,,40,4.0
2026-08-16T15:21:58Z,2026-08-16 17:21,0,,40,4.0
2026-08-16T15:27:04Z,2026-08-16 17:27,0,,40,4.0
2026-08-16T15:32:09Z,2026-08-16 17:32,0,,40,4.0
2026-08-16T15:37:15Z,2026-08-16 17:37,0,,30,3.0
2026-08-16T15:42:21Z,2026-08-16 17:42,0,,30,3.0
2026-08-16T15:47:27Z,2026-08-16 17:47,0,,30,3.0
2026-08-16T15:52:32Z,2026-08-16 17:52,0,,30,3.0
2026-08-16T15:57:38Z,2026-08-16 17:57,0,,30,3.0
2026-08-16T16:02:43Z,2026-08-16 18:02,0,,30,3.0
2026-08-16T16:07:48Z,2026-08-16 18:07,0,,30,3.0
2026-08-16T16:12:53Z,2026-08-16 18:12,0,,30,3.0
2026-08-16T16:17:59Z,2026-08-16 18:17,0,,30,3.0
2026-08-16T16:23:04Z,2026-08-16 18:23,0,,30,3.0
2026-08-16T16:28:10Z,2026-08-16 18:28,0,,30,3.0
2026-08-16T16:33:16Z,2026-08-16 18:33,0,,30,3.0
2026-08-16T16:38:21Z,2026-08-16 18:38,0,,30,3.0
2026-08-16T16:43:26Z,2026-08-16 18:43,0,,30,3.0
2026-08-16T16:48:35Z,2026-08-16 18:48,0,,30,3.0
2026-08-16T16:53:41Z,2026-08-16 18:53,0,,30,3.0
2026-08-16T16:58:46Z,2026-08-16 18:58,0,,30,3.0
2026-08-16T17:03:52Z,2026-08-16 19:03,0,,30,3.0
2026-08-16T17:08:57Z,2026-08-16 19:08,0,,30,3.0
2026-08-16T17:14:02Z,2026-08-16 19:14,0,,30,3.0
2026-08-16T17:19:07Z,2026-08-16 19:19,0,,30,3.0
2026-08-16T17:24:13Z,2026-08-16 19:24,0,,30,3.0
2026-08-16T17:29:18Z,2026-08-16 19:29,0,,30,3.0
2026-08-16T17:34:24Z,2026-08-16 19:34,0,,30,3.0
2026-08-16T17:39:29Z,2026-08-16 19:39,0,,30,3.0
2026-08-16T17:44:34Z,2026-08-16 19:44,0,,30,3.0
2026-08-16T17:49:39Z,2026-08-16 19:49,0,,30,3.0
2026-08-16T17:54:45Z,2026-08-16 19:54,0,,30,3.0
2026-08-16T17:59:50Z,2026-08-16 19:59,0,,30,3.0
2026-08-16T18:04:56Z,2026-08-16 20:04,0,,30,3.0
2026-08-16T18:10:01Z,2026-08-16 20:10,0,,30,3.0
2026-08-16T18:10:17Z,2026-08-16 20:10,0,,30,3.0
2026-08-16T18:15:25Z,2026-08-16 20:15,0,,30,3.0
2026-08-16T18:20:31Z,2026-08-16 20:20,0,,30,3.0
2026-08-16T18:25:37Z,2026-08-16 20:25,0,,30,3.0
2026-08-16T18:30:44Z,2026-08-16 20:30,0,,30,3.0
2026-08-16T18:35:50Z,2026-08-16 20:35,0,,30,3.0
2026-08-16T18:40:56Z,2026-08-16 20:40,0,,30,3.0
2026-08-16T18:46:02Z,2026-08-16 20:46,0,,30,3.0
2026-08-16T18:51:08Z,2026-08-16 20:51,0,,20,2.0
2026-08-16T18:56:14Z,2026-08-16 20:56,0,,20,2.0
2026-08-16T19:01:20Z,2026-08-16 21:01,0,,20,2.0
2026-08-16T19:06:27Z,2026-08-16 21:06,0,,20,2.0
2026-08-16T19:11:33Z,2026-08-16 21:11,0,,20,2.0
2026-08-16T19:16:39Z,2026-08-16 21:16,0,,20,2.0
2026-08-16T19:21:45Z,2026-08-16 21:21,0,,20,2.0
2026-08-16T19:26:55Z,2026-08-16 21:26,0,,20,2.0
2026-08-16T19:32:01Z,2026-08-16 21:32,0,,10,1.0
2026-08-16T19:37:07Z,2026-08-16 21:37,0,,10,1.0
2026-08-16T19:42:13Z,2026-08-16 21:42,0,,0,
2026-08-16T19:47:20Z,2026-08-16 21:47,0,,0,
2026-08-16T19:52:28Z,2026-08-16 21:52,0,,0,
2026-08-16T19:57:34Z,2026-08-16 21:57,0,,0,
2026-08-16T20:02:40Z,2026-08-16 22:02,0,,0,
2026-08-16T20:07:46Z,2026-08-16 22:07,0,,0,
2026-08-16T20:12:52Z,2026-08-16 22:12,0,,0,
2026-08-16T20:17:58Z,2026-08-16 22:17,0,,0,
2026-08-16T20:23:04Z,2026-08-16 22:23,0,,0,
2026-08-16T20:28:11Z,2026-08-16 22:28,0,,0,
2026-08-16T20:33:18Z,2026-08-16 22:33,0,,0,
2026-08-16T20:38:24Z,2026-08-16 22:38,0,,0,
2026-08-16T20:43:30Z,2026-08-16 22:43,0,,0,
2026-08-16T20:48:37Z,2026-08-16 22:48,0,,0,
2026-08-16T20:53:42Z,2026-08-16 22:53,0,,0,
2026-08-16T20:58:49Z,2026-08-16 22:58,0,,0,
2026-08-16T20:59:01Z,2026-08-16 22:59,0,,0,
2026-08-16T21:04:09Z,2026-08-16 23:04,0,,0,
2026-08-16T21:09:15Z,2026-08-16 23:09,0,,0,
2026-08-16T21:14:20Z,2026-08-16 23:14,0,,0,
2026-08-16T21:19:25Z,2026-08-16 23:19,0,,0,
2026-08-16T21:24:30Z,2026-08-16 23:24,0,,0,
2026-08-16T21:29:35Z,2026-08-16 23:29,0,,0,
2026-08-16T21:34:40Z,2026-08-16 23:34,0,,0,
2026-08-16T21:39:45Z,2026-08-16 23:39,0,,0,
2026-08-16T21:44:51Z,2026-08-16 23:44,0,,0,
2026-08-16T21:49:57Z,2026-08-16 23:49,0,,0,
2026-08-16T21:55:02Z,2026-08-16 23:55,0,,0,
2026-08-16T22:00:16Z,2026-08-17 00:00,0,,0,
2026-08-16T22:05:21Z,2026-08-17 00:05,0,,0,
2026-08-16T22:10:27Z,2026-08-17 00:10,0,,0,
2026-08-16T22:15:33Z,2026-08-17 00:15,0,,0,
2026-08-16T22:20:39Z,2026-08-17 00:20,0,,0,
2026-08-16T22:25:43Z,2026-08-17 00:25,0,,0,
2026-08-16T22:30:47Z,2026-08-17 00:30,0,,0,
2026-08-16T22:35:52Z,2026-08-17 00:35,0,,0,
2026-08-16T22:40:57Z,2026-08-17 00:40,0,,0,
2026-08-16T22:46:03Z,2026-08-17 00:46,0,,0,
2026-08-16T22:51:08Z,2026-08-17 00:51,0,,0,
2026-08-16T22:56:15Z,2026-08-17 00:56,0,,0,
2026-08-16T23:01:21Z,2026-08-17 01:01,0,,0,
2026-08-16T23:06:25Z,2026-08-17 01:06,0,,0,
2026-08-16T23:11:31Z,2026-08-17 01:11,0,,0,
2026-08-16T23:16:36Z,2026-08-17 01:16,0,,0,
2026-08-16T23:21:41Z,2026-08-17 01:21,0,,0,
2026-08-16T23:26:46Z,2026-08-17 01:26,0,,0,
2026-08-16T23:31:51Z,2026-08-17 01:31,0,,0,
2026-08-16T23:36:56Z,2026-08-17 01:36,0,,0,
2026-08-16T23:42:02Z,2026-08-17 01:42,0,,0,
2026-08-16T23:47:07Z,2026-08-17 01:47,0,,0,
2026-08-16T23:47:22Z,2026-08-17 01:47,0,,0,
2026-08-16T23:52:28Z,2026-08-17 01:52,0,,0,
2026-08-16T23:57:34Z,2026-08-17 01:57,0,,0,
2026-08-17T00:02:41Z,2026-08-17 02:02,0,,0,
2026-08-17T00:07:47Z,2026-08-17 02:07,0,,0,
2026-08-17T00:12:53Z,2026-08-17 02:12,0,,0,
2026-08-17T00:17:59Z,2026-08-17 02:17,0,,0,
2026-08-17T00:23:05Z,2026-08-17 02:23,0,,0,
2026-08-17T00:28:12Z,2026-08-17 02:28,0,,0,
2026-08-17T00:33:18Z,2026-08-17 02:33,0,,0,
2026-08-17T00:38:24Z,2026-08-17 02:38,0,,0,
2026-08-17T00:43:30Z,2026-08-17 02:43,0,,0,
2026-08-17T00:48:36Z,2026-08-17 02:48,0,,0,
2026-08-17T00:53:42Z,2026-08-17 02:53,0,,0,
2026-08-17T00:58:48Z,2026-08-17 02:58,0,,0,
2026-08-17T01:03:55Z,2026-08-17 03:03,0,,0,
2026-08-17T01:09:01Z,2026-08-17 03:09,0,,0,
2026-08-17T01:14:09Z,2026-08-17 03:14,0,,0,
2026-08-17T01:19:16Z,2026-08-17 03:19,0,,0,
2026-08-17T01:24:22Z,2026-08-17 03:24,0,,0,
2026-08-17T01:29:29Z,2026-08-17 03:29,0,,0,
2026-08-17T01:34:35Z,2026-08-17 03:34,0,,0,
2026-08-17T01:39:41Z,2026-08-17 03:39,0,,0,
2026-08-17T01:44:47Z,2026-08-17 03:44,0,,0,
2026-08-17T01:49:53Z,2026-08-17 03:49,0,,0,
2026-08-17T01:54:59Z,2026-08-17 03:54,0,,0,
2026-08-17T02:00:12Z,2026-08-17 04:00,0,,0,
2026-08-17T02:05:18Z,2026-08-17 04:05,0,,0,
2026-08-17T02:10:25Z,2026-08-17 04:10,0,,0,
2026-08-17T02:15:30Z,2026-08-17 04:15,0,,0,
2026-08-17T02:20:36Z,2026-08-17 04:20,0,,0,
2026-08-17T02:25:42Z,2026-08-17 04:25,0,,0,
2026-08-17T02:30:49Z,2026-08-17 04:30,0,,0,
2026-08-17T02:35:54Z,2026-08-17 04:35,0,,0,
2026-08-17T02:36:09Z,2026-08-17 04:36,0,,0,
2026-08-17T02:41:16Z,2026-08-17 04:41,0,,0,
2026-08-17T02:46:22Z,2026-08-17 04:46,0,,0,
2026-08-17T02:51:29Z,2026-08-17 04:51,0,,0,
2026-08-17T02:56:35Z,2026-08-17 04:56,0,,0,
2026-08-17T03:01:42Z,2026-08-17 05:01,0,,0,
2026-08-17T03:06:48Z,2026-08-17 05:06,0,,0,
2026-08-17T03:11:55Z,2026-08-17 05:11,0,,0,
2026-08-17T03:17:01Z,2026-08-17 05:17,0,,0,
2026-08-17T03:22:09Z,2026-08-17 05:22,0,,0,
2026-08-17T03:27:16Z,2026-08-17 05:27,0,,0,
2026-08-17T03:32:22Z,2026-08-17 05:32,0,,0,
2026-08-17T03:37:28Z,2026-08-17 05:37,0,,0,
2026-08-17T03:42:35Z,2026-08-17 05:42,0,,0,
2026-08-17T03:47:40Z,2026-08-17 05:47,0,,0,
2026-08-17T03:52:47Z,2026-08-17 05:52,0,,0,
2026-08-17T03:57:53Z,2026-08-17 05:57,0,,0,
2026-08-17T04:02:59Z,2026-08-17 06:02,0,,0,
2026-08-17T04:08:06Z,2026-08-17 06:08,0,,0,
2026-08-17T04:13:13Z,2026-08-17 06:13,0,,0,
2026-08-17T04:18:19Z,2026-08-17 06:18,0,,0,
2026-08-17T04:23:25Z,2026-08-17 06:23,0,,0,
2026-08-17T04:28:31Z,2026-08-17 06:28,0,,0,
2026-08-17T04:33:38Z,2026-08-17 06:33,0,,0,
2026-08-17T04:38:44Z,2026-08-17 06:38,0,,0,
2026-08-17T04:43:50Z,2026-08-17 06:43,0,,0,
2026-08-17T04:48:56Z,2026-08-17 06:48,0,,0,
2026-08-17T04:54:02Z,2026-08-17 06:54,0,,0,
2026-08-17T04:59:10Z,2026-08-17 06:59,0,,0,
2026-08-17T05:04:16Z,2026-08-17 07:04,0,,0,
2026-08-17T05:09:24Z,2026-08-17 07:09,0,,0,
2026-08-17T05:14:30Z,2026-08-17 07:14,0,,0,
2026-08-17T05:19:36Z,2026-08-17 07:19,0,,0,
2026-08-17T05:24:43Z,2026-08-17 07:24,0,,0,
2026-08-17T05:24:56Z,2026-08-17 07:24,0,,0,
2026-08-17T05:30:03Z,2026-08-17 07:30,0,,0,
2026-08-17T05:35:13Z,2026-08-17 07:35,0,,0,
2026-08-17T05:40:19Z,2026-08-17 07:40,0,,0,
2026-08-17T05:45:27Z,2026-08-17 07:45,0,,0,
2026-08-17T05:50:32Z,2026-08-17 07:50,0,,0,
2026-08-17T05:55:38Z,2026-08-17 07:55,0,,0,
2026-08-17T06:00:43Z,2026-08-17 08:00,0,,0,
2026-08-17T06:05:48Z,2026-08-17 08:05,0,,0,
2026-08-17T06:16:01Z,2026-08-17 08:16,0,,0,
2026-08-17T06:21:06Z,2026-08-17 08:21,0,,0,
2026-08-17T06:26:16Z,2026-08-17 08:26,0,,0,
2026-08-17T06:31:21Z,2026-08-17 08:31,0,,0,
2026-08-17T06:36:27Z,2026-08-17 08:36,0,,0,
2026-08-17T06:41:33Z,2026-08-17 08:41,0,,0,
2026-08-17T06:46:38Z,2026-08-17 08:46,0,,0,
2026-08-17T06:51:44Z,2026-08-17 08:51,0,,0,
2026-08-17T06:56:49Z,2026-08-17 08:56,0,,0,
2026-08-17T07:01:54Z,2026-08-17 09:01,0,,0,
2026-08-17T07:06:59Z,2026-08-17 09:06,0,,0,
2026-08-17T07:12:07Z,2026-08-17 09:12,0,,0,
2026-08-17T07:17:13Z,2026-08-17 09:17,0,,0,
2026-08-17T07:22:19Z,2026-08-17 09:22,0,,0,
2026-08-17T07:27:24Z,2026-08-17 09:27,0,,0,
2026-08-17T07:32:29Z,2026-08-17 09:32,0,,0,
2026-08-17T07:37:35Z,2026-08-17 09:37,0,,0,
2026-08-17T07:42:41Z,2026-08-17 09:42,0,,10,1.0
2026-08-17T07:47:47Z,2026-08-17 09:47,0,,10,1.0
2026-08-17T07:52:53Z,2026-08-17 09:52,10,1.0,10,1.0
2026-08-17T07:57:58Z,2026-08-17 09:57,10,1.0,10,1.0
2026-08-17T08:03:04Z,2026-08-17 10:03,10,1.0,10,1.0
2026-08-17T08:08:13Z,2026-08-17 10:08,10,1.0,10,1.0
2026-08-17T08:13:18Z,2026-08-17 10:13,10,1.0,10,1.0
2026-08-17T08:13:30Z,2026-08-17 10:13,10,1.0,10,1.0
2026-08-17T08:18:35Z,2026-08-17 10:18,10,1.0,20,2.0
2026-08-17T08:23:41Z,2026-08-17 10:23,10,1.0,20,2.0
2026-08-17T08:28:47Z,2026-08-17 10:28,10,1.0,20,2.0
2026-08-17T08:33:52Z,2026-08-17 10:33,10,1.0,20,2.0
2026-08-17T08:38:57Z,2026-08-17 10:38,10,1.0,20,2.0
2026-08-17T08:44:03Z,2026-08-17 10:44,10,1.0,20,2.0
2026-08-17T08:49:08Z,2026-08-17 10:49,10,1.0,20,2.0
2026-08-17T08:54:14Z,2026-08-17 10:54,10,1.0,20,2.0
2026-08-17T08:59:20Z,2026-08-17 10:59,10,1.0,30,3.0
2026-08-17T09:04:27Z,2026-08-17 11:04,10,1.0,30,3.0
2026-08-17T09:09:32Z,2026-08-17 11:09,10,1.0,30,3.0
2026-08-17T09:14:38Z,2026-08-17 11:14,10,1.0,30,3.0
2026-08-17T09:19:43Z,2026-08-17 11:19,10,1.0,30,3.0
2026-08-17T09:24:50Z,2026-08-17 11:24,10,1.0,30,3.0
2026-08-17T09:29:55Z,2026-08-17 11:29,10,1.0,30,3.0
2026-08-17T09:35:01Z,2026-08-17 11:35,10,1.0,30,3.0
2026-08-17T09:40:11Z,2026-08-17 11:40,10,1.0,30,3.0
2026-08-17T09:45:19Z,2026-08-17 11:45,10,1.0,30,3.0
2026-08-17T09:50:25Z,2026-08-17 11:50,10,1.0,30,3.0
2026-08-17T09:55:31Z,2026-08-17 11:55,20,2.0,40,4.0
2026-08-17T10:00:36Z,2026-08-17 12:00,20,2.0,40,4.0
2026-08-17T10:05:42Z,2026-08-17 12:05,20,2.0,40,4.0
2026-08-17T10:10:48Z,2026-08-17 12:10,20,2.0,40,4.0
2026-08-17T10:15:53Z,2026-08-17 12:15,20,2.0,40,4.0
2026-08-17T10:20:58Z,2026-08-17 12:20,20,2.0,40,4.0
2026-08-17T10:26:04Z,2026-08-17 12:26,20,2.0,40,4.0
2026-08-17T10:31:09Z,2026-08-17 12:31,20,2.0,40,4.0
2026-08-17T10:36:15Z,2026-08-17 12:36,20,2.0,40,4.0
2026-08-17T10:41:20Z,2026-08-17 12:41,20,2.0,40,4.0
2026-08-17T10:46:26Z,2026-08-17 12:46,20,2.0,40,4.0
2026-08-17T10:51:31Z,2026-08-17 12:51,20,2.0,40,4.0
2026-08-17T10:56:36Z,2026-08-17 12:56,20,2.0,40,4.0
2026-08-17T11:01:41Z,2026-08-17 13:01,20,2.0,40,4.0
2026-08-17T11:01:56Z,2026-08-17 13:01,20,2.0,40,4.0
2026-08-17T11:07:02Z,2026-08-17 13:07,30,3.0,40,4.0
2026-08-17T11:12:08Z,2026-08-17 13:12,30,3.0,40,4.0
2026-08-17T11:17:14Z,2026-08-17 13:17,30,3.0,40,4.0
2026-08-17T11:22:21Z,2026-08-17 13:22,30,3.0,40,4.0
2026-08-17T11:27:27Z,2026-08-17 13:27,30,3.0,40,4.0
2026-08-17T11:32:34Z,2026-08-17 13:32,30,3.0,40,4.0
2026-08-17T11:37:40Z,2026-08-17 13:37,30,3.0,40,4.0
2026-08-17T11:42:47Z,2026-08-17 13:42,30,3.0,40,4.0
2026-08-17T11:47:53Z,2026-08-17 13:47,30,3.0,40,4.0
2026-08-17T11:52:59Z,2026-08-17 13:52,40,4.0,40,4.0
2026-08-17T11:58:07Z,2026-08-17 13:58,40,4.0,40,4.0
2026-08-17T12:03:14Z,2026-08-17 14:03,40,4.0,40,4.0
2026-08-17T12:08:21Z,2026-08-17 14:08,40,4.0,40,4.0
2026-08-17T12:13:28Z,2026-08-17 14:13,40,4.0,40,4.0
2026-08-17T12:18:35Z,2026-08-17 14:18,40,4.0,40,4.0
2026-08-17T12:23:41Z,2026-08-17 14:23,40,4.0,40,4.0
2026-08-17T12:28:47Z,2026-08-17 14:28,50,5.0,40,4.0
2026-08-17T12:33:54Z,2026-08-17 14:33,50,5.0,40,4.0
2026-08-17T12:39:00Z,2026-08-17 14:39,50,5.0,40,4.0
2026-08-17T12:44:06Z,2026-08-17 14:44,50,5.0,40,4.0
2026-08-17T12:49:13Z,2026-08-17 14:49,50,5.0,40,4.0
2026-08-17T12:54:19Z,2026-08-17 14:54,50,5.0,40,4.0
2026-08-17T12:59:25Z,2026-08-17 14:59,50,5.0,40,4.0
2026-08-17T13:04:32Z,2026-08-17 15:04,50,5.0,30,3.0
2026-08-17T13:09:39Z,2026-08-17 15:09,50,5.0,30,3.0
2026-08-17T13:14:45Z,2026-08-17 15:14,50,5.0,30,3.0
2026-08-17T13:19:51Z,2026-08-17 15:19,50,5.0,30,3.0
2026-08-17T13:24:57Z,2026-08-17 15:24,50,5.0,30,3.0
2026-08-17T13:30:20Z,2026-08-17 15:30,50,5.0,30,3.0
2026-08-17T13:35:28Z,2026-08-17 15:35,50,5.0,30,3.0
2026-08-17T13:40:34Z,2026-08-17 15:40,50,5.0,30,3.0
2026-08-17T13:45:41Z,2026-08-17 15:45,50,5.0,30,3.0
2026-08-17T13:50:47Z,2026-08-17 15:50,50,5.0,30,3.0
2026-08-17T13:51:01Z,2026-08-17 15:51,50,5.0,30,3.0
2026-08-17T13:56:06Z,2026-08-17 15:56,40,4.0,30,3.0
2026-08-17T14:01:13Z,2026-08-17 16:01,40,4.0,30,3.0
2026-08-17T14:06:19Z,2026-08-17 16:06,40,4.0,30,3.0
2026-08-17T14:11:24Z,2026-08-17 16:11,40,4.0,30,3.0
2026-08-17T14:16:30Z,2026-08-17 16:16,30,3.0,30,3.0
2026-08-17T14:21:36Z,2026-08-17 16:21,30,3.0,30,3.0
2026-08-17T14:26:41Z,2026-08-17 16:26,30,3.0,30,3.0
2026-08-17T14:31:47Z,2026-08-17 16:31,30,3.0,30,3.0
2026-08-17T14:36:53Z,2026-08-17 16:36,30,3.0,30,3.0
2026-08-17T14:41:59Z,2026-08-17 16:41,30,3.0,30,3.0
2026-08-17T14:47:04Z,2026-08-17 16:47,20,2.0,30,3.0
2026-08-17T14:52:10Z,2026-08-17 16:52,20,2.0,30,3.0
2026-08-17T14:57:15Z,2026-08-17 16:57,10,1.0,30,3.0
2026-08-17T15:02:21Z,2026-08-17 17:02,10,1.0,30,3.0
2026-08-17T15:07:27Z,2026-08-17 17:07,10,1.0,30,3.0
2026-08-17T15:12:32Z,2026-08-17 17:12,0,,30,3.0
2026-08-17T15:17:38Z,2026-08-17 17:17,0,,30,3.0
2026-08-17T15:22:44Z,2026-08-17 17:22,0,,30,3.0
2026-08-17T15:27:49Z,2026-08-17 17:27,0,,30,3.0
2026-08-17T15:32:54Z,2026-08-17 17:32,0,,30,3.0
2026-08-17T15:38:01Z,2026-08-17 17:38,0,,30,3.0
2026-08-17T15:43:07Z,2026-08-17 17:43,0,,30,3.0
2026-08-17T15:48:12Z,2026-08-17 17:48,0,,20,2.0
2026-08-17T15:53:18Z,2026-08-17 17:53,0,,20,2.0
2026-08-17T15:58:24Z,2026-08-17 17:58,0,,20,2.0
2026-08-17T16:03:30Z,2026-08-17 18:03,0,,20,2.0
2026-08-17T16:08:35Z,2026-08-17 18:08,0,,20,2.0
2026-08-17T16:13:40Z,2026-08-17 18:13,0,,20,2.0
2026-08-17T16:18:46Z,2026-08-17 18:18,0,,20,2.0
2026-08-17T16:23:51Z,2026-08-17 18:23,0,,20,2.0
2026-08-17T16:28:57Z,2026-08-17 18:28,0,,20,2.0
2026-08-17T16:34:02Z,2026-08-17 18:34,0,,20,2.0
2026-08-17T16:39:08Z,2026-08-17 18:39,0,,20,2.0
2026-08-17T16:39:20Z,2026-08-17 18:39,0,,20,2.0
2026-08-17T16:44:27Z,2026-08-17 18:44,0,,20,2.0
2026-08-17T16:49:32Z,2026-08-17 18:49,0,,20,2.0
2026-08-17T16:54:38Z,2026-08-17 18:54,0,,20,2.0
2026-08-17T16:59:43Z,2026-08-17 18:59,0,,20,2.0
2026-08-17T17:04:48Z,2026-08-17 19:04,0,,10,1.0
2026-08-17T17:09:54Z,2026-08-17 19:09,0,,10,1.0
2026-08-17T17:14:59Z,2026-08-17 19:14,0,,10,1.0
2026-08-17T17:20:16Z,2026-08-17 19:20,0,,10,1.0
2026-08-17T17:25:22Z,2026-08-17 19:25,0,,10,1.0
2026-08-17T17:30:28Z,2026-08-17 19:30,0,,10,1.0
2026-08-17T17:35:35Z,2026-08-17 19:35,0,,10,1.0
2026-08-17T17:40:42Z,2026-08-17 19:40,0,,10,1.0
2026-08-17T17:45:48Z,2026-08-17 19:45,0,,10,1.0
2026-08-17T17:50:54Z,2026-08-17 19:50,0,,0,
2026-08-17T17:55:59Z,2026-08-17 19:55,0,,0,
2026-08-17T18:01:04Z,2026-08-17 20:01,0,,0,
2026-08-17T18:06:09Z,2026-08-17 20:06,0,,0,
2026-08-17T18:11:14Z,2026-08-17 20:11,0,,0,
2026-08-17T18:16:20Z,2026-08-17 20:16,0,,0,
2026-08-17T18:26:32Z,2026-08-17 20:26,0,,0,
2026-08-17T18:31:37Z,2026-08-17 20:31,0,,0,
2026-08-17T18:36:43Z,2026-08-17 20:36,0,,0,
2026-08-17T18:41:50Z,2026-08-17 20:41,0,,0,
2026-08-17T18:46:55Z,2026-08-17 20:46,0,,0,
2026-08-17T18:52:01Z,2026-08-17 20:52,0,,0,
2026-08-17T18:57:11Z,2026-08-17 20:57,0,,0,
2026-08-17T19:02:17Z,2026-08-17 21:02,0,,0,
2026-08-17T19:07:22Z,2026-08-17 21:07,0,,0,
2026-08-17T19:12:28Z,2026-08-17 21:12,0,,0,
2026-08-17T19:17:33Z,2026-08-17 21:17,0,,0,
2026-08-17T19:22:38Z,2026-08-17 21:22,0,,0,
2026-08-17T19:27:44Z,2026-08-17 21:27,0,,0,
2026-08-17T19:27:58Z,2026-08-17 21:27,0,,0,
2026-08-17T19:33:04Z,2026-08-17 21:33,0,,0,
2026-08-17T19:38:10Z,2026-08-17 21:38,0,,0,
2026-08-17T19:43:17Z,2026-08-17 21:43,0,,0,
2026-08-17T19:48:24Z,2026-08-17 21:48,0,,0,
2026-08-17T19:53:30Z,2026-08-17 21:53,0,,0,
2026-08-17T19:58:36Z,2026-08-17 21:58,0,,0,
2026-08-17T20:03:42Z,2026-08-17 22:03,0,,0,
2026-08-17T20:08:48Z,2026-08-17 22:08,0,,0,
2026-08-17T20:13:56Z,2026-08-17 22:13,0,,0,
2026-08-17T20:19:03Z,2026-08-17 22:19,0,,0,
2026-08-17T20:24:10Z,2026-08-17 22:24,0,,0,
2026-08-17T20:29:16Z,2026-08-17 22:29,0,,0,
2026-08-17T20:34:22Z,2026-08-17 22:34,0,,0,
2026-08-17T20:39:28Z,2026-08-17 22:39,0,,0,
2026-08-17T20:44:35Z,2026-08-17 22:44,0,,0,
2026-08-17T20:49:41Z,2026-08-17 22:49,0,,0,
2026-08-17T20:54:47Z,2026-08-17 22:54,0,,0,
2026-08-17T20:59:54Z,2026-08-17 22:59,0,,0,
2026-08-17T21:05:00Z,2026-08-17 23:05,0,,0,
2026-08-17T21:10:12Z,2026-08-17 23:10,0,,0,
2026-08-17T21:15:21Z,2026-08-17 23:15,0,,0,
2026-08-17T21:20:28Z,2026-08-17 23:20,0,,0,
2026-08-17T21:25:37Z,2026-08-17 23:25,0,,0,
2026-08-17T21:30:43Z,2026-08-17 23:30,0,,0,
2026-08-17T21:35:49Z,2026-08-17 23:35,0,,0,
2026-08-17T21:40:56Z,2026-08-17 23:40,0,,0,
2026-08-17T21:46:02Z,2026-08-17 23:46,0,,0,
2026-08-17T21:51:08Z,2026-08-17 23:51,0,,0,
2026-08-17T21:56:14Z,2026-08-17 23:56,0,,0,
2026-08-17T22:01:20Z,2026-08-18 00:01,0,,0,
2026-08-17T22:06:26Z,2026-08-18 00:06,0,,0,
2026-08-17T22:11:32Z,2026-08-18 00:11,0,,0,
2026-08-17T22:16:38Z,2026-08-18 00:16,0,,0,
2026-08-17T22:16:54Z,2026-08-18 00:16,0,,0,
2026-08-17T22:21:59Z,2026-08-18 00:21,0,,0,
2026-08-17T22:27:05Z,2026-08-18 00:27,0,,0,
2026-08-17T22:32:09Z,2026-08-18 00:32,0,,0,
2026-08-17T22:37:14Z,2026-08-18 00:37,0,,0,
2026-08-17T22:42:20Z,2026-08-18 00:42,0,,0,
2026-08-17T22:47:27Z,2026-08-18 00:47,0,,0,
2026-08-17T22:52:32Z,2026-08-18 00:52,0,,0,
2026-08-17T22:57:37Z,2026-08-18 00:57,0,,0,
2026-08-17T23:02:41Z,2026-08-18 01:02,0,,0,
2026-08-17T23:07:46Z,2026-08-18 01:07,0,,0,
2026-08-17T23:12:52Z,2026-08-18 01:12,0,,0,
2026-08-17T23:17:58Z,2026-08-18 01:17,0,,0,
2026-08-17T23:23:03Z,2026-08-18 01:23,0,,0,
2026-08-17T23:28:09Z,2026-08-18 01:28,0,,0,
2026-08-17T23:33:14Z,2026-08-18 01:33,0,,0,
2026-08-17T23:38:19Z,2026-08-18 01:38,0,,0,
2026-08-17T23:43:25Z,2026-08-18 01:43,0,,0,
2026-08-17T23:48:30Z,2026-08-18 01:48,0,,0,
2026-08-17T23:53:35Z,2026-08-18 01:53,0,,0,
2026-08-17T23:58:41Z,2026-08-18 01:58,0,,0,
2026-08-18T00:03:46Z,2026-08-18 02:03,0,,0,
2026-08-18T00:08:52Z,2026-08-18 02:08,0,,0,
2026-08-18T00:13:57Z,2026-08-18 02:13,0,,0,
2026-08-18T00:19:02Z,2026-08-18 02:19,0,,0,
2026-08-18T00:24:10Z,2026-08-18 02:24,0,,0,
2026-08-18T00:29:15Z,2026-08-18 02:29,0,,0,
2026-08-18T00:34:20Z,2026-08-18 02:34,0,,0,
2026-08-18T00:39:27Z,2026-08-18 02:39,0,,0,
2026-08-18T00:44:32Z,2026-08-18 02:44,0,,0,
2026-08-18T00:49:38Z,2026-08-18 02:49,0,,0,
2026-08-18T00:54:44Z,2026-08-18 02:54,0,,0,
2026-08-18T00:59:49Z,2026-08-18 02:59,0,,0,
2026-08-18T01:04:55Z,2026-08-18 03:04,0,,0,
2026-08-18T01:05:13Z,2026-08-18 03:05,0,,0,
2026-08-18T01:10:20Z,2026-08-18 03:10,0,,0,
2026-08-18T01:15:28Z,2026-08-18 03:15,0,,0,
2026-08-18T01:20:35Z,2026-08-18 03:20,0,,0,
2026-08-18T01:25:41Z,2026-08-18 03:25,0,,0,
2026-08-18T01:30:49Z,2026-08-18 03:30,0,,0,
2026-08-18T01:35:56Z,2026-08-18 03:35,0,,0,
2026-08-18T01:41:02Z,2026-08-18 03:41,0,,0,
2026-08-18T01:46:08Z,2026-08-18 03:46,0,,0,
2026-08-18T01:51:15Z,2026-08-18 03:51,0,,0,
2026-08-18T01:56:21Z,2026-08-18 03:56,0,,0,
2026-08-18T02:01:28Z,2026-08-18 04:01,0,,0,
2026-08-18T02:06:34Z,2026-08-18 04:06,0,,0,
2026-08-18T02:11:41Z,2026-08-18 04:11,0,,0,
2026-08-18T02:16:47Z,2026-08-18 04:16,0,,0,
2026-08-18T02:21:53Z,2026-08-18 04:21,0,,0,
2026-08-18T02:26:59Z,2026-08-18 04:26,0,,0,
2026-08-18T02:32:08Z,2026-08-18 04:32,0,,0,
2026-08-18T02:37:14Z,2026-08-18 04:37,0,,0,
2026-08-18T02:42:20Z,2026-08-18 04:42,0,,0,
2026-08-18T02:47:28Z,2026-08-18 04:47,0,,0,
2026-08-18T02:52:34Z,2026-08-18 04:52,0,,0,
2026-08-18T03:02:46Z,2026-08-18 05:02,0,,0,
2026-08-18T03:07:52Z,2026-08-18 05:07,0,,0,
2026-08-18T03:12:58Z,2026-08-18 05:12,0,,0,
2026-08-18T03:18:06Z,2026-08-18 05:18,0,,0,
2026-08-18T03:23:12Z,2026-08-18 05:23,0,,0,
2026-08-18T03:28:19Z,2026-08-18 05:28,0,,0,
2026-08-18T03:33:27Z,2026-08-18 05:33,0,,0,
2026-08-18T03:38:34Z,2026-08-18 05:38,0,,0,
2026-08-18T03:43:40Z,2026-08-18 05:43,0,,0,
2026-08-18T03:48:47Z,2026-08-18 05:48,0,,0,
2026-08-18T03:53:53Z,2026-08-18 05:53,0,,0,
2026-08-18T03:54:10Z,2026-08-18 05:54,0,,0,
2026-08-18T03:59:18Z,2026-08-18 05:59,0,,0,
2026-08-18T04:04:24Z,2026-08-18 06:04,0,,0,
2026-08-18T04:09:31Z,2026-08-18 06:09,0,,0,
2026-08-18T04:14:37Z,2026-08-18 06:14,0,,0,
2026-08-18T04:19:44Z,2026-08-18 06:19,0,,0,
2026-08-18T04:24:50Z,2026-08-18 06:24,0,,0,
2026-08-18T04:29:56Z,2026-08-18 06:29,0,,0,
2026-08-18T04:35:02Z,2026-08-18 06:35,0,,0,
2026-08-18T04:40:16Z,2026-08-18 06:40,0,,0,
2026-08-18T04:45:24Z,2026-08-18 06:45,0,,0,
2026-08-18T04:50:30Z,2026-08-18 06:50,0,,0,
2026-08-18T04:55:38Z,2026-08-18 06:55,0,,0,
2026-08-18T05:00:45Z,2026-08-18 07:00,0,,0,
2026-08-18T05:05:50Z,2026-08-18 07:05,0,,0,
2026-08-18T05:10:57Z,2026-08-18 07:10,0,,0,
2026-08-18T05:16:03Z,2026-08-18 07:16,0,,0,
2026-08-18T05:21:09Z,2026-08-18 07:21,0,,0,
2026-08-18T05:26:15Z,2026-08-18 07:26,0,,0,
2026-08-18T05:31:22Z,2026-08-18 07:31,0,,0,
2026-08-18T05:36:28Z,2026-08-18 07:36,0,,0,
2026-08-18T05:41:35Z,2026-08-18 07:41,0,,0,
2026-08-18T05:46:41Z,2026-08-18 07:46,0,,0,
2026-08-18T05:51:48Z,2026-08-18 07:51,0,,0,
2026-08-18T05:56:54Z,2026-08-18 07:56,10,1.0,0,
2026-08-18T06:02:03Z,2026-08-18 08:02,10,1.0,10,1.0
2026-08-18T06:07:09Z,2026-08-18 08:07,10,1.0,10,1.0
2026-08-18T06:12:16Z,2026-08-18 08:12,10,1.0,10,1.0
2026-08-18T06:17:22Z,2026-08-18 08:17,10,1.0,10,1.0
2026-08-18T06:22:29Z,2026-08-18 08:22,0,,10,1.0
2026-08-18T06:27:35Z,2026-08-18 08:27,0,,10,1.0
2026-08-18T06:32:42Z,2026-08-18 08:32,0,,0,
2026-08-18T06:37:48Z,2026-08-18 08:37,0,,0,
2026-08-18T06:42:55Z,2026-08-18 08:42,0,,0,
2026-08-18T06:43:12Z,2026-08-18 08:43,0,,0,
2026-08-18T06:48:19Z,2026-08-18 08:48,0,,0,
2026-08-18T06:53:28Z,2026-08-18 08:53,0,,0,
2026-08-18T06:58:34Z,2026-08-18 08:58,0,,0,
2026-08-18T07:03:41Z,2026-08-18 09:03,0,,0,
2026-08-18T07:08:47Z,2026-08-18 09:08,0,,0,
2026-08-18T07:13:53Z,2026-08-18 09:13,0,,0,
2026-08-18T07:19:00Z,2026-08-18 09:19,0,,0,
2026-08-18T07:24:10Z,2026-08-18 09:24,0,,0,
2026-08-18T07:29:16Z,2026-08-18 09:29,0,,0,
2026-08-18T07:34:23Z,2026-08-18 09:34,0,,0,
2026-08-18T07:39:30Z,2026-08-18 09:39,0,,0,
2026-08-18T07:44:36Z,2026-08-18 09:44,0,,0,
2026-08-18T07:49:42Z,2026-08-18 09:49,0,,0,
2026-08-18T07:54:49Z,2026-08-18 09:54,0,,0,
2026-08-18T07:59:55Z,2026-08-18 09:59,0,,0,
2026-08-18T08:05:01Z,2026-08-18 10:05,0,,0,
2026-08-18T08:10:18Z,2026-08-18 10:10,0,,0,
2026-08-18T08:15:28Z,2026-08-18 10:15,0,,0,
2026-08-18T08:20:34Z,2026-08-18 10:20,0,,0,
2026-08-18T08:25:41Z,2026-08-18 10:25,0,,0,
2026-08-18T08:30:47Z,2026-08-18 10:30,0,,10,1.0
2026-08-18T08:35:54Z,2026-08-18 10:35,0,,10,1.0
2026-08-18T08:41:00Z,2026-08-18 10:41,0,,10,1.0
2026-08-18T08:46:10Z,2026-08-18 10:46,0,,20,2.0
2026-08-18T08:51:17Z,2026-08-18 10:51,0,,20,2.0
2026-08-18T08:56:23Z,2026-08-18 10:56,0,,20,2.0
2026-08-18T09:01:30Z,2026-08-18 11:01,0,,20,2.0
2026-08-18T09:06:37Z,2026-08-18 11:06,0,,20,2.0
2026-08-18T09:11:43Z,2026-08-18 11:11,0,,20,2.0
2026-08-18T09:16:50Z,2026-08-18 11:16,0,,20,2.0
2026-08-18T09:21:56Z,2026-08-18 11:21,0,,30,3.0
2026-08-18T09:27:03Z,2026-08-18 11:27,0,,30,3.0
2026-08-18T09:32:10Z,2026-08-18 11:32,0,,30,3.0
2026-08-18T09:32:24Z,2026-08-18 11:32,0,,30,3.0
2026-08-18T09:37:30Z,2026-08-18 11:37,0,,30,3.0
2026-08-18T09:42:37Z,2026-08-18 11:42,0,,30,3.0
2026-08-18T09:47:43Z,2026-08-18 11:47,0,,30,3.0
2026-08-18T09:52:49Z,2026-08-18 11:52,0,,30,3.0
2026-08-18T09:57:55Z,2026-08-18 11:57,0,,30,3.0
2026-08-18T10:03:01Z,2026-08-18 12:03,0,,30,3.0
2026-08-18T10:08:08Z,2026-08-18 12:08,0,,30,3.0
2026-08-18T10:13:14Z,2026-08-18 12:13,0,,30,3.0
2026-08-18T10:18:21Z,2026-08-18 12:18,0,,30,3.0
2026-08-18T10:23:26Z,2026-08-18 12:23,0,,30,3.0
2026-08-18T10:28:31Z,2026-08-18 12:28,0,,30,3.0
2026-08-18T10:38:43Z,2026-08-18 12:38,0,,30,3.0
2026-08-18T10:43:48Z,2026-08-18 12:43,0,,30,3.0
2026-08-18T10:48:54Z,2026-08-18 12:48,0,,30,3.0
2026-08-18T10:54:00Z,2026-08-18 12:54,0,,40,4.0
2026-08-18T10:59:06Z,2026-08-18 12:59,0,,40,4.0
2026-08-18T11:04:12Z,2026-08-18 13:04,0,,40,4.0
2026-08-18T11:09:17Z,2026-08-18 13:09,0,,40,4.0
2026-08-18T11:14:23Z,2026-08-18 13:14,0,,40,4.0
2026-08-18T11:19:29Z,2026-08-18 13:19,0,,40,4.0
2026-08-18T11:24:35Z,2026-08-18 13:24,0,,40,4.0
2026-08-18T11:29:40Z,2026-08-18 13:29,0,,40,4.0
2026-08-18T11:34:46Z,2026-08-18 13:34,0,,40,4.0
2026-08-18T11:39:52Z,2026-08-18 13:39,0,,40,4.0
2026-08-18T11:44:58Z,2026-08-18 13:44,0,,40,4.0
2026-08-18T11:50:08Z,2026-08-18 13:50,0,,40,4.0
2026-08-18T11:55:15Z,2026-08-18 13:55,0,,40,4.0
2026-08-18T12:00:27Z,2026-08-18 14:00,0,,40,4.0
2026-08-18T12:05:33Z,2026-08-18 14:05,0,,40,4.0
2026-08-18T12:10:39Z,2026-08-18 14:10,0,,40,4.0
2026-08-18T12:15:45Z,2026-08-18 14:15,0,,40,4.0
2026-08-18T12:20:51Z,2026-08-18 14:20,0,,40,4.0
2026-08-18T12:21:07Z,2026-08-18 14:21,0,,40,4.0
2026-08-18T12:26:14Z,2026-08-18 14:26,0,,40,4.0
2026-08-18T12:31:20Z,2026-08-18 14:31,0,,30,3.0
2026-08-18T12:36:27Z,2026-08-18 14:36,0,,30,3.0
2026-08-18T12:41:35Z,2026-08-18 14:41,0,,30,3.0
2026-08-18T12:46:42Z,2026-08-18 14:46,0,,30,3.0
2026-08-18T12:51:48Z,2026-08-18 14:51,0,,30,3.0
2026-08-18T12:56:54Z,2026-08-18 14:56,0,,30,3.0
2026-08-18T13:02:01Z,2026-08-18 15:02,0,,30,3.0
2026-08-18T13:07:07Z,2026-08-18 15:07,0,,30,3.0
2026-08-18T13:12:14Z,2026-08-18 15:12,0,,30,3.0
2026-08-18T13:17:21Z,2026-08-18 15:17,0,,30,3.0
2026-08-18T13:22:27Z,2026-08-18 15:22,0,,30,3.0
2026-08-18T13:27:34Z,2026-08-18 15:27,0,,30,3.0
2026-08-18T13:32:41Z,2026-08-18 15:32,0,,30,3.0
2026-08-18T13:37:48Z,2026-08-18 15:37,0,,30,3.0
2026-08-18T13:42:54Z,2026-08-18 15:42,0,,30,3.0
2026-08-18T13:48:00Z,2026-08-18 15:48,0,,30,3.0
2026-08-18T13:53:07Z,2026-08-18 15:53,0,,30,3.0
2026-08-18T13:58:14Z,2026-08-18 15:58,0,,30,3.0
2026-08-18T14:03:23Z,2026-08-18 16:03,0,,30,3.0
2026-08-18T14:08:30Z,2026-08-18 16:08,0,,30,3.0
2026-08-18T14:13:37Z,2026-08-18 16:13,0,,30,3.0
2026-08-18T14:18:44Z,2026-08-18 16:18,0,,30,3.0
2026-08-18T14:23:50Z,2026-08-18 16:23,0,,30,3.0
2026-08-18T14:28:57Z,2026-08-18 16:28,0,,30,3.0
2026-08-18T14:34:04Z,2026-08-18 16:34,0,,30,3.0
2026-08-18T14:39:11Z,2026-08-18 16:39,0,,30,3.0
2026-08-18T14:44:20Z,2026-08-18 16:44,0,,30,3.0
2026-08-18T14:49:27Z,2026-08-18 16:49,0,,30,3.0
2026-08-18T14:54:33Z,2026-08-18 16:54,0,,30,3.0
2026-08-18T14:59:41Z,2026-08-18 16:59,0,,20,2.0
2026-08-18T15:04:48Z,2026-08-18 17:04,0,,20,2.0
2026-08-18T15:09:55Z,2026-08-18 17:09,0,,20,2.0
2026-08-18T15:10:12Z,2026-08-18 17:10,0,,20,2.0
2026-08-18T15:15:20Z,2026-08-18 17:15,0,,20,2.0
2026-08-18T15:20:28Z,2026-08-18 17:20,0,,20,2.0
2026-08-18T15:25:34Z,2026-08-18 17:25,0,,20,2.0
2026-08-18T15:30:45Z,2026-08-18 17:30,0,,20,2.0
2026-08-18T15:35:52Z,2026-08-18 17:35,0,,20,2.0
2026-08-18T15:40:58Z,2026-08-18 17:40,0,,20,2.0
2026-08-18T15:46:06Z,2026-08-18 17:46,0,,20,2.0
2026-08-18T15:51:13Z,2026-08-18 17:51,0,,10,1.0
2026-08-18T15:56:20Z,2026-08-18 17:56,0,,10,1.0
2026-08-18T16:01:27Z,2026-08-18 18:01,0,,10,1.0
2026-08-18T16:06:33Z,2026-08-18 18:06,0,,10,1.0
2026-08-18T16:11:42Z,2026-08-18 18:11,0,,10,1.0
2026-08-18T16:16:48Z,2026-08-18 18:16,0,,0,
2026-08-18T16:21:55Z,2026-08-18 18:21,0,,0,
2026-08-18T16:27:02Z,2026-08-18 18:27,0,,0,
2026-08-18T16:32:10Z,2026-08-18 18:32,0,,0,
2026-08-18T16:37:17Z,2026-08-18 18:37,0,,0,
2026-08-18T16:42:26Z,2026-08-18 18:42,0,,0,
2026-08-18T16:47:32Z,2026-08-18 18:47,0,,0,
2026-08-18T16:52:39Z,2026-08-18 18:52,0,,0,
2026-08-18T16:57:45Z,2026-08-18 18:57,0,,0,
2026-08-18T17:02:52Z,2026-08-18 19:02,0,,0,
2026-08-18T17:07:59Z,2026-08-18 19:07,0,,0,
2026-08-18T17:13:05Z,2026-08-18 19:13,0,,0,
2026-08-18T17:18:12Z,2026-08-18 19:18,0,,0,
2026-08-18T17:23:18Z,2026-08-18 19:23,0,,0,
2026-08-18T17:33:34Z,2026-08-18 19:33,0,,0,
2026-08-18T17:38:40Z,2026-08-18 19:38,0,,0,
2026-08-18T17:43:47Z,2026-08-18 19:43,0,,0,
2026-08-18T17:48:54Z,2026-08-18 19:48,0,,0,
2026-08-18T17:54:00Z,2026-08-18 19:54,0,,0,
2026-08-18T17:59:06Z,2026-08-18 19:59,0,,0,
2026-08-18T17:59:22Z,2026-08-18 19:59,0,,0,
2026-08-18T18:04:28Z,2026-08-18 20:04,0,,0,
2026-08-18T18:09:33Z,2026-08-18 20:09,0,,0,
2026-08-18T18:14:38Z,2026-08-18 20:14,0,,0,
2026-08-18T18:19:44Z,2026-08-18 20:19,0,,0,
2026-08-18T18:24:49Z,2026-08-18 20:24,0,,0,
2026-08-18T18:29:55Z,2026-08-18 20:29,0,,0,
2026-08-18T18:35:00Z,2026-08-18 20:35,0,,0,
2026-08-18T18:40:09Z,2026-08-18 20:40,0,,0,
2026-08-18T18:45:24Z,2026-08-18 20:45,0,,0,
2026-08-18T18:50:30Z,2026-08-18 20:50,0,,0,
2026-08-18T18:55:35Z,2026-08-18 20:55,0,,0,
2026-08-18T19:00:43Z,2026-08-18 21:00,0,,0,
2026-08-18T19:05:50Z,2026-08-18 21:05,0,,0,
2026-08-18T19:10:56Z,2026-08-18 21:10,0,,0,
2026-08-18T19:16:01Z,2026-08-18 21:16,0,,0,
2026-08-18T19:21:07Z,2026-08-18 21:21,0,,0,
2026-08-18T19:26:12Z,2026-08-18 21:26,0,,0,
2026-08-18T19:31:17Z,2026-08-18 21:31,0,,0,
2026-08-18T19:36:23Z,2026-08-18 21:36,0,,0,
2026-08-18T19:41:28Z,2026-08-18 21:41,0,,0,
2026-08-18T19:46:34Z,2026-08-18 21:46,0,,0,
2026-08-18T19:51:40Z,2026-08-18 21:51,0,,0,
2026-08-18T19:56:46Z,2026-08-18 21:56,0,,0,
2026-08-18T20:01:53Z,2026-08-18 22:01,0,,0,
2026-08-18T20:07:00Z,2026-08-18 22:07,0,,0,
2026-08-18T20:12:07Z,2026-08-18 22:12,0,,0,
2026-08-18T20:17:13Z,2026-08-18 22:17,0,,0,
2026-08-18T20:22:18Z,2026-08-18 22:22,0,,0,
2026-08-18T20:27:23Z,2026-08-18 22:27,0,,0,
2026-08-18T20:32:29Z,2026-08-18 22:32,0,,0,
2026-08-18T20:37:35Z,2026-08-18 22:37,0,,0,
2026-08-18T20:42:40Z,2026-08-18 22:42,0,,0,
2026-08-18T20:47:46Z,2026-08-18 22:47,0,,0,
2026-08-18T20:47:58Z,2026-08-18 22:47,0,,0,
2026-08-18T20:53:06Z,2026-08-18 22:53,0,,0,
2026-08-18T20:58:11Z,2026-08-18 22:58,0,,0,
2026-08-18T21:03:17Z,2026-08-18 23:03,0,,0,
2026-08-18T21:08:22Z,2026-08-18 23:08,0,,0,
2026-08-18T21:13:28Z,2026-08-18 23:13,0,,0,
2026-08-18T21:18:37Z,2026-08-18 23:18,0,,0,
2026-08-18T21:23:43Z,2026-08-18 23:23,0,,0,
2026-08-18T21:28:48Z,2026-08-18 23:28,0,,0,
2026-08-18T21:33:53Z,2026-08-18 23:33,0,,0,
2026-08-18T21:39:00Z,2026-08-18 23:39,0,,0,
2026-08-18T21:44:05Z,2026-08-18 23:44,0,,0,
2026-08-18T21:49:10Z,2026-08-18 23:49,0,,0,
2026-08-18T21:54:15Z,2026-08-18 23:54,0,,0,
2026-08-18T21:59:20Z,2026-08-18 23:59,0,,0,
2026-08-18T22:04:27Z,2026-08-19 00:04,0,,0,
2026-08-18T22:09:32Z,2026-08-19 00:09,0,,0,
2026-08-18T22:14:37Z,2026-08-19 00:14,0,,0,
2026-08-18T22:19:42Z,2026-08-19 00:19,0,,0,
2026-08-18T22:24:48Z,2026-08-19 00:24,0,,0,
2026-08-18T22:29:53Z,2026-08-19 00:29,0,,0,
2026-08-18T22:34:58Z,2026-08-19 00:34,0,,0,
2026-08-18T22:40:05Z,2026-08-19 00:40,0,,0,
2026-08-18T22:45:14Z,2026-08-19 00:45,0,,0,
2026-08-18T22:50:19Z,2026-08-19 00:50,0,,0,
2026-08-18T22:55:26Z,2026-08-19 00:55,0,,0,
2026-08-18T23:00:29Z,2026-08-19 01:00,0,,0,
2026-08-18T23:05:34Z,2026-08-19 01:05,0,,0,
2026-08-18T23:10:39Z,2026-08-19 01:10,0,,0,
2026-08-18T23:15:44Z,2026-08-19 01:15,0,,0,
2026-08-18T23:20:49Z,2026-08-19 01:20,0,,0,
2026-08-18T23:25:54Z,2026-08-19 01:25,0,,0,
2026-08-18T23:30:59Z,2026-08-19 01:30,0,,0,
2026-08-18T23:36:05Z,2026-08-19 01:36,0,,0,
2026-08-18T23:36:16Z,2026-08-19 01:36,0,,0,
2026-08-18T23:41:22Z,2026-08-19 01:41,0,,0,
2026-08-18T23:46:27Z,2026-08-19 01:46,0,,0,
2026-08-18T23:51:32Z,2026-08-19 01:51,0,,0,
2026-08-18T23:56:37Z,2026-08-19 01:56,0,,0,
2026-08-19T00:01:42Z,2026-08-19 02:01,0,,0,
2026-08-19T00:06:47Z,2026-08-19 02:06,0,,0,
2026-08-19T00:11:53Z,2026-08-19 02:11,0,,0,
2026-08-19T00:16:58Z,2026-08-19 02:16,0,,0,
2026-08-19T00:22:06Z,2026-08-19 02:22,0,,0,
2026-08-19T00:27:12Z,2026-08-19 02:27,0,,0,
2026-08-19T00:32:16Z,2026-08-19 02:32,0,,0,
2026-08-19T00:37:22Z,2026-08-19 02:37,0,,0,
2026-08-19T00:42:27Z,2026-08-19 02:42,0,,0,
2026-08-19T00:47:32Z,2026-08-19 02:47,0,,0,
2026-08-19T00:52:37Z,2026-08-19 02:52,0,,0,
2026-08-19T00:57:43Z,2026-08-19 02:57,0,,0,
2026-08-19T01:02:48Z,2026-08-19 03:02,0,,0,
2026-08-19T01:07:53Z,2026-08-19 03:07,0,,0,
2026-08-19T01:12:58Z,2026-08-19 03:12,0,,0,
2026-08-19T01:18:04Z,2026-08-19 03:18,0,,0,
2026-08-19T01:23:09Z,2026-08-19 03:23,0,,0,
2026-08-19T01:28:14Z,2026-08-19 03:28,0,,0,
2026-08-19T01:33:19Z,2026-08-19 03:33,0,,0,
2026-08-19T01:38:24Z,2026-08-19 03:38,0,,0,
2026-08-19T01:43:29Z,2026-08-19 03:43,0,,0,
2026-08-19T01:48:34Z,2026-08-19 03:48,0,,0,
2026-08-19T01:53:40Z,2026-08-19 03:53,0,,0,
2026-08-19T01:58:45Z,2026-08-19 03:58,0,,0,
2026-08-19T02:03:50Z,2026-08-19 04:03,0,,0,
2026-08-19T02:08:55Z,2026-08-19 04:08,0,,0,
2026-08-19T02:14:01Z,2026-08-19 04:14,0,,0,
2026-08-19T02:19:06Z,2026-08-19 04:19,0,,0,
2026-08-19T02:24:11Z,2026-08-19 04:24,0,,0,
2026-08-19T02:24:23Z,2026-08-19 04:24,0,,0,
2026-08-19T02:29:29Z,2026-08-19 04:29,0,,0,
2026-08-19T02:34:34Z,2026-08-19 04:34,0,,0,
2026-08-19T02:39:39Z,2026-08-19 04:39,0,,0,
2026-08-19T02:44:44Z,2026-08-19 04:44,0,,0,
2026-08-19T02:49:49Z,2026-08-19 04:49,0,,0,
2026-08-19T02:54:55Z,2026-08-19 04:54,0,,0,
2026-08-19T03:00:00Z,2026-08-19 05:00,0,,0,
2026-08-19T03:05:11Z,2026-08-19 05:05,0,,0,
2026-08-19T03:10:17Z,2026-08-19 05:10,0,,0,
2026-08-19T03:15:23Z,2026-08-19 05:15,0,,0,
2026-08-19T03:20:30Z,2026-08-19 05:20,0,,0,
2026-08-19T03:25:35Z,2026-08-19 05:25,0,,0,
2026-08-19T03:30:40Z,2026-08-19 05:30,0,,0,
2026-08-19T03:35:45Z,2026-08-19 05:35,0,,0,
2026-08-19T03:40:50Z,2026-08-19 05:40,0,,0,
2026-08-19T03:45:55Z,2026-08-19 05:45,0,,0,
2026-08-19T03:51:01Z,2026-08-19 05:51,0,,0,
2026-08-19T04:01:11Z,2026-08-19 06:01,0,,0,
2026-08-19T04:06:17Z,2026-08-19 06:06,0,,0,
2026-08-19T04:11:22Z,2026-08-19 06:11,0,,0,
2026-08-19T04:16:28Z,2026-08-19 06:16,0,,0,
2026-08-19T04:21:33Z,2026-08-19 06:21,0,,0,
2026-08-19T04:26:38Z,2026-08-19 06:26,0,,0,
2026-08-19T04:31:43Z,2026-08-19 06:31,0,,0,
2026-08-19T04:36:48Z,2026-08-19 06:36,0,,0,
2026-08-19T04:41:53Z,2026-08-19 06:41,0,,0,
2026-08-19T04:46:59Z,2026-08-19 06:46,0,,0,
2026-08-19T04:52:05Z,2026-08-19 06:52,0,,0,
2026-08-19T04:57:11Z,2026-08-19 06:57,0,,0,
2026-08-19T05:02:18Z,2026-08-19 07:02,0,,0,
2026-08-19T05:07:23Z,2026-08-19 07:07,0,,0,
2026-08-19T05:12:28Z,2026-08-19 07:12,0,,0,
2026-08-19T05:12:41Z,2026-08-19 07:12,0,,0,
2026-08-19T05:17:47Z,2026-08-19 07:17,0,,0,
2026-08-19T05:22:52Z,2026-08-19 07:22,0,,0,
2026-08-19T05:27:58Z,2026-08-19 07:27,0,,0,
2026-08-19T05:33:04Z,2026-08-19 07:33,0,,0,
2026-08-19T05:38:10Z,2026-08-19 07:38,0,,0,
2026-08-19T05:43:16Z,2026-08-19 07:43,0,,0,
2026-08-19T05:48:23Z,2026-08-19 07:48,0,,0,
2026-08-19T05:53:29Z,2026-08-19 07:53,0,,0,
2026-08-19T05:58:34Z,2026-08-19 07:58,0,,0,
2026-08-19T06:03:40Z,2026-08-19 08:03,0,,0,
2026-08-19T06:08:45Z,2026-08-19 08:08,0,,0,
2026-08-19T06:13:51Z,2026-08-19 08:13,0,,0,
2026-08-19T06:18:56Z,2026-08-19 08:18,0,,0,
2026-08-19T06:24:02Z,2026-08-19 08:24,0,,0,
2026-08-19T06:29:08Z,2026-08-19 08:29,0,,0,
2026-08-19T06:34:13Z,2026-08-19 08:34,0,,0,
2026-08-19T06:39:19Z,2026-08-19 08:39,0,,0,
2026-08-19T06:44:25Z,2026-08-19 08:44,0,,0,
2026-08-19T06:49:30Z,2026-08-19 08:49,0,,0,
2026-08-19T06:54:36Z,2026-08-19 08:54,0,,0,
2026-08-19T06:59:41Z,2026-08-19 08:59,0,,0,
2026-08-19T07:04:47Z,2026-08-19 09:04,0,,0,
2026-08-19T07:09:52Z,2026-08-19 09:09,0,,0,
2026-08-19T07:14:57Z,2026-08-19 09:14,0,,0,
2026-08-19T07:20:03Z,2026-08-19 09:20,0,,0,
2026-08-19T07:25:10Z,2026-08-19 09:25,0,,0,
2026-08-19T07:30:27Z,2026-08-19 09:30,0,,0,
2026-08-19T07:35:34Z,2026-08-19 09:35,0,,0,
2026-08-19T07:40:40Z,2026-08-19 09:40,0,,0,
2026-08-19T07:45:46Z,2026-08-19 09:45,0,,0,
2026-08-19T07:50:51Z,2026-08-19 09:50,0,,0,
2026-08-19T07:55:57Z,2026-08-19 09:55,0,,0,
2026-08-19T08:01:03Z,2026-08-19 10:01,0,,0,
2026-08-19T08:01:16Z,2026-08-19 10:01,0,,0,
2026-08-19T08:06:21Z,2026-08-19 10:06,0,,0,
2026-08-19T08:11:26Z,2026-08-19 10:11,0,,0,
2026-08-19T08:16:32Z,2026-08-19 10:16,0,,10,1.0
2026-08-19T08:21:37Z,2026-08-19 10:21,0,,10,1.0
2026-08-19T08:26:42Z,2026-08-19 10:26,0,,10,1.0
2026-08-19T08:31:48Z,2026-08-19 10:31,0,,10,1.0
2026-08-19T08:36:53Z,2026-08-19 10:36,0,,10,1.0
2026-08-19T08:41:58Z,2026-08-19 10:41,0,,10,1.0
2026-08-19T08:47:03Z,2026-08-19 10:47,0,,20,2.0
2026-08-19T08:52:09Z,2026-08-19 10:52,10,1.0,20,2.0
2026-08-19T08:57:16Z,2026-08-19 10:57,10,1.0,20,2.0
2026-08-19T09:02:22Z,2026-08-19 11:02,10,1.0,30,3.0
2026-08-19T09:07:27Z,2026-08-19 11:07,10,1.0,30,3.0
2026-08-19T09:12:33Z,2026-08-19 11:12,10,1.0,30,3.0
2026-08-19T09:17:38Z,2026-08-19 11:17,10,1.0,30,3.0
2026-08-19T09:22:43Z,2026-08-19 11:22,20,2.0,30,3.0
2026-08-19T09:27:49Z,2026-08-19 11:27,20,2.0,30,3.0
2026-08-19T09:32:55Z,2026-08-19 11:32,20,2.0,40,4.0
2026-08-19T09:38:00Z,2026-08-19 11:38,20,2.0,40,4.0
2026-08-19T09:43:06Z,2026-08-19 11:43,20,2.0,40,4.0
2026-08-19T09:48:11Z,2026-08-19 11:48,20,2.0,50,5.0
2026-08-19T09:53:16Z,2026-08-19 11:53,20,2.0,50,5.0
2026-08-19T09:58:21Z,2026-08-19 11:58,20,2.0,50,5.0
2026-08-19T10:03:27Z,2026-08-19 12:03,20,2.0,50,5.0
2026-08-19T10:08:32Z,2026-08-19 12:08,20,2.0,50,5.0
2026-08-19T10:13:37Z,2026-08-19 12:13,20,2.0,50,5.0
2026-08-19T10:18:43Z,2026-08-19 12:18,20,2.0,50,5.0
2026-08-19T10:23:48Z,2026-08-19 12:23,20,2.0,50,5.0
2026-08-19T10:28:53Z,2026-08-19 12:28,20,2.0,50,5.0
2026-08-19T10:33:58Z,2026-08-19 12:33,20,2.0,50,5.0
2026-08-19T10:39:03Z,2026-08-19 12:39,20,2.0,50,5.0
2026-08-19T10:44:15Z,2026-08-19 12:44,20,2.0,50,5.0
2026-08-19T10:49:20Z,2026-08-19 12:49,20,2.0,50,5.0
2026-08-19T10:49:34Z,2026-08-19 12:49,20,2.0,50,5.0
2026-08-19T10:54:40Z,2026-08-19 12:54,20,2.0,50,5.0
2026-08-19T10:59:45Z,2026-08-19 12:59,20,2.0,50,5.0
2026-08-19T11:04:51Z,2026-08-19 13:04,20,2.0,50,5.0
2026-08-19T11:09:56Z,2026-08-19 13:09,10,1.0,50,5.0
2026-08-19T11:15:02Z,2026-08-19 13:15,10,1.0,50,5.0
2026-08-19T11:20:14Z,2026-08-19 13:20,10,1.0,50,5.0
2026-08-19T11:25:20Z,2026-08-19 13:25,10,1.0,50,5.0
2026-08-19T11:30:26Z,2026-08-19 13:30,10,1.0,50,5.0
2026-08-19T11:35:32Z,2026-08-19 13:35,0,,50,5.0
2026-08-19T11:40:38Z,2026-08-19 13:40,0,,50,5.0
2026-08-19T11:45:44Z,2026-08-19 13:45,0,,50,5.0
2026-08-19T11:50:50Z,2026-08-19 13:50,0,,40,4.0
2026-08-19T11:55:56Z,2026-08-19 13:55,0,,40,4.0
2026-08-19T12:01:02Z,2026-08-19 14:01,0,,40,4.0
2026-08-19T12:06:09Z,2026-08-19 14:06,0,,40,4.0
2026-08-19T12:11:14Z,2026-08-19 14:11,0,,40,4.0
2026-08-19T12:16:20Z,2026-08-19 14:16,0,,40,4.0
2026-08-19T12:21:26Z,2026-08-19 14:21,0,,40,4.0
2026-08-19T12:26:31Z,2026-08-19 14:26,0,,40,4.0
2026-08-19T12:31:37Z,2026-08-19 14:31,0,,40,4.0
2026-08-19T12:36:43Z,2026-08-19 14:36,0,,40,4.0
2026-08-19T12:41:49Z,2026-08-19 14:41,0,,40,4.0
2026-08-19T12:46:55Z,2026-08-19 14:46,0,,40,4.0
2026-08-19T12:52:00Z,2026-08-19 14:52,0,,40,4.0
2026-08-19T12:57:06Z,2026-08-19 14:57,0,,30,3.0
2026-08-19T13:02:12Z,2026-08-19 15:02,0,,30,3.0
2026-08-19T13:07:18Z,2026-08-19 15:07,0,,30,3.0
2026-08-19T13:12:25Z,2026-08-19 15:12,0,,30,3.0
2026-08-19T13:17:31Z,2026-08-19 15:17,0,,30,3.0
2026-08-19T13:22:37Z,2026-08-19 15:22,0,,30,3.0
2026-08-19T13:27:42Z,2026-08-19 15:27,0,,30,3.0
2026-08-19T13:37:54Z,2026-08-19 15:37,0,,30,3.0
2026-08-19T13:38:10Z,2026-08-19 15:38,0,,30,3.0
2026-08-19T13:43:17Z,2026-08-19 15:43,0,,30,3.0
2026-08-19T13:48:25Z,2026-08-19 15:48,0,,30,3.0
2026-08-19T13:53:32Z,2026-08-19 15:53,0,,30,3.0
2026-08-19T13:58:38Z,2026-08-19 15:58,0,,30,3.0
2026-08-19T14:03:44Z,2026-08-19 16:03,0,,30,3.0
2026-08-19T14:08:52Z,2026-08-19 16:08,0,,30,3.0
2026-08-19T14:14:02Z,2026-08-19 16:14,0,,30,3.0
2026-08-19T14:19:08Z,2026-08-19 16:19,0,,30,3.0
2026-08-19T14:24:15Z,2026-08-19 16:24,0,,30,3.0
2026-08-19T14:29:21Z,2026-08-19 16:29,0,,30,3.0
2026-08-19T14:34:27Z,2026-08-19 16:34,0,,30,3.0
2026-08-19T14:39:33Z,2026-08-19 16:39,0,,30,3.0
2026-08-19T14:44:40Z,2026-08-19 16:44,0,,30,3.0
2026-08-19T14:49:47Z,2026-08-19 16:49,0,,30,3.0
2026-08-19T14:54:53Z,2026-08-19 16:54,0,,30,3.0
2026-08-19T14:59:59Z,2026-08-19 16:59,0,,30,3.0
2026-08-19T15:05:10Z,2026-08-19 17:05,0,,30,3.0
2026-08-19T15:10:16Z,2026-08-19 17:10,10,1.0,30,3.0
2026-08-19T15:15:25Z,2026-08-19 17:15,10,1.0,30,3.0
2026-08-19T15:20:31Z,2026-08-19 17:20,10,1.0,30,3.0
2026-08-19T15:25:37Z,2026-08-19 17:25,0,,40,4.0
2026-08-19T15:30:44Z,2026-08-19 17:30,0,,40,4.0
2026-08-19T15:35:51Z,2026-08-19 17:35,0,,40,4.0
2026-08-19T15:40:58Z,2026-08-19 17:40,0,,40,4.0
2026-08-19T15:46:06Z,2026-08-19 17:46,0,,40,4.0
2026-08-19T15:51:14Z,2026-08-19 17:51,0,,30,3.0
2026-08-19T15:56:21Z,2026-08-19 17:56,0,,30,3.0
2026-08-19T16:01:27Z,2026-08-19 18:01,0,,30,3.0
2026-08-19T16:06:33Z,2026-08-19 18:06,0,,30,3.0
2026-08-19T16:11:40Z,2026-08-19 18:11,0,,30,3.0
2026-08-19T16:16:46Z,2026-08-19 18:16,0,,30,3.0
2026-08-19T16:21:53Z,2026-08-19 18:21,0,,30,3.0
2026-08-19T16:26:59Z,2026-08-19 18:26,0,,30,3.0
2026-08-19T16:27:16Z,2026-08-19 18:27,0,,30,3.0
2026-08-19T16:32:23Z,2026-08-19 18:32,0,,30,3.0
2026-08-19T16:37:29Z,2026-08-19 18:37,0,,20,2.0
2026-08-19T16:42:35Z,2026-08-19 18:42,0,,20,2.0
2026-08-19T16:47:41Z,2026-08-19 18:47,0,,20,2.0
2026-08-19T16:52:49Z,2026-08-19 18:52,0,,20,2.0
2026-08-19T16:57:56Z,2026-08-19 18:57,0,,20,2.0
2026-08-19T17:03:02Z,2026-08-19 19:03,0,,20,2.0
2026-08-19T17:08:08Z,2026-08-19 19:08,0,,20,2.0
2026-08-19T17:13:14Z,2026-08-19 19:13,0,,20,2.0
2026-08-19T17:18:20Z,2026-08-19 19:18,0,,20,2.0
2026-08-19T17:23:27Z,2026-08-19 19:23,0,,20,2.0
2026-08-19T17:28:33Z,2026-08-19 19:28,0,,20,2.0
2026-08-19T17:33:39Z,2026-08-19 19:33,0,,20,2.0
2026-08-19T17:38:45Z,2026-08-19 19:38,0,,20,2.0
2026-08-19T17:43:51Z,2026-08-19 19:43,0,,20,2.0
2026-08-19T17:48:57Z,2026-08-19 19:48,0,,20,2.0
2026-08-19T17:54:02Z,2026-08-19 19:54,0,,20,2.0
2026-08-19T17:59:09Z,2026-08-19 19:59,0,,20,2.0
2026-08-19T18:04:15Z,2026-08-19 20:04,0,,20,2.0
2026-08-19T18:09:23Z,2026-08-19 20:09,0,,10,1.0
2026-08-19T18:14:29Z,2026-08-19 20:14,0,,10,1.0
2026-08-19T18:19:35Z,2026-08-19 20:19,0,,10,1.0
2026-08-19T18:24:41Z,2026-08-19 20:24,0,,0,
2026-08-19T18:29:47Z,2026-08-19 20:29,0,,0,
2026-08-19T18:34:52Z,2026-08-19 20:34,0,,0,
2026-08-19T18:39:58Z,2026-08-19 20:39,0,,0,
2026-08-19T18:45:08Z,2026-08-19 20:45,0,,0,
2026-08-19T18:50:15Z,2026-08-19 20:50,0,,0,
2026-08-19T18:55:21Z,2026-08-19 20:55,0,,0,
2026-08-19T19:00:28Z,2026-08-19 21:00,0,,0,
2026-08-19T19:05:36Z,2026-08-19 21:05,0,,0,
2026-08-19T19:10:42Z,2026-08-19 21:10,0,,0,
2026-08-19T19:15:48Z,2026-08-19 21:15,0,,0,
2026-08-19T19:16:03Z,2026-08-19 21:16,0,,0,
2026-08-19T19:21:08Z,2026-08-19 21:21,0,,0,
2026-08-19T19:26:13Z,2026-08-19 21:26,0,,0,
2026-08-19T19:31:19Z,2026-08-19 21:31,0,,0,
2026-08-19T19:36:24Z,2026-08-19 21:36,0,,0,
2026-08-19T19:41:28Z,2026-08-19 21:41,0,,0,
2026-08-19T19:46:34Z,2026-08-19 21:46,0,,0,
2026-08-19T19:51:39Z,2026-08-19 21:51,0,,0,
2026-08-19T19:56:44Z,2026-08-19 21:56,0,,0,
2026-08-19T20:01:50Z,2026-08-19 22:01,0,,0,
2026-08-19T20:06:55Z,2026-08-19 22:06,0,,0,
2026-08-19T20:12:00Z,2026-08-19 22:12,0,,0,
2026-08-19T20:17:05Z,2026-08-19 22:17,0,,0,
2026-08-19T20:22:11Z,2026-08-19 22:22,0,,0,
2026-08-19T20:27:16Z,2026-08-19 22:27,0,,0,
2026-08-19T20:32:22Z,2026-08-19 22:32,0,,0,
2026-08-19T20:37:27Z,2026-08-19 22:37,0,,0,
2026-08-19T20:42:32Z,2026-08-19 22:42,0,,0,
2026-08-19T20:47:39Z,2026-08-19 22:47,0,,0,
2026-08-19T20:52:44Z,2026-08-19 22:52,0,,0,
2026-08-19T21:02:55Z,2026-08-19 23:02,0,,0,
2026-08-19T21:08:01Z,2026-08-19 23:08,0,,0,
2026-08-19T21:13:07Z,2026-08-19 23:13,0,,0,
2026-08-19T21:18:13Z,2026-08-19 23:18,0,,0,
2026-08-19T21:23:18Z,2026-08-19 23:23,0,,0,
2026-08-19T21:33:28Z,2026-08-19 23:33,0,,0,
2026-08-19T21:38:33Z,2026-08-19 23:38,0,,0,
2026-08-19T21:43:37Z,2026-08-19 23:43,0,,0,
2026-08-19T21:48:42Z,2026-08-19 23:48,0,,0,
2026-08-19T21:53:51Z,2026-08-19 23:53,0,,0,
2026-08-19T21:58:57Z,2026-08-19 23:58,0,,0,
2026-08-19T22:04:03Z,2026-08-20 00:04,0,,0,
2026-08-19T22:04:15Z,2026-08-20 00:04,0,,0,
2026-08-19T22:09:20Z,2026-08-20 00:09,0,,0,
2026-08-19T22:14:25Z,2026-08-20 00:14,0,,0,
2026-08-19T22:19:31Z,2026-08-20 00:19,0,,0,
2026-08-19T22:24:35Z,2026-08-20 00:24,0,,0,
2026-08-19T22:29:41Z,2026-08-20 00:29,0,,0,
2026-08-19T22:34:45Z,2026-08-20 00:34,0,,0,
2026-08-19T22:39:50Z,2026-08-20 00:39,0,,0,
2026-08-19T22:44:55Z,2026-08-20 00:44,0,,0,
2026-08-19T22:50:00Z,2026-08-20 00:50,0,,0,
2026-08-19T22:55:15Z,2026-08-20 00:55,0,,0,
2026-08-19T23:00:47Z,2026-08-20 01:00,0,,0,
2026-08-19T23:05:52Z,2026-08-20 01:05,0,,0,
2026-08-19T23:10:57Z,2026-08-20 01:10,0,,0,
2026-08-19T23:16:02Z,2026-08-20 01:16,0,,0,
2026-08-19T23:21:07Z,2026-08-20 01:21,0,,0,
2026-08-19T23:26:11Z,2026-08-20 01:26,0,,0,
2026-08-19T23:31:17Z,2026-08-20 01:31,0,,0,
2026-08-19T23:36:21Z,2026-08-20 01:36,0,,0,
2026-08-19T23:41:26Z,2026-08-20 01:41,0,,0,
2026-08-19T23:46:32Z,2026-08-20 01:46,0,,0,
2026-08-19T23:51:36Z,2026-08-20 01:51,0,,0,
2026-08-19T23:56:41Z,2026-08-20 01:56,0,,0,
2026-08-20T00:01:46Z,2026-08-20 02:01,0,,0,
2026-08-20T00:06:51Z,2026-08-20 02:06,0,,0,
2026-08-20T00:11:56Z,2026-08-20 02:11,0,,0,
2026-08-20T00:17:01Z,2026-08-20 02:17,0,,0,
2026-08-20T00:22:08Z,2026-08-20 02:22,0,,0,
2026-08-20T00:27:13Z,2026-08-20 02:27,0,,0,
2026-08-20T00:32:18Z,2026-08-20 02:32,0,,0,
2026-08-20T00:37:23Z,2026-08-20 02:37,0,,0,
2026-08-20T00:42:28Z,2026-08-20 02:42,0,,0,
2026-08-20T00:47:33Z,2026-08-20 02:47,0,,0,
2026-08-20T00:52:38Z,2026-08-20 02:52,0,,0,
2026-08-20T00:52:52Z,2026-08-20 02:52,0,,0,
2026-08-20T00:57:57Z,2026-08-20 02:57,0,,0,
2026-08-20T01:03:02Z,2026-08-20 03:03,0,,0,
2026-08-20T01:08:08Z,2026-08-20 03:08,0,,0,
2026-08-20T01:13:15Z,2026-08-20 03:13,0,,0,
2026-08-20T01:18:20Z,2026-08-20 03:18,0,,0,
2026-08-20T01:23:26Z,2026-08-20 03:23,0,,0,
2026-08-20T01:28:31Z,2026-08-20 03:28,0,,0,
2026-08-20T01:33:37Z,2026-08-20 03:33,0,,0,
2026-08-20T01:38:42Z,2026-08-20 03:38,0,,0,
2026-08-20T01:43:47Z,2026-08-20 03:43,0,,0,
2026-08-20T01:48:52Z,2026-08-20 03:48,0,,0,
2026-08-20T01:53:58Z,2026-08-20 03:53,0,,0,
2026-08-20T01:59:03Z,2026-08-20 03:59,0,,0,
2026-08-20T02:04:09Z,2026-08-20 04:04,0,,0,
2026-08-20T02:09:15Z,2026-08-20 04:09,0,,0,
2026-08-20T02:14:20Z,2026-08-20 04:14,0,,0,
2026-08-20T02:19:26Z,2026-08-20 04:19,0,,0,
2026-08-20T02:24:32Z,2026-08-20 04:24,0,,0,
2026-08-20T02:29:37Z,2026-08-20 04:29,0,,0,
2026-08-20T02:34:43Z,2026-08-20 04:34,0,,0,
2026-08-20T02:39:48Z,2026-08-20 04:39,0,,0,
2026-08-20T02:44:53Z,2026-08-20 04:44,0,,0,
2026-08-20T02:49:59Z,2026-08-20 04:49,0,,0,
2026-08-20T02:55:06Z,2026-08-20 04:55,0,,0,
2026-08-20T03:00:31Z,2026-08-20 05:00,0,,0,
2026-08-20T03:05:37Z,2026-08-20 05:05,0,,0,
2026-08-20T03:10:42Z,2026-08-20 05:10,0,,0,
2026-08-20T03:15:47Z,2026-08-20 05:15,0,,0,
2026-08-20T03:20:52Z,2026-08-20 05:20,0,,0,
2026-08-20T03:25:58Z,2026-08-20 05:25,0,,0,
2026-08-20T03:31:04Z,2026-08-20 05:31,0,,0,
2026-08-20T03:36:10Z,2026-08-20 05:36,0,,0,
2026-08-20T03:41:15Z,2026-08-20 05:41,0,,0,
2026-08-20T03:41:29Z,2026-08-20 05:41,0,,0,
2026-08-20T03:46:36Z,2026-08-20 05:46,0,,0,
2026-08-20T03:51:42Z,2026-08-20 05:51,0,,0,
2026-08-20T03:56:49Z,2026-08-20 05:56,0,,0,
2026-08-20T04:01:55Z,2026-08-20 06:01,0,,0,
2026-08-20T04:07:01Z,2026-08-20 06:07,0,,0,
2026-08-20T04:12:07Z,2026-08-20 06:12,0,,0,
2026-08-20T04:17:13Z,2026-08-20 06:17,0,,0,
2026-08-20T04:22:19Z,2026-08-20 06:22,0,,0,
2026-08-20T04:27:25Z,2026-08-20 06:27,0,,0,
2026-08-20T04:32:31Z,2026-08-20 06:32,0,,0,
2026-08-20T04:37:37Z,2026-08-20 06:37,0,,0,
2026-08-20T04:42:43Z,2026-08-20 06:42,0,,0,
2026-08-20T04:47:49Z,2026-08-20 06:47,0,,0,
2026-08-20T04:52:55Z,2026-08-20 06:52,0,,0,
2026-08-20T04:58:01Z,2026-08-20 06:58,0,,0,
2026-08-20T05:03:07Z,2026-08-20 07:03,0,,0,
2026-08-20T05:08:13Z,2026-08-20 07:08,0,,0,
2026-08-20T05:13:19Z,2026-08-20 07:13,0,,0,
2026-08-20T05:18:28Z,2026-08-20 07:18,0,,0,
2026-08-20T05:23:34Z,2026-08-20 07:23,0,,0,
2026-08-20T05:28:40Z,2026-08-20 07:28,0,,0,
2026-08-20T05:33:46Z,2026-08-20 07:33,0,,0,
2026-08-20T05:38:53Z,2026-08-20 07:38,0,,0,
2026-08-20T05:43:59Z,2026-08-20 07:43,0,,0,
2026-08-20T05:49:05Z,2026-08-20 07:49,0,,0,
2026-08-20T05:54:11Z,2026-08-20 07:54,0,,0,
2026-08-20T05:59:17Z,2026-08-20 07:59,0,,0,
2026-08-20T06:04:22Z,2026-08-20 08:04,0,,0,
2026-08-20T06:09:29Z,2026-08-20 08:09,0,,0,
2026-08-20T06:14:35Z,2026-08-20 08:14,0,,0,
2026-08-20T06:19:41Z,2026-08-20 08:19,0,,0,
2026-08-20T06:24:47Z,2026-08-20 08:24,0,,0,
2026-08-20T06:29:54Z,2026-08-20 08:29,0,,0,
2026-08-20T06:30:15Z,2026-08-20 08:30,0,,0,
2026-08-20T06:35:21Z,2026-08-20 08:35,0,,0,
2026-08-20T06:40:29Z,2026-08-20 08:40,0,,0,
2026-08-20T06:45:34Z,2026-08-20 08:45,0,,0,
2026-08-20T06:50:39Z,2026-08-20 08:50,0,,0,
2026-08-20T06:55:44Z,2026-08-20 08:55,0,,0,
2026-08-20T07:00:50Z,2026-08-20 09:00,0,,0,
2026-08-20T07:11:01Z,2026-08-20 09:11,0,,0,
2026-08-20T07:21:14Z,2026-08-20 09:21,0,,0,
2026-08-20T07:26:20Z,2026-08-20 09:26,0,,0,
2026-08-20T07:31:25Z,2026-08-20 09:31,0,,0,
2026-08-20T07:36:31Z,2026-08-20 09:36,0,,0,
2026-08-20T07:41:36Z,2026-08-20 09:41,0,,0,
2026-08-20T07:46:41Z,2026-08-20 09:46,0,,0,
2026-08-20T07:51:47Z,2026-08-20 09:51,0,,0,
2026-08-20T07:56:52Z,2026-08-20 09:56,0,,0,
2026-08-20T08:01:57Z,2026-08-20 10:01,0,,0,
2026-08-20T08:07:03Z,2026-08-20 10:07,0,,0,
2026-08-20T08:12:08Z,2026-08-20 10:12,0,,0,
2026-08-20T08:17:14Z,2026-08-20 10:17,0,,10,1.0
2026-08-20T08:22:19Z,2026-08-20 10:22,0,,10,1.0
2026-08-20T08:27:25Z,2026-08-20 10:27,0,,10,1.0
2026-08-20T08:32:30Z,2026-08-20 10:32,0,,20,2.0
2026-08-20T08:37:36Z,2026-08-20 10:37,0,,20,2.0
2026-08-20T08:42:42Z,2026-08-20 10:42,0,,20,2.0
2026-08-20T08:47:47Z,2026-08-20 10:47,0,,20,2.0
2026-08-20T08:52:53Z,2026-08-20 10:52,0,,20,2.0
2026-08-20T08:57:58Z,2026-08-20 10:57,0,,30,3.0
2026-08-20T09:03:04Z,2026-08-20 11:03,0,,30,3.0
2026-08-20T09:08:09Z,2026-08-20 11:08,0,,30,3.0
2026-08-20T09:13:15Z,2026-08-20 11:13,0,,30,3.0
2026-08-20T09:18:21Z,2026-08-20 11:18,0,,30,3.0
2026-08-20T09:18:34Z,2026-08-20 11:18,0,,30,3.0
2026-08-20T09:23:40Z,2026-08-20 11:23,0,,30,3.0
2026-08-20T09:28:45Z,2026-08-20 11:28,0,,40,4.0
2026-08-20T09:33:50Z,2026-08-20 11:33,0,,40,4.0
2026-08-20T09:38:56Z,2026-08-20 11:38,0,,40,4.0
2026-08-20T09:44:01Z,2026-08-20 11:44,0,,50,5.0
2026-08-20T09:49:09Z,2026-08-20 11:49,0,,50,5.0
2026-08-20T09:54:15Z,2026-08-20 11:54,0,,50,5.0
2026-08-20T09:59:21Z,2026-08-20 11:59,0,,50,5.0
2026-08-20T10:04:27Z,2026-08-20 12:04,0,,50,5.0
2026-08-20T10:09:33Z,2026-08-20 12:09,0,,60,6.0
2026-08-20T10:14:38Z,2026-08-20 12:14,0,,60,6.0
2026-08-20T10:19:44Z,2026-08-20 12:19,0,,60,6.0
2026-08-20T10:24:49Z,2026-08-20 12:24,20,2.0,60,6.0
2026-08-20T10:29:55Z,2026-08-20 12:29,20,2.0,60,6.0
2026-08-20T10:35:01Z,2026-08-20 12:35,20,2.0,70,7.0
2026-08-20T10:40:12Z,2026-08-20 12:40,20,2.0,80,8.0
2026-08-20T10:45:18Z,2026-08-20 12:45,20,2.0,80,8.0
2026-08-20T10:50:25Z,2026-08-20 12:50,20,2.0,80,8.0
2026-08-20T10:55:30Z,2026-08-20 12:55,20,2.0,80,8.0
2026-08-20T11:00:35Z,2026-08-20 13:00,20,2.0,80,8.0
2026-08-20T11:05:41Z,2026-08-20 13:05,20,2.0,80,8.0
2026-08-20T11:10:46Z,2026-08-20 13:10,20,2.0,90,9.0
2026-08-20T11:15:52Z,2026-08-20 13:15,20,2.0,90,9.0
2026-08-20T11:20:58Z,2026-08-20 13:20,20,2.0,90,9.0
2026-08-20T11:26:03Z,2026-08-20 13:26,20,2.0,80,8.0
2026-08-20T11:31:09Z,2026-08-20 13:31,20,2.0,80,8.0
2026-08-20T11:36:15Z,2026-08-20 13:36,10,1.0,80,8.0
2026-08-20T11:46:27Z,2026-08-20 13:46,10,1.0,80,8.0
2026-08-20T11:51:32Z,2026-08-20 13:51,10,1.0,80,8.0
2026-08-20T11:56:38Z,2026-08-20 13:56,10,1.0,80,8.0
2026-08-20T12:01:44Z,2026-08-20 14:01,10,1.0,80,8.0
2026-08-20T12:06:50Z,2026-08-20 14:06,10,1.0,80,8.0
2026-08-20T12:07:05Z,2026-08-20 14:07,10,1.0,80,8.0
2026-08-20T12:12:13Z,2026-08-20 14:12,10,1.0,80,8.0
2026-08-20T12:22:25Z,2026-08-20 14:22,10,1.0,70,7.0
2026-08-20T12:27:31Z,2026-08-20 14:27,10,1.0,70,7.0
2026-08-20T12:32:37Z,2026-08-20 14:32,20,2.0,70,7.0
2026-08-20T12:37:43Z,2026-08-20 14:37,20,2.0,70,7.0
2026-08-20T12:42:49Z,2026-08-20 14:42,20,2.0,70,7.0
2026-08-20T12:47:56Z,2026-08-20 14:47,20,2.0,70,7.0
2026-08-20T12:53:02Z,2026-08-20 14:53,20,2.0,70,7.0
2026-08-20T12:58:08Z,2026-08-20 14:58,20,2.0,70,7.0
2026-08-20T13:03:16Z,2026-08-20 15:03,20,2.0,70,7.0
2026-08-20T13:08:22Z,2026-08-20 15:08,20,2.0,70,7.0
2026-08-20T13:13:28Z,2026-08-20 15:13,20,2.0,70,7.0
2026-08-20T13:18:34Z,2026-08-20 15:18,20,2.0,60,6.0
2026-08-20T13:23:40Z,2026-08-20 15:23,20,2.0,60,6.0
2026-08-20T13:28:46Z,2026-08-20 15:28,20,2.0,60,6.0
2026-08-20T13:33:53Z,2026-08-20 15:33,20,2.0,60,6.0
2026-08-20T13:38:59Z,2026-08-20 15:38,20,2.0,60,6.0
2026-08-20T13:44:09Z,2026-08-20 15:44,20,2.0,60,6.0
2026-08-20T13:49:15Z,2026-08-20 15:49,20,2.0,60,6.0
2026-08-20T13:54:23Z,2026-08-20 15:54,20,2.0,60,6.0
2026-08-20T13:59:29Z,2026-08-20 15:59,20,2.0,60,6.0
2026-08-20T14:04:36Z,2026-08-20 16:04,10,1.0,60,6.0
2026-08-20T14:09:42Z,2026-08-20 16:09,10,1.0,60,6.0
2026-08-20T14:14:48Z,2026-08-20 16:14,10,1.0,60,6.0
2026-08-20T14:19:54Z,2026-08-20 16:19,10,1.0,60,6.0
2026-08-20T14:25:01Z,2026-08-20 16:25,10,1.0,60,6.0
2026-08-20T14:30:25Z,2026-08-20 16:30,10,1.0,60,6.0
2026-08-20T14:35:31Z,2026-08-20 16:35,0,,60,6.0
2026-08-20T14:40:37Z,2026-08-20 16:40,0,,60,6.0
2026-08-20T14:45:44Z,2026-08-20 16:45,0,,60,6.0
2026-08-20T14:50:51Z,2026-08-20 16:50,0,,60,6.0
2026-08-20T14:55:58Z,2026-08-20 16:55,0,,60,6.0
2026-08-20T14:56:15Z,2026-08-20 16:56,0,,60,6.0
2026-08-20T15:01:21Z,2026-08-20 17:01,0,,60,6.0
2026-08-20T15:06:27Z,2026-08-20 17:06,0,,50,5.0
2026-08-20T15:11:33Z,2026-08-20 17:11,0,,50,5.0
2026-08-20T15:16:38Z,2026-08-20 17:16,0,,50,5.0
2026-08-20T15:21:44Z,2026-08-20 17:21,0,,50,5.0
2026-08-20T15:26:53Z,2026-08-20 17:26,0,,50,5.0
2026-08-20T15:31:59Z,2026-08-20 17:31,0,,50,5.0
2026-08-20T15:37:05Z,2026-08-20 17:37,0,,40,4.0
2026-08-20T15:42:11Z,2026-08-20 17:42,0,,40,4.0
2026-08-20T15:47:18Z,2026-08-20 17:47,0,,40,4.0
2026-08-20T15:52:24Z,2026-08-20 17:52,0,,40,4.0
2026-08-20T15:57:30Z,2026-08-20 17:57,0,,30,3.0
2026-08-20T16:02:35Z,2026-08-20 18:02,0,,30,3.0
2026-08-20T16:07:41Z,2026-08-20 18:07,0,,30,3.0
2026-08-20T16:12:46Z,2026-08-20 18:12,0,,30,3.0
2026-08-20T16:17:52Z,2026-08-20 18:17,0,,30,3.0
2026-08-20T16:22:57Z,2026-08-20 18:22,0,,30,3.0
2026-08-20T16:28:08Z,2026-08-20 18:28,0,,30,3.0
2026-08-20T16:33:14Z,2026-08-20 18:33,0,,30,3.0
2026-08-20T16:38:20Z,2026-08-20 18:38,0,,30,3.0
2026-08-20T16:43:27Z,2026-08-20 18:43,0,,30,3.0
2026-08-20T16:48:32Z,2026-08-20 18:48,0,,20,2.0
2026-08-20T16:53:38Z,2026-08-20 18:53,0,,20,2.0
2026-08-20T16:58:44Z,2026-08-20 18:58,0,,20,2.0
2026-08-20T17:03:49Z,2026-08-20 19:03,0,,20,2.0
2026-08-20T17:08:55Z,2026-08-20 19:08,0,,20,2.0
2026-08-20T17:14:00Z,2026-08-20 19:14,0,,20,2.0
2026-08-20T17:19:05Z,2026-08-20 19:19,0,,20,2.0
2026-08-20T17:24:13Z,2026-08-20 19:24,0,,20,2.0
2026-08-20T17:29:19Z,2026-08-20 19:29,0,,20,2.0
2026-08-20T17:34:24Z,2026-08-20 19:34,0,,20,2.0
2026-08-20T17:39:30Z,2026-08-20 19:39,0,,20,2.0
2026-08-20T17:44:46Z,2026-08-20 19:44,0,,20,2.0
2026-08-20T17:49:52Z,2026-08-20 19:49,0,,10,1.0
2026-08-20T17:54:57Z,2026-08-20 19:54,0,,10,1.0
2026-08-20T18:00:04Z,2026-08-20 20:00,0,,10,1.0
2026-08-20T18:05:12Z,2026-08-20 20:05,0,,10,1.0
2026-08-20T18:10:17Z,2026-08-20 20:10,0,,0,
2026-08-20T18:15:22Z,2026-08-20 20:15,0,,0,
2026-08-20T18:20:29Z,2026-08-20 20:20,0,,0,
2026-08-20T18:25:34Z,2026-08-20 20:25,0,,0,
2026-08-20T18:30:41Z,2026-08-20 20:30,0,,0,
2026-08-20T18:35:47Z,2026-08-20 20:35,0,,0,
2026-08-20T18:40:54Z,2026-08-20 20:40,0,,0,
2026-08-20T18:46:01Z,2026-08-20 20:46,0,,0,
2026-08-20T18:51:07Z,2026-08-20 20:51,0,,0,
2026-08-20T18:56:12Z,2026-08-20 20:56,0,,0,
2026-08-20T19:01:18Z,2026-08-20 21:01,0,,0,
2026-08-20T19:11:28Z,2026-08-20 21:11,0,,0,
2026-08-20T19:21:38Z,2026-08-20 21:21,0,,0,
2026-08-20T19:26:44Z,2026-08-20 21:26,0,,0,
2026-08-20T19:31:49Z,2026-08-20 21:31,0,,0,
2026-08-20T19:36:54Z,2026-08-20 21:36,0,,0,
2026-08-20T19:41:59Z,2026-08-20 21:41,0,,0,
2026-08-20T19:47:04Z,2026-08-20 21:47,0,,0,
2026-08-20T19:52:10Z,2026-08-20 21:52,0,,0,
2026-08-20T19:57:15Z,2026-08-20 21:57,0,,0,
2026-08-20T20:02:20Z,2026-08-20 22:02,0,,0,
2026-08-20T20:07:27Z,2026-08-20 22:07,0,,0,
2026-08-20T20:12:33Z,2026-08-20 22:12,0,,0,
2026-08-20T20:17:38Z,2026-08-20 22:17,0,,0,
2026-08-20T20:22:43Z,2026-08-20 22:22,0,,0,
2026-08-20T20:27:52Z,2026-08-20 22:27,0,,0,
2026-08-20T20:32:58Z,2026-08-20 22:32,0,,0,
2026-08-20T20:33:13Z,2026-08-20 22:33,0,,0,
2026-08-20T20:38:19Z,2026-08-20 22:38,0,,0,
2026-08-20T20:43:24Z,2026-08-20 22:43,0,,0,
2026-08-20T20:48:30Z,2026-08-20 22:48,0,,0,
2026-08-20T20:53:35Z,2026-08-20 22:53,0,,0,
2026-08-20T20:58:41Z,2026-08-20 22:58,0,,0,
2026-08-20T21:03:47Z,2026-08-20 23:03,0,,0,
2026-08-20T21:08:53Z,2026-08-20 23:08,0,,0,
2026-08-20T21:13:59Z,2026-08-20 23:13,0,,0,
2026-08-20T21:19:04Z,2026-08-20 23:19,0,,0,
2026-08-20T21:24:12Z,2026-08-20 23:24,0,,0,
2026-08-20T21:29:18Z,2026-08-20 23:29,0,,0,
2026-08-20T21:34:24Z,2026-08-20 23:34,0,,0,
2026-08-20T21:39:30Z,2026-08-20 23:39,0,,0,
2026-08-20T21:44:35Z,2026-08-20 23:44,0,,0,
2026-08-20T21:49:41Z,2026-08-20 23:49,0,,0,
2026-08-20T21:54:46Z,2026-08-20 23:54,0,,0,
2026-08-20T21:59:51Z,2026-08-20 23:59,0,,0,
2026-08-20T22:04:57Z,2026-08-21 00:04,0,,0,
2026-08-20T22:10:03Z,2026-08-21 00:10,0,,0,
2026-08-20T22:15:14Z,2026-08-21 00:15,0,,0,
2026-08-20T22:20:21Z,2026-08-21 00:20,0,,0,
2026-08-20T22:25:25Z,2026-08-21 00:25,0,,0,
2026-08-20T22:30:30Z,2026-08-21 00:30,0,,0,
2026-08-20T22:35:35Z,2026-08-21 00:35,0,,0,
2026-08-20T22:40:41Z,2026-08-21 00:40,0,,0,
2026-08-20T22:45:46Z,2026-08-21 00:45,0,,0,
2026-08-20T22:50:52Z,2026-08-21 00:50,0,,0,
2026-08-20T22:55:57Z,2026-08-21 00:55,0,,0,
2026-08-20T23:01:04Z,2026-08-21 01:01,0,,0,
2026-08-20T23:06:13Z,2026-08-21 01:06,0,,0,
2026-08-20T23:11:18Z,2026-08-21 01:11,0,,0,
2026-08-20T23:16:24Z,2026-08-21 01:16,0,,0,
2026-08-20T23:21:29Z,2026-08-21 01:21,0,,0,
2026-08-20T23:21:46Z,2026-08-21 01:21,0,,0,
2026-08-20T23:26:53Z,2026-08-21 01:26,0,,0,
2026-08-20T23:31:59Z,2026-08-21 01:31,0,,0,
2026-08-20T23:37:06Z,2026-08-21 01:37,0,,0,
2026-08-20T23:42:12Z,2026-08-21 01:42,0,,0,
2026-08-20T23:47:18Z,2026-08-21 01:47,0,,0,
2026-08-20T23:52:24Z,2026-08-21 01:52,0,,0,
2026-08-20T23:57:30Z,2026-08-21 01:57,0,,0,
2026-08-21T00:02:36Z,2026-08-21 02:02,0,,0,
2026-08-21T00:07:42Z,2026-08-21 02:07,0,,0,
2026-08-21T00:12:48Z,2026-08-21 02:12,0,,0,
2026-08-21T00:17:54Z,2026-08-21 02:17,0,,0,
2026-08-21T00:23:01Z,2026-08-21 02:23,0,,0,
2026-08-21T00:28:10Z,2026-08-21 02:28,0,,0,
2026-08-21T00:33:16Z,2026-08-21 02:33,0,,0,
2026-08-21T00:38:22Z,2026-08-21 02:38,0,,0,
2026-08-21T00:43:29Z,2026-08-21 02:43,0,,0,
2026-08-21T00:48:35Z,2026-08-21 02:48,0,,0,
2026-08-21T00:53:41Z,2026-08-21 02:53,0,,0,
2026-08-21T00:58:47Z,2026-08-21 02:58,0,,0,
2026-08-21T01:03:53Z,2026-08-21 03:03,0,,0,
2026-08-21T01:08:59Z,2026-08-21 03:08,0,,0,
2026-08-21T01:14:09Z,2026-08-21 03:14,0,,0,
2026-08-21T01:19:16Z,2026-08-21 03:19,0,,0,
2026-08-21T01:24:24Z,2026-08-21 03:24,0,,0,
2026-08-21T01:29:30Z,2026-08-21 03:29,0,,0,
2026-08-21T01:34:37Z,2026-08-21 03:34,0,,0,
2026-08-21T01:39:43Z,2026-08-21 03:39,0,,0,
2026-08-21T01:44:49Z,2026-08-21 03:44,0,,0,
2026-08-21T01:49:56Z,2026-08-21 03:49,0,,0,
2026-08-21T01:55:02Z,2026-08-21 03:55,0,,0,
2026-08-21T02:00:25Z,2026-08-21 04:00,0,,0,
2026-08-21T02:05:32Z,2026-08-21 04:05,0,,0,
2026-08-21T02:10:38Z,2026-08-21 04:10,0,,0,
2026-08-21T02:10:57Z,2026-08-21 04:10,0,,0,
2026-08-21T02:16:03Z,2026-08-21 04:16,0,,0,
2026-08-21T02:21:09Z,2026-08-21 04:21,0,,0,
2026-08-21T02:26:15Z,2026-08-21 04:26,0,,0,
2026-08-21T02:31:21Z,2026-08-21 04:31,0,,0,
2026-08-21T02:36:27Z,2026-08-21 04:36,0,,0,
2026-08-21T02:41:33Z,2026-08-21 04:41,0,,0,
2026-08-21T02:46:39Z,2026-08-21 04:46,0,,0,
2026-08-21T02:51:45Z,2026-08-21 04:51,0,,0,
2026-08-21T02:56:51Z,2026-08-21 04:56,0,,0,
2026-08-21T03:01:57Z,2026-08-21 05:01,0,,0,
2026-08-21T03:07:03Z,2026-08-21 05:07,0,,0,
2026-08-21T03:12:10Z,2026-08-21 05:12,0,,0,
2026-08-21T03:17:16Z,2026-08-21 05:17,0,,0,
2026-08-21T03:22:22Z,2026-08-21 05:22,0,,0,
2026-08-21T03:27:28Z,2026-08-21 05:27,0,,0,
2026-08-21T03:32:33Z,2026-08-21 05:32,0,,0,
2026-08-21T03:37:39Z,2026-08-21 05:37,0,,0,
2026-08-21T03:42:45Z,2026-08-21 05:42,0,,0,
2026-08-21T03:47:51Z,2026-08-21 05:47,0,,0,
2026-08-21T03:52:56Z,2026-08-21 05:52,0,,0,
2026-08-21T03:58:03Z,2026-08-21 05:58,0,,0,
2026-08-21T04:03:08Z,2026-08-21 06:03,0,,0,
2026-08-21T04:08:14Z,2026-08-21 06:08,0,,0,
2026-08-21T04:18:25Z,2026-08-21 06:18,0,,0,
2026-08-21T04:23:37Z,2026-08-21 06:23,0,,0,
2026-08-21T04:28:43Z,2026-08-21 06:28,0,,0,
2026-08-21T04:33:49Z,2026-08-21 06:33,0,,0,
2026-08-21T04:38:55Z,2026-08-21 06:38,0,,0,
2026-08-21T04:44:01Z,2026-08-21 06:44,0,,0,
2026-08-21T04:49:08Z,2026-08-21 06:49,0,,0,
2026-08-21T04:54:14Z,2026-08-21 06:54,0,,0,
2026-08-21T04:59:20Z,2026-08-21 06:59,0,,0,
2026-08-21T04:59:33Z,2026-08-21 06:59,0,,0,
2026-08-21T05:04:38Z,2026-08-21 07:04,0,,0,
2026-08-21T05:09:44Z,2026-08-21 07:09,0,,0,
2026-08-21T05:14:49Z,2026-08-21 07:14,0,,0,
2026-08-21T05:19:56Z,2026-08-21 07:19,0,,0,
2026-08-21T05:25:02Z,2026-08-21 07:25,0,,0,
2026-08-21T05:30:17Z,2026-08-21 07:30,0,,0,
2026-08-21T05:35:25Z,2026-08-21 07:35,0,,0,
2026-08-21T05:40:30Z,2026-08-21 07:40,0,,0,
2026-08-21T05:45:36Z,2026-08-21 07:45,0,,0,
2026-08-21T05:50:41Z,2026-08-21 07:50,0,,0,
2026-08-21T05:55:47Z,2026-08-21 07:55,0,,0,
2026-08-21T06:00:55Z,2026-08-21 08:00,0,,0,
2026-08-21T06:06:00Z,2026-08-21 08:06,0,,0,
2026-08-21T06:11:06Z,2026-08-21 08:11,0,,0,
2026-08-21T06:16:11Z,2026-08-21 08:16,0,,0,
2026-08-21T06:21:17Z,2026-08-21 08:21,0,,0,
2026-08-21T06:26:22Z,2026-08-21 08:26,0,,0,
2026-08-21T06:31:27Z,2026-08-21 08:31,0,,0,
2026-08-21T06:36:33Z,2026-08-21 08:36,0,,0,
2026-08-21T06:41:38Z,2026-08-21 08:41,0,,0,
2026-08-21T06:46:44Z,2026-08-21 08:46,0,,0,
2026-08-21T06:51:49Z,2026-08-21 08:51,0,,0,
2026-08-21T06:56:54Z,2026-08-21 08:56,0,,0,
2026-08-21T07:01:59Z,2026-08-21 09:01,0,,0,
2026-08-21T07:07:06Z,2026-08-21 09:07,0,,0,
2026-08-21T07:12:12Z,2026-08-21 09:12,0,,0,
2026-08-21T07:17:18Z,2026-08-21 09:17,0,,0,
2026-08-21T07:22:24Z,2026-08-21 09:22,0,,0,
2026-08-21T07:27:29Z,2026-08-21 09:27,0,,0,
2026-08-21T07:32:35Z,2026-08-21 09:32,0,,0,
2026-08-21T07:37:41Z,2026-08-21 09:37,0,,0,
2026-08-21T07:42:46Z,2026-08-21 09:42,0,,10,1.0
2026-08-21T07:47:52Z,2026-08-21 09:47,0,,10,1.0
2026-08-21T07:48:06Z,2026-08-21 09:48,0,,10,1.0
2026-08-21T07:53:12Z,2026-08-21 09:53,0,,10,1.0
2026-08-21T07:58:17Z,2026-08-21 09:58,0,,10,1.0
2026-08-21T08:03:24Z,2026-08-21 10:03,0,,10,1.0
2026-08-21T08:08:30Z,2026-08-21 10:08,0,,10,1.0
2026-08-21T08:13:35Z,2026-08-21 10:13,10,1.0,10,1.0
2026-08-21T08:18:41Z,2026-08-21 10:18,10,1.0,20,2.0
2026-08-21T08:23:47Z,2026-08-21 10:23,10,1.0,20,2.0
2026-08-21T08:28:53Z,2026-08-21 10:28,10,1.0,20,2.0
2026-08-21T08:33:59Z,2026-08-21 10:33,10,1.0,20,2.0
2026-08-21T08:39:05Z,2026-08-21 10:39,10,1.0,20,2.0
2026-08-21T08:44:11Z,2026-08-21 10:44,10,1.0,30,3.0
2026-08-21T08:49:18Z,2026-08-21 10:49,10,1.0,30,3.0
2026-08-21T08:54:24Z,2026-08-21 10:54,20,2.0,30,3.0
2026-08-21T08:59:30Z,2026-08-21 10:59,20,2.0,30,3.0
2026-08-21T09:04:36Z,2026-08-21 11:04,20,2.0,40,4.0
2026-08-21T09:09:42Z,2026-08-21 11:09,20,2.0,40,4.0
2026-08-21T09:14:48Z,2026-08-21 11:14,20,2.0,40,4.0
2026-08-21T09:19:53Z,2026-08-21 11:19,20,2.0,40,4.0
2026-08-21T09:24:59Z,2026-08-21 11:24,20,2.0,40,4.0
2026-08-21T09:30:13Z,2026-08-21 11:30,20,2.0,50,5.0
2026-08-21T09:35:19Z,2026-08-21 11:35,20,2.0,50,5.0
2026-08-21T09:40:27Z,2026-08-21 11:40,20,2.0,50,5.0
2026-08-21T09:45:35Z,2026-08-21 11:45,20,2.0,50,5.0
2026-08-21T09:50:41Z,2026-08-21 11:50,30,3.0,60,6.0
2026-08-21T09:55:47Z,2026-08-21 11:55,30,3.0,60,6.0
2026-08-21T10:00:54Z,2026-08-21 12:00,30,3.0,60,6.0
2026-08-21T10:06:00Z,2026-08-21 12:06,30,3.0,60,6.0
2026-08-21T10:11:06Z,2026-08-21 12:11,30,3.0,60,6.0
2026-08-21T10:16:13Z,2026-08-21 12:16,30,3.0,60,6.0
2026-08-21T10:21:19Z,2026-08-21 12:21,30,3.0,60,6.0
2026-08-21T10:26:25Z,2026-08-21 12:26,30,3.0,60,6.0
2026-08-21T10:31:30Z,2026-08-21 12:31,30,3.0,60,6.0
2026-08-21T10:36:39Z,2026-08-21 12:36,30,3.0,60,6.0
2026-08-21T10:36:52Z,2026-08-21 12:36,30,3.0,60,6.0
2026-08-21T10:41:57Z,2026-08-21 12:41,30,3.0,60,6.0
2026-08-21T10:47:02Z,2026-08-21 12:47,30,3.0,80,8.0
2026-08-21T10:52:10Z,2026-08-21 12:52,40,4.0,80,8.0
2026-08-21T10:57:15Z,2026-08-21 12:57,40,4.0,80,8.0
2026-08-21T11:02:20Z,2026-08-21 13:02,40,4.0,80,8.0
2026-08-21T11:07:26Z,2026-08-21 13:07,40,4.0,80,8.0
2026-08-21T11:12:33Z,2026-08-21 13:12,40,4.0,80,8.0
2026-08-21T11:17:38Z,2026-08-21 13:17,40,4.0,80,8.0
2026-08-21T11:22:43Z,2026-08-21 13:22,40,4.0,80,8.0
2026-08-21T11:27:52Z,2026-08-21 13:27,40,4.0,80,8.0
2026-08-21T11:32:59Z,2026-08-21 13:32,40,4.0,80,8.0
2026-08-21T11:38:07Z,2026-08-21 13:38,40,4.0,80,8.0
2026-08-21T11:43:13Z,2026-08-21 13:43,40,4.0,80,8.0
2026-08-21T11:48:19Z,2026-08-21 13:48,40,4.0,80,8.0
2026-08-21T11:53:24Z,2026-08-21 13:53,40,4.0,80,8.0
2026-08-21T12:03:34Z,2026-08-21 14:03,40,4.0,70,7.0
2026-08-21T12:13:45Z,2026-08-21 14:13,40,4.0,70,7.0
2026-08-21T12:18:50Z,2026-08-21 14:18,40,4.0,70,7.0
2026-08-21T12:23:56Z,2026-08-21 14:23,40,4.0,70,7.0
2026-08-21T12:29:01Z,2026-08-21 14:29,40,4.0,60,6.0
2026-08-21T12:34:10Z,2026-08-21 14:34,40,4.0,60,6.0
2026-08-21T12:39:15Z,2026-08-21 14:39,40,4.0,60,6.0
2026-08-21T12:44:21Z,2026-08-21 14:44,50,5.0,60,6.0
2026-08-21T12:49:26Z,2026-08-21 14:49,50,5.0,60,6.0
2026-08-21T12:54:31Z,2026-08-21 14:54,50,5.0,60,6.0
2026-08-21T12:59:37Z,2026-08-21 14:59,50,5.0,60,6.0
2026-08-21T13:04:42Z,2026-08-21 15:04,50,5.0,60,6.0
2026-08-21T13:09:48Z,2026-08-21 15:09,50,5.0,60,6.0
2026-08-21T13:14:55Z,2026-08-21 15:14,50,5.0,60,6.0
2026-08-21T13:20:00Z,2026-08-21 15:20,50,5.0,60,6.0
2026-08-21T13:25:08Z,2026-08-21 15:25,50,5.0,60,6.0
2026-08-21T13:25:24Z,2026-08-21 15:25,50,5.0,60,6.0
2026-08-21T13:30:36Z,2026-08-21 15:30,50,5.0,60,6.0
2026-08-21T13:35:42Z,2026-08-21 15:35,50,5.0,60,6.0
2026-08-21T13:40:48Z,2026-08-21 15:40,50,5.0,60,6.0
2026-08-21T13:45:54Z,2026-08-21 15:45,50,5.0,60,6.0
2026-08-21T13:51:01Z,2026-08-21 15:51,50,5.0,60,6.0
2026-08-21T13:56:07Z,2026-08-21 15:56,50,5.0,60,6.0
2026-08-21T14:01:13Z,2026-08-21 16:01,50,5.0,60,6.0
2026-08-21T14:06:19Z,2026-08-21 16:06,50,5.0,50,5.0
2026-08-21T14:11:25Z,2026-08-21 16:11,50,5.0,50,5.0
2026-08-21T14:16:32Z,2026-08-21 16:16,50,5.0,50,5.0
2026-08-21T14:21:38Z,2026-08-21 16:21,50,5.0,50,5.0
2026-08-21T14:26:45Z,2026-08-21 16:26,50,5.0,50,5.0
2026-08-21T14:31:52Z,2026-08-21 16:31,50,5.0,50,5.0
2026-08-21T14:36:59Z,2026-08-21 16:36,50,5.0,50,5.0
2026-08-21T14:42:09Z,2026-08-21 16:42,50,5.0,50,5.0
2026-08-21T14:47:15Z,2026-08-21 16:47,50,5.0,50,5.0
2026-08-21T14:52:21Z,2026-08-21 16:52,50,5.0,50,5.0
2026-08-21T14:57:27Z,2026-08-21 16:57,50,5.0,50,5.0
2026-08-21T15:02:34Z,2026-08-21 17:02,50,5.0,50,5.0
2026-08-21T15:07:40Z,2026-08-21 17:07,50,5.0,50,5.0
2026-08-21T15:12:47Z,2026-08-21 17:12,50,5.0,50,5.0
2026-08-21T15:17:54Z,2026-08-21 17:17,50,5.0,50,5.0
2026-08-21T15:23:00Z,2026-08-21 17:23,50,5.0,40,4.0
2026-08-21T15:28:10Z,2026-08-21 17:28,50,5.0,40,4.0
2026-08-21T15:33:17Z,2026-08-21 17:33,50,5.0,40,4.0
2026-08-21T15:38:23Z,2026-08-21 17:38,50,5.0,40,4.0
2026-08-21T15:43:29Z,2026-08-21 17:43,50,5.0,40,4.0
2026-08-21T15:48:35Z,2026-08-21 17:48,50,5.0,40,4.0
2026-08-21T15:53:42Z,2026-08-21 17:53,50,5.0,40,4.0
2026-08-21T15:58:48Z,2026-08-21 17:58,50,5.0,40,4.0
2026-08-21T16:03:54Z,2026-08-21 18:03,50,5.0,40,4.0
2026-08-21T16:09:00Z,2026-08-21 18:09,50,5.0,40,4.0
2026-08-21T16:14:09Z,2026-08-21 18:14,50,5.0,40,4.0
2026-08-21T16:14:24Z,2026-08-21 18:14,50,5.0,40,4.0
2026-08-21T16:19:30Z,2026-08-21 18:19,50,5.0,40,4.0
2026-08-21T16:24:36Z,2026-08-21 18:24,40,4.0,40,4.0
2026-08-21T16:29:42Z,2026-08-21 18:29,40,4.0,40,4.0
2026-08-21T16:34:48Z,2026-08-21 18:34,40,4.0,30,3.0
2026-08-21T16:39:55Z,2026-08-21 18:39,40,4.0,30,3.0
2026-08-21T16:45:01Z,2026-08-21 18:45,30,3.0,30,3.0
2026-08-21T16:50:15Z,2026-08-21 18:50,30,3.0,30,3.0
2026-08-21T16:55:26Z,2026-08-21 18:55,30,3.0,30,3.0
2026-08-21T17:00:43Z,2026-08-21 19:00,30,3.0,30,3.0
2026-08-21T17:05:50Z,2026-08-21 19:05,30,3.0,20,2.0
2026-08-21T17:10:56Z,2026-08-21 19:10,30,3.0,20,2.0
2026-08-21T17:16:02Z,2026-08-21 19:16,30,3.0,20,2.0
2026-08-21T17:21:08Z,2026-08-21 19:21,30,3.0,20,2.0
2026-08-21T17:26:15Z,2026-08-21 19:26,30,3.0,20,2.0
2026-08-21T17:31:21Z,2026-08-21 19:31,30,3.0,20,2.0
2026-08-21T17:36:27Z,2026-08-21 19:36,30,3.0,20,2.0
2026-08-21T17:41:32Z,2026-08-21 19:41,30,3.0,20,2.0
2026-08-21T17:46:39Z,2026-08-21 19:46,30,3.0,20,2.0
2026-08-21T17:51:45Z,2026-08-21 19:51,30,3.0,20,2.0
2026-08-21T17:56:50Z,2026-08-21 19:56,30,3.0,20,2.0
2026-08-21T18:01:56Z,2026-08-21 20:01,20,2.0,20,2.0
2026-08-21T18:07:02Z,2026-08-21 20:07,20,2.0,20,2.0
2026-08-21T18:12:09Z,2026-08-21 20:12,20,2.0,20,2.0
2026-08-21T18:17:15Z,2026-08-21 20:17,20,2.0,20,2.0
2026-08-21T18:22:21Z,2026-08-21 20:22,20,2.0,20,2.0
2026-08-21T18:27:27Z,2026-08-21 20:27,20,2.0,10,1.0
2026-08-21T18:32:34Z,2026-08-21 20:32,20,2.0,10,1.0
2026-08-21T18:37:40Z,2026-08-21 20:37,20,2.0,0,
2026-08-21T18:42:46Z,2026-08-21 20:42,20,2.0,0,
2026-08-21T18:47:52Z,2026-08-21 20:47,20,2.0,0,
2026-08-21T18:52:57Z,2026-08-21 20:52,20,2.0,0,
2026-08-21T18:58:03Z,2026-08-21 20:58,20,2.0,0,
2026-08-21T19:03:10Z,2026-08-21 21:03,10,1.0,0,
2026-08-21T19:03:26Z,2026-08-21 21:03,10,1.0,0,
2026-08-21T19:08:32Z,2026-08-21 21:08,10,1.0,0,
2026-08-21T19:13:38Z,2026-08-21 21:13,10,1.0,0,
2026-08-21T19:18:45Z,2026-08-21 21:18,10,1.0,0,
2026-08-21T19:23:52Z,2026-08-21 21:23,0,,0,
2026-08-21T19:28:58Z,2026-08-21 21:28,0,,0,
2026-08-21T19:34:04Z,2026-08-21 21:34,0,,0,
2026-08-21T19:39:11Z,2026-08-21 21:39,0,,0,
2026-08-21T19:44:18Z,2026-08-21 21:44,0,,0,
2026-08-21T19:49:25Z,2026-08-21 21:49,0,,0,
2026-08-21T19:54:31Z,2026-08-21 21:54,0,,0,
2026-08-21T19:59:37Z,2026-08-21 21:59,0,,0,
2026-08-21T20:04:43Z,2026-08-21 22:04,0,,0,
2026-08-21T20:09:50Z,2026-08-21 22:09,0,,0,
2026-08-21T20:14:56Z,2026-08-21 22:14,0,,0,
2026-08-21T20:20:02Z,2026-08-21 22:20,0,,0,
2026-08-21T20:30:24Z,2026-08-21 22:30,0,,0,
2026-08-21T20:35:30Z,2026-08-21 22:35,0,,0,
2026-08-21T20:40:36Z,2026-08-21 22:40,0,,0,
2026-08-21T20:45:43Z,2026-08-21 22:45,0,,0,
2026-08-21T20:50:51Z,2026-08-21 22:50,0,,0,
2026-08-21T20:55:57Z,2026-08-21 22:55,0,,0,
2026-08-21T21:01:03Z,2026-08-21 23:01,0,,0,
2026-08-21T21:06:09Z,2026-08-21 23:06,0,,0,
2026-08-21T21:11:16Z,2026-08-21 23:11,0,,0,
2026-08-21T21:16:22Z,2026-08-21 23:16,0,,0,
2026-08-21T21:21:28Z,2026-08-21 23:21,0,,0,
2026-08-21T21:26:34Z,2026-08-21 23:26,0,,0,
2026-08-21T21:31:40Z,2026-08-21 23:31,0,,0,
2026-08-21T21:36:47Z,2026-08-21 23:36,0,,0,
2026-08-21T21:41:53Z,2026-08-21 23:41,0,,0,
2026-08-21T21:46:59Z,2026-08-21 23:46,0,,0,
2026-08-21T21:52:05Z,2026-08-21 23:52,0,,0,
2026-08-21T21:52:18Z,2026-08-21 23:52,0,,0,
2026-08-21T21:57:24Z,2026-08-21 23:57,0,,0,
2026-08-21T22:02:29Z,2026-08-22 00:02,0,,0,
2026-08-21T22:07:34Z,2026-08-22 00:07,0,,0,
2026-08-21T22:12:39Z,2026-08-22 00:12,0,,0,
2026-08-21T22:17:44Z,2026-08-22 00:17,0,,0,
2026-08-21T22:22:49Z,2026-08-22 00:22,0,,0,
2026-08-21T22:27:54Z,2026-08-22 00:27,0,,0,
2026-08-21T22:33:00Z,2026-08-22 00:33,0,,0,
2026-08-21T22:38:06Z,2026-08-22 00:38,0,,0,
2026-08-21T22:43:15Z,2026-08-22 00:43,0,,0,
2026-08-21T22:48:20Z,2026-08-22 00:48,0,,0,
2026-08-21T22:53:27Z,2026-08-22 00:53,0,,0,
2026-08-21T22:58:30Z,2026-08-22 00:58,0,,0,
2026-08-21T23:03:35Z,2026-08-22 01:03,0,,0,
2026-08-21T23:08:40Z,2026-08-22 01:08,0,,0,
2026-08-21T23:13:45Z,2026-08-22 01:13,0,,0,
2026-08-21T23:18:50Z,2026-08-22 01:18,0,,0,
2026-08-21T23:23:55Z,2026-08-22 01:23,0,,0,
2026-08-21T23:29:00Z,2026-08-22 01:29,0,,0,
2026-08-21T23:34:07Z,2026-08-22 01:34,0,,0,
2026-08-21T23:39:12Z,2026-08-22 01:39,0,,0,
2026-08-21T23:44:20Z,2026-08-22 01:44,0,,0,
2026-08-21T23:49:26Z,2026-08-22 01:49,0,,0,
2026-08-21T23:54:31Z,2026-08-22 01:54,0,,0,
2026-08-21T23:59:37Z,2026-08-22 01:59,0,,0,
2026-08-22T00:04:42Z,2026-08-22 02:04,0,,0,
2026-08-22T00:09:47Z,2026-08-22 02:09,0,,0,
2026-08-22T00:14:52Z,2026-08-22 02:14,0,,0,
2026-08-22T00:19:57Z,2026-08-22 02:19,0,,0,
2026-08-22T00:25:02Z,2026-08-22 02:25,0,,0,
2026-08-22T00:30:18Z,2026-08-22 02:30,0,,0,
2026-08-22T00:35:26Z,2026-08-22 02:35,0,,0,
2026-08-22T00:40:31Z,2026-08-22 02:40,0,,0,
2026-08-22T00:40:43Z,2026-08-22 02:40,0,,0,
2026-08-22T00:45:47Z,2026-08-22 02:45,0,,0,
2026-08-22T00:50:53Z,2026-08-22 02:50,0,,0,
2026-08-22T00:55:57Z,2026-08-22 02:55,0,,0,
2026-08-22T01:01:03Z,2026-08-22 03:01,0,,0,
2026-08-22T01:06:08Z,2026-08-22 03:06,0,,0,
2026-08-22T01:11:15Z,2026-08-22 03:11,0,,0,
2026-08-22T01:16:22Z,2026-08-22 03:16,0,,0,
2026-08-22T01:21:27Z,2026-08-22 03:21,0,,0,
2026-08-22T01:26:32Z,2026-08-22 03:26,0,,0,
2026-08-22T01:31:39Z,2026-08-22 03:31,0,,0,
2026-08-22T01:36:44Z,2026-08-22 03:36,0,,0,
2026-08-22T01:41:49Z,2026-08-22 03:41,0,,0,
2026-08-22T01:46:54Z,2026-08-22 03:46,0,,0,
2026-08-22T01:51:59Z,2026-08-22 03:51,0,,0,
2026-08-22T01:57:04Z,2026-08-22 03:57,0,,0,
2026-08-22T02:02:10Z,2026-08-22 04:02,0,,0,
2026-08-22T02:07:15Z,2026-08-22 04:07,0,,0,
2026-08-22T02:12:20Z,2026-08-22 04:12,0,,0,
2026-08-22T02:17:27Z,2026-08-22 04:17,0,,0,
2026-08-22T02:22:32Z,2026-08-22 04:22,0,,0,
2026-08-22T02:27:37Z,2026-08-22 04:27,0,,0,
2026-08-22T02:32:42Z,2026-08-22 04:32,0,,0,
2026-08-22T02:37:47Z,2026-08-22 04:37,0,,0,
2026-08-22T02:42:52Z,2026-08-22 04:42,0,,0,
2026-08-22T02:48:00Z,2026-08-22 04:48,0,,0,
2026-08-22T02:53:07Z,2026-08-22 04:53,0,,0,
2026-08-22T02:58:12Z,2026-08-22 04:58,0,,0,
2026-08-22T03:03:19Z,2026-08-22 05:03,0,,0,
2026-08-22T03:08:24Z,2026-08-22 05:08,0,,0,
2026-08-22T03:13:29Z,2026-08-22 05:13,0,,0,
2026-08-22T03:18:34Z,2026-08-22 05:18,0,,0,
2026-08-22T03:23:39Z,2026-08-22 05:23,0,,0,
2026-08-22T03:28:44Z,2026-08-22 05:28,0,,0,
2026-08-22T03:28:58Z,2026-08-22 05:28,0,,0,
2026-08-22T03:34:04Z,2026-08-22 05:34,0,,0,
2026-08-22T03:39:10Z,2026-08-22 05:39,0,,0,
2026-08-22T03:44:18Z,2026-08-22 05:44,0,,0,
2026-08-22T03:49:24Z,2026-08-22 05:49,0,,0,
2026-08-22T03:54:30Z,2026-08-22 05:54,0,,0,
2026-08-22T03:59:36Z,2026-08-22 05:59,0,,0,
2026-08-22T04:04:42Z,2026-08-22 06:04,0,,0,
2026-08-22T04:09:48Z,2026-08-22 06:09,0,,0,
2026-08-22T04:14:54Z,2026-08-22 06:14,0,,0,
2026-08-22T04:20:00Z,2026-08-22 06:20,0,,0,
2026-08-22T04:25:08Z,2026-08-22 06:25,0,,0,
2026-08-22T04:30:23Z,2026-08-22 06:30,0,,0,
2026-08-22T04:35:30Z,2026-08-22 06:35,0,,0,
2026-08-22T04:40:36Z,2026-08-22 06:40,0,,0,
2026-08-22T04:45:43Z,2026-08-22 06:45,0,,0,
2026-08-22T04:50:49Z,2026-08-22 06:50,0,,0,
2026-08-22T04:55:55Z,2026-08-22 06:55,0,,0,
2026-08-22T05:01:01Z,2026-08-22 07:01,0,,0,
2026-08-22T05:06:09Z,2026-08-22 07:06,0,,0,
2026-08-22T05:11:16Z,2026-08-22 07:11,0,,0,
2026-08-22T05:16:22Z,2026-08-22 07:16,0,,0,
2026-08-22T05:21:27Z,2026-08-22 07:21,10,1.0,0,
2026-08-22T05:26:33Z,2026-08-22 07:26,10,1.0,0,
2026-08-22T05:31:40Z,2026-08-22 07:31,20,2.0,0,
2026-08-22T05:36:46Z,2026-08-22 07:36,20,2.0,0,
2026-08-22T05:41:52Z,2026-08-22 07:41,20,2.0,0,
2026-08-22T05:46:58Z,2026-08-22 07:46,20,2.0,0,
2026-08-22T05:57:13Z,2026-08-22 07:57,20,2.0,0,
2026-08-22T06:02:19Z,2026-08-22 08:02,20,2.0,0,
2026-08-22T06:07:25Z,2026-08-22 08:07,30,3.0,0,
2026-08-22T06:17:37Z,2026-08-22 08:17,30,3.0,0,
2026-08-22T06:17:50Z,2026-08-22 08:17,30,3.0,0,
2026-08-22T06:22:55Z,2026-08-22 08:22,30,3.0,0,
2026-08-22T06:28:00Z,2026-08-22 08:28,40,4.0,0,
2026-08-22T06:33:06Z,2026-08-22 08:33,40,4.0,0,
2026-08-22T06:38:11Z,2026-08-22 08:38,40,4.0,0,
2026-08-22T06:43:17Z,2026-08-22 08:43,40,4.0,0,
2026-08-22T06:48:22Z,2026-08-22 08:48,40,4.0,0,
2026-08-22T06:53:28Z,2026-08-22 08:53,40,4.0,0,
2026-08-22T06:58:33Z,2026-08-22 08:58,40,4.0,0,
2026-08-22T07:03:38Z,2026-08-22 09:03,40,4.0,0,
2026-08-22T07:08:43Z,2026-08-22 09:08,40,4.0,0,
2026-08-22T07:13:49Z,2026-08-22 09:13,50,5.0,10,1.0
2026-08-22T07:18:54Z,2026-08-22 09:18,50,5.0,20,2.0
2026-08-22T07:24:00Z,2026-08-22 09:24,50,5.0,20,2.0
2026-08-22T07:29:06Z,2026-08-22 09:29,50,5.0,20,2.0
2026-08-22T07:34:12Z,2026-08-22 09:34,50,5.0,20,2.0
2026-08-22T07:39:17Z,2026-08-22 09:39,50,5.0,20,2.0
2026-08-22T07:44:22Z,2026-08-22 09:44,50,5.0,20,2.0
2026-08-22T07:49:27Z,2026-08-22 09:49,50,5.0,20,2.0
2026-08-22T07:54:33Z,2026-08-22 09:54,50,5.0,20,2.0
2026-08-22T07:59:38Z,2026-08-22 09:59,50,5.0,20,2.0
2026-08-22T08:04:44Z,2026-08-22 10:04,50,5.0,20,2.0
2026-08-22T08:09:49Z,2026-08-22 10:09,50,5.0,20,2.0
2026-08-22T08:14:54Z,2026-08-22 10:14,50,5.0,20,2.0
2026-08-22T08:19:59Z,2026-08-22 10:19,50,5.0,20,2.0
2026-08-22T08:25:05Z,2026-08-22 10:25,50,5.0,30,3.0
2026-08-22T08:30:23Z,2026-08-22 10:30,50,5.0,30,3.0
2026-08-22T08:35:28Z,2026-08-22 10:35,50,5.0,30,3.0
2026-08-22T08:40:34Z,2026-08-22 10:40,50,5.0,30,3.0
2026-08-22T08:45:39Z,2026-08-22 10:45,50,5.0,30,3.0
2026-08-22T08:50:44Z,2026-08-22 10:50,50,5.0,30,3.0
2026-08-22T08:55:50Z,2026-08-22 10:55,50,5.0,30,3.0
2026-08-22T09:00:55Z,2026-08-22 11:00,50,5.0,30,3.0
2026-08-22T09:06:00Z,2026-08-22 11:06,50,5.0,30,3.0
2026-08-22T09:06:13Z,2026-08-22 11:06,50,5.0,30,3.0
2026-08-22T09:11:20Z,2026-08-22 11:11,50,5.0,30,3.0
2026-08-22T09:16:25Z,2026-08-22 11:16,50,5.0,30,3.0
2026-08-22T09:21:30Z,2026-08-22 11:21,50,5.0,30,3.0
2026-08-22T09:26:35Z,2026-08-22 11:26,50,5.0,30,3.0
2026-08-22T09:31:40Z,2026-08-22 11:31,50,5.0,30,3.0
2026-08-22T09:36:45Z,2026-08-22 11:36,50,5.0,30,3.0
2026-08-22T09:41:50Z,2026-08-22 11:41,50,5.0,30,3.0
2026-08-22T09:46:55Z,2026-08-22 11:46,50,5.0,30,3.0
2026-08-22T09:52:00Z,2026-08-22 11:52,50,5.0,30,3.0
2026-08-22T09:57:07Z,2026-08-22 11:57,50,5.0,30,3.0
2026-08-22T10:02:12Z,2026-08-22 12:02,50,5.0,30,3.0
2026-08-22T10:07:17Z,2026-08-22 12:07,50,5.0,30,3.0
2026-08-22T10:12:22Z,2026-08-22 12:12,50,5.0,30,3.0
2026-08-22T10:17:28Z,2026-08-22 12:17,50,5.0,40,4.0
2026-08-22T10:22:33Z,2026-08-22 12:22,50,5.0,40,4.0
2026-08-22T10:27:38Z,2026-08-22 12:27,50,5.0,40,4.0
2026-08-22T10:32:43Z,2026-08-22 12:32,50,5.0,40,4.0
2026-08-22T10:37:48Z,2026-08-22 12:37,50,5.0,40,4.0
2026-08-22T10:42:53Z,2026-08-22 12:42,50,5.0,40,4.0
2026-08-22T10:48:00Z,2026-08-22 12:48,50,5.0,40,4.0
2026-08-22T10:53:07Z,2026-08-22 12:53,50,5.0,40,4.0
2026-08-22T10:58:12Z,2026-08-22 12:58,50,5.0,40,4.0
2026-08-22T11:03:17Z,2026-08-22 13:03,50,5.0,40,4.0
2026-08-22T11:08:22Z,2026-08-22 13:08,50,5.0,40,4.0
2026-08-22T11:13:27Z,2026-08-22 13:13,50,5.0,40,4.0
2026-08-22T11:18:32Z,2026-08-22 13:18,50,5.0,40,4.0
2026-08-22T11:23:37Z,2026-08-22 13:23,50,5.0,40,4.0
2026-08-22T11:28:42Z,2026-08-22 13:28,50,5.0,40,4.0
2026-08-22T11:33:47Z,2026-08-22 13:33,50,5.0,40,4.0
2026-08-22T11:38:52Z,2026-08-22 13:38,50,5.0,40,4.0
2026-08-22T11:43:57Z,2026-08-22 13:43,50,5.0,40,4.0
2026-08-22T11:49:02Z,2026-08-22 13:49,50,5.0,40,4.0
2026-08-22T11:54:11Z,2026-08-22 13:54,50,5.0,50,5.0
2026-08-22T11:54:23Z,2026-08-22 13:54,50,5.0,50,5.0
2026-08-22T11:59:28Z,2026-08-22 13:59,50,5.0,50,5.0
2026-08-22T12:04:33Z,2026-08-22 14:04,50,5.0,50,5.0
2026-08-22T12:09:38Z,2026-08-22 14:09,50,5.0,50,5.0
2026-08-22T12:14:43Z,2026-08-22 14:14,50,5.0,50,5.0
2026-08-22T12:19:48Z,2026-08-22 14:19,50,5.0,40,4.0
2026-08-22T12:24:52Z,2026-08-22 14:24,50,5.0,40,4.0
2026-08-22T12:29:57Z,2026-08-22 14:29,50,5.0,40,4.0
2026-08-22T12:35:03Z,2026-08-22 14:35,60,6.0,40,4.0
2026-08-22T12:40:19Z,2026-08-22 14:40,70,7.0,40,4.0
2026-08-22T12:45:24Z,2026-08-22 14:45,60,6.0,40,4.0
2026-08-22T12:50:32Z,2026-08-22 14:50,60,6.0,40,4.0
2026-08-22T12:55:37Z,2026-08-22 14:55,60,6.0,40,4.0
2026-08-22T13:00:42Z,2026-08-22 15:00,60,6.0,40,4.0
2026-08-22T13:05:46Z,2026-08-22 15:05,60,6.0,40,4.0
2026-08-22T13:10:51Z,2026-08-22 15:10,50,5.0,40,4.0
2026-08-22T13:15:56Z,2026-08-22 15:15,50,5.0,40,4.0
2026-08-22T13:21:01Z,2026-08-22 15:21,50,5.0,40,4.0
2026-08-22T13:26:06Z,2026-08-22 15:26,50,5.0,40,4.0
2026-08-22T13:31:11Z,2026-08-22 15:31,50,5.0,40,4.0
2026-08-22T13:36:16Z,2026-08-22 15:36,50,5.0,40,4.0
2026-08-22T13:41:21Z,2026-08-22 15:41,50,5.0,40,4.0
2026-08-22T13:46:27Z,2026-08-22 15:46,50,5.0,40,4.0
2026-08-22T13:51:32Z,2026-08-22 15:51,50,5.0,40,4.0
2026-08-22T13:56:37Z,2026-08-22 15:56,50,5.0,40,4.0
2026-08-22T14:01:42Z,2026-08-22 16:01,50,5.0,40,4.0
2026-08-22T14:06:47Z,2026-08-22 16:06,50,5.0,40,4.0
2026-08-22T14:11:54Z,2026-08-22 16:11,50,5.0,40,4.0
2026-08-22T14:16:59Z,2026-08-22 16:16,50,5.0,40,4.0
2026-08-22T14:22:08Z,2026-08-22 16:22,50,5.0,40,4.0
2026-08-22T14:27:13Z,2026-08-22 16:27,50,5.0,40,4.0
2026-08-22T14:32:19Z,2026-08-22 16:32,50,5.0,40,4.0
2026-08-22T14:37:23Z,2026-08-22 16:37,50,5.0,40,4.0
2026-08-22T14:42:28Z,2026-08-22 16:42,50,5.0,30,3.0
2026-08-22T14:42:42Z,2026-08-22 16:42,50,5.0,30,3.0
2026-08-22T14:47:48Z,2026-08-22 16:47,40,4.0,30,3.0
2026-08-22T14:52:55Z,2026-08-22 16:52,40,4.0,30,3.0
2026-08-22T14:58:01Z,2026-08-22 16:58,40,4.0,30,3.0
2026-08-22T15:03:07Z,2026-08-22 17:03,30,3.0,30,3.0
2026-08-22T15:08:13Z,2026-08-22 17:08,30,3.0,30,3.0
2026-08-22T15:13:20Z,2026-08-22 17:13,30,3.0,30,3.0
2026-08-22T15:18:26Z,2026-08-22 17:18,30,3.0,30,3.0
2026-08-22T15:23:32Z,2026-08-22 17:23,20,2.0,20,2.0
2026-08-22T15:28:40Z,2026-08-22 17:28,20,2.0,20,2.0
2026-08-22T15:33:46Z,2026-08-22 17:33,20,2.0,20,2.0
2026-08-22T15:38:52Z,2026-08-22 17:38,20,2.0,20,2.0
2026-08-22T15:43:58Z,2026-08-22 17:43,20,2.0,20,2.0
2026-08-22T15:49:04Z,2026-08-22 17:49,20,2.0,20,2.0
2026-08-22T15:54:12Z,2026-08-22 17:54,20,2.0,20,2.0
2026-08-22T15:59:18Z,2026-08-22 17:59,20,2.0,20,2.0
2026-08-22T16:04:24Z,2026-08-22 18:04,20,2.0,20,2.0
2026-08-22T16:09:30Z,2026-08-22 18:09,20,2.0,20,2.0
2026-08-22T16:14:36Z,2026-08-22 18:14,20,2.0,20,2.0
2026-08-22T16:19:42Z,2026-08-22 18:19,20,2.0,20,2.0
2026-08-22T16:24:48Z,2026-08-22 18:24,20,2.0,20,2.0
2026-08-22T16:29:54Z,2026-08-22 18:29,0,,20,2.0
2026-08-22T16:35:00Z,2026-08-22 18:35,0,,10,1.0
2026-08-22T16:40:14Z,2026-08-22 18:40,0,,10,1.0
2026-08-22T16:45:20Z,2026-08-22 18:45,0,,10,1.0
2026-08-22T16:50:26Z,2026-08-22 18:50,0,,10,1.0
2026-08-22T16:55:32Z,2026-08-22 18:55,0,,10,1.0
2026-08-22T17:00:39Z,2026-08-22 19:00,0,,10,1.0
2026-08-22T17:05:45Z,2026-08-22 19:05,0,,0,
2026-08-22T17:10:51Z,2026-08-22 19:10,0,,0,
2026-08-22T17:15:57Z,2026-08-22 19:15,0,,0,
2026-08-22T17:21:03Z,2026-08-22 19:21,0,,0,
2026-08-22T17:26:09Z,2026-08-22 19:26,0,,0,
2026-08-22T17:31:16Z,2026-08-22 19:31,0,,0,
2026-08-22T17:31:29Z,2026-08-22 19:31,0,,0,
2026-08-22T17:36:34Z,2026-08-22 19:36,0,,0,
2026-08-22T17:41:39Z,2026-08-22 19:41,0,,0,
2026-08-22T17:46:44Z,2026-08-22 19:46,0,,0,
2026-08-22T17:51:49Z,2026-08-22 19:51,0,,0,
2026-08-22T17:56:55Z,2026-08-22 19:56,0,,0,
2026-08-22T18:02:02Z,2026-08-22 20:02,0,,0,
2026-08-22T18:07:07Z,2026-08-22 20:07,0,,0,
2026-08-22T18:12:12Z,2026-08-22 20:12,0,,0,
2026-08-22T18:17:19Z,2026-08-22 20:17,0,,0,
2026-08-22T18:22:23Z,2026-08-22 20:22,0,,0,
2026-08-22T18:27:28Z,2026-08-22 20:27,0,,0,
2026-08-22T18:32:33Z,2026-08-22 20:32,0,,0,
2026-08-22T18:37:38Z,2026-08-22 20:37,0,,0,
2026-08-22T18:42:43Z,2026-08-22 20:42,0,,0,
2026-08-22T18:47:48Z,2026-08-22 20:47,0,,0,
2026-08-22T18:52:52Z,2026-08-22 20:52,0,,0,
2026-08-22T18:57:57Z,2026-08-22 20:57,0,,0,
2026-08-22T19:03:02Z,2026-08-22 21:03,0,,0,
2026-08-22T19:08:07Z,2026-08-22 21:08,0,,0,
2026-08-22T19:13:12Z,2026-08-22 21:13,0,,0,
2026-08-22T19:18:17Z,2026-08-22 21:18,0,,0,
2026-08-22T19:23:22Z,2026-08-22 21:23,0,,0,
2026-08-22T19:28:27Z,2026-08-22 21:28,0,,0,
2026-08-22T19:33:32Z,2026-08-22 21:33,0,,0,
2026-08-22T19:38:36Z,2026-08-22 21:38,0,,0,
2026-08-22T19:43:41Z,2026-08-22 21:43,0,,0,
2026-08-22T19:48:46Z,2026-08-22 21:48,0,,0,
2026-08-22T19:53:51Z,2026-08-22 21:53,0,,0,
2026-08-22T19:58:56Z,2026-08-22 21:58,0,,0,
2026-08-22T20:04:01Z,2026-08-22 22:04,0,,0,
2026-08-22T20:09:06Z,2026-08-22 22:09,0,,0,
2026-08-22T20:14:11Z,2026-08-22 22:14,0,,0,
2026-08-22T20:19:17Z,2026-08-22 22:19,0,,0,
2026-08-22T20:19:28Z,2026-08-22 22:19,0,,0,
2026-08-22T20:24:33Z,2026-08-22 22:24,0,,0,
2026-08-22T20:29:40Z,2026-08-22 22:29,0,,0,
2026-08-22T20:34:45Z,2026-08-22 22:34,0,,0,
2026-08-22T20:39:49Z,2026-08-22 22:39,0,,0,
2026-08-22T20:44:54Z,2026-08-22 22:44,0,,0,
2026-08-22T20:49:59Z,2026-08-22 22:49,0,,0,
2026-08-22T20:55:07Z,2026-08-22 22:55,0,,0,
2026-08-22T21:00:20Z,2026-08-22 23:00,0,,0,
2026-08-22T21:05:25Z,2026-08-22 23:05,0,,0,
2026-08-22T21:10:30Z,2026-08-22 23:10,0,,0,
2026-08-22T21:15:35Z,2026-08-22 23:15,0,,0,
2026-08-22T21:20:40Z,2026-08-22 23:20,0,,0,
2026-08-22T21:25:45Z,2026-08-22 23:25,0,,0,
2026-08-22T21:30:53Z,2026-08-22 23:30,0,,0,
2026-08-22T21:35:58Z,2026-08-22 23:35,0,,0,
2026-08-22T21:41:03Z,2026-08-22 23:41,0,,0,
2026-08-22T21:46:08Z,2026-08-22 23:46,0,,0,
2026-08-22T21:51:14Z,2026-08-22 23:51,0,,0,
2026-08-22T21:56:19Z,2026-08-22 23:56,0,,0,
2026-08-22T22:01:24Z,2026-08-23 00:01,0,,0,
2026-08-22T22:06:29Z,2026-08-23 00:06,0,,0,
2026-08-22T22:11:33Z,2026-08-23 00:11,0,,0,
2026-08-22T22:16:38Z,2026-08-23 00:16,0,,0,
2026-08-22T22:21:43Z,2026-08-23 00:21,0,,0,
2026-08-22T22:26:48Z,2026-08-23 00:26,0,,0,
2026-08-22T22:31:53Z,2026-08-23 00:31,0,,0,
2026-08-22T22:36:58Z,2026-08-23 00:36,0,,0,
2026-08-22T22:42:03Z,2026-08-23 00:42,0,,0,
2026-08-22T22:47:08Z,2026-08-23 00:47,0,,0,
2026-08-22T22:52:13Z,2026-08-23 00:52,0,,0,
2026-08-22T22:57:16Z,2026-08-23 00:57,0,,0,
2026-08-22T23:02:21Z,2026-08-23 01:02,0,,0,
2026-08-22T23:07:26Z,2026-08-23 01:07,0,,0,
2026-08-22T23:07:37Z,2026-08-23 01:07,0,,0,
2026-08-22T23:12:42Z,2026-08-23 01:12,0,,0,
2026-08-22T23:17:47Z,2026-08-23 01:17,0,,0,
2026-08-22T23:22:52Z,2026-08-23 01:22,0,,0,
2026-08-22T23:27:57Z,2026-08-23 01:27,0,,0,
2026-08-22T23:33:02Z,2026-08-23 01:33,0,,0,
2026-08-22T23:38:07Z,2026-08-23 01:38,0,,0,
2026-08-22T23:43:12Z,2026-08-23 01:43,0,,0,
2026-08-22T23:48:17Z,2026-08-23 01:48,0,,0,
2026-08-22T23:53:22Z,2026-08-23 01:53,0,,0,
2026-08-22T23:58:27Z,2026-08-23 01:58,0,,0,
2026-08-23T00:03:32Z,2026-08-23 02:03,0,,0,
2026-08-23T00:08:37Z,2026-08-23 02:08,0,,0,
2026-08-23T00:13:42Z,2026-08-23 02:13,0,,0,
2026-08-23T00:18:47Z,2026-08-23 02:18,0,,0,
2026-08-23T00:23:51Z,2026-08-23 02:23,0,,0,
2026-08-23T00:28:56Z,2026-08-23 02:28,0,,0,
2026-08-23T00:34:01Z,2026-08-23 02:34,0,,0,
2026-08-23T00:39:06Z,2026-08-23 02:39,0,,0,
2026-08-23T00:44:11Z,2026-08-23 02:44,0,,0,
2026-08-23T00:49:17Z,2026-08-23 02:49,0,,0,
2026-08-23T00:54:22Z,2026-08-23 02:54,0,,0,
2026-08-23T00:59:29Z,2026-08-23 02:59,0,,0,
2026-08-23T01:04:35Z,2026-08-23 03:04,0,,0,
2026-08-23T01:09:39Z,2026-08-23 03:09,0,,0,
2026-08-23T01:14:45Z,2026-08-23 03:14,0,,0,
2026-08-23T01:19:50Z,2026-08-23 03:19,0,,0,
2026-08-23T01:24:54Z,2026-08-23 03:24,0,,0,
2026-08-23T01:29:59Z,2026-08-23 03:29,0,,0,
2026-08-23T01:35:05Z,2026-08-23 03:35,0,,0,
2026-08-23T01:40:16Z,2026-08-23 03:40,0,,0,
2026-08-23T01:45:26Z,2026-08-23 03:45,0,,0,
2026-08-23T01:50:32Z,2026-08-23 03:50,0,,0,
2026-08-23T01:55:37Z,2026-08-23 03:55,0,,0,
2026-08-23T01:55:50Z,2026-08-23 03:55,0,,0,
2026-08-23T02:00:56Z,2026-08-23 04:00,0,,0,
2026-08-23T02:06:02Z,2026-08-23 04:06,0,,0,
2026-08-23T02:11:08Z,2026-08-23 04:11,0,,0,
2026-08-23T02:16:15Z,2026-08-23 04:16,0,,0,
2026-08-23T02:21:23Z,2026-08-23 04:21,0,,0,
2026-08-23T02:26:29Z,2026-08-23 04:26,0,,0,
2026-08-23T02:31:35Z,2026-08-23 04:31,0,,0,
2026-08-23T02:36:41Z,2026-08-23 04:36,0,,0,
2026-08-23T02:41:47Z,2026-08-23 04:41,0,,0,
2026-08-23T02:46:53Z,2026-08-23 04:46,0,,0,
2026-08-23T02:52:01Z,2026-08-23 04:52,0,,0,
2026-08-23T02:57:06Z,2026-08-23 04:57,0,,0,
2026-08-23T03:02:13Z,2026-08-23 05:02,0,,0,
2026-08-23T03:07:19Z,2026-08-23 05:07,0,,0,
2026-08-23T03:12:25Z,2026-08-23 05:12,0,,0,
2026-08-23T03:17:30Z,2026-08-23 05:17,0,,0,
2026-08-23T03:22:36Z,2026-08-23 05:22,0,,0,
2026-08-23T03:27:42Z,2026-08-23 05:27,0,,0,
2026-08-23T03:32:49Z,2026-08-23 05:32,0,,0,
2026-08-23T03:37:54Z,2026-08-23 05:37,0,,0,
2026-08-23T03:43:00Z,2026-08-23 05:43,0,,0,
2026-08-23T03:48:08Z,2026-08-23 05:48,0,,0,
2026-08-23T03:53:15Z,2026-08-23 05:53,0,,0,
2026-08-23T03:58:21Z,2026-08-23 05:58,0,,0,
2026-08-23T04:03:28Z,2026-08-23 06:03,0,,0,
2026-08-23T04:08:34Z,2026-08-23 06:08,0,,0,
2026-08-23T04:13:40Z,2026-08-23 06:13,0,,0,
2026-08-23T04:18:46Z,2026-08-23 06:18,0,,0,
2026-08-23T04:23:52Z,2026-08-23 06:23,0,,0,
2026-08-23T04:28:59Z,2026-08-23 06:28,0,,0,
2026-08-23T04:34:06Z,2026-08-23 06:34,0,,0,
2026-08-23T04:39:12Z,2026-08-23 06:39,0,,0,
2026-08-23T04:44:18Z,2026-08-23 06:44,0,,0,
2026-08-23T04:44:31Z,2026-08-23 06:44,0,,0,
2026-08-23T04:49:37Z,2026-08-23 06:49,0,,0,
2026-08-23T04:54:42Z,2026-08-23 06:54,0,,0,
2026-08-23T04:59:48Z,2026-08-23 06:59,0,,0,
2026-08-23T05:04:53Z,2026-08-23 07:04,0,,0,
2026-08-23T05:09:59Z,2026-08-23 07:09,0,,0,
2026-08-23T05:15:06Z,2026-08-23 07:15,0,,0,
2026-08-23T05:20:14Z,2026-08-23 07:20,0,,0,
2026-08-23T05:25:22Z,2026-08-23 07:25,0,,0,
2026-08-23T05:30:29Z,2026-08-23 07:30,0,,0,
2026-08-23T05:35:34Z,2026-08-23 07:35,0,,0,
2026-08-23T05:40:39Z,2026-08-23 07:40,0,,0,
2026-08-23T05:45:45Z,2026-08-23 07:45,0,,0,
2026-08-23T05:50:50Z,2026-08-23 07:50,0,,0,
2026-08-23T05:55:55Z,2026-08-23 07:55,0,,0,
2026-08-23T06:01:01Z,2026-08-23 08:01,0,,0,
2026-08-23T06:06:07Z,2026-08-23 08:06,0,,0,
2026-08-23T06:11:13Z,2026-08-23 08:11,0,,0,
2026-08-23T06:16:19Z,2026-08-23 08:16,0,,0,
2026-08-23T06:21:25Z,2026-08-23 08:21,0,,0,
2026-08-23T06:26:30Z,2026-08-23 08:26,0,,0,
2026-08-23T06:31:35Z,2026-08-23 08:31,0,,0,
2026-08-23T06:36:41Z,2026-08-23 08:36,0,,0,
2026-08-23T06:41:46Z,2026-08-23 08:41,0,,0,
2026-08-23T06:46:51Z,2026-08-23 08:46,0,,0,
2026-08-23T06:51:57Z,2026-08-23 08:51,0,,0,
2026-08-23T06:57:02Z,2026-08-23 08:57,0,,0,
2026-08-23T07:02:08Z,2026-08-23 09:02,0,,0,
2026-08-23T07:07:13Z,2026-08-23 09:07,0,,0,
2026-08-23T07:12:19Z,2026-08-23 09:12,0,,0,
2026-08-23T07:17:25Z,2026-08-23 09:17,10,1.0,0,
2026-08-23T07:22:30Z,2026-08-23 09:22,10,1.0,0,
2026-08-23T07:27:36Z,2026-08-23 09:27,10,1.0,0,
2026-08-23T07:32:43Z,2026-08-23 09:32,10,1.0,0,
2026-08-23T07:32:55Z,2026-08-23 09:32,10,1.0,0,
2026-08-23T07:38:00Z,2026-08-23 09:38,10,1.0,0,
2026-08-23T07:43:05Z,2026-08-23 09:43,10,1.0,0,
2026-08-23T07:48:10Z,2026-08-23 09:48,10,1.0,10,1.0
2026-08-23T07:53:15Z,2026-08-23 09:53,10,1.0,10,1.0
2026-08-23T07:58:21Z,2026-08-23 09:58,10,1.0,10,1.0
2026-08-23T08:03:26Z,2026-08-23 10:03,10,1.0,10,1.0
2026-08-23T08:08:31Z,2026-08-23 10:08,10,1.0,10,1.0
2026-08-23T08:13:36Z,2026-08-23 10:13,20,2.0,10,1.0
2026-08-23T08:18:43Z,2026-08-23 10:18,20,2.0,10,1.0
2026-08-23T08:23:48Z,2026-08-23 10:23,20,2.0,20,2.0
2026-08-23T08:28:54Z,2026-08-23 10:28,20,2.0,20,2.0
2026-08-23T08:33:59Z,2026-08-23 10:33,20,2.0,20,2.0
2026-08-23T08:39:04Z,2026-08-23 10:39,20,2.0,20,2.0
2026-08-23T08:44:11Z,2026-08-23 10:44,20,2.0,20,2.0
2026-08-23T08:49:18Z,2026-08-23 10:49,20,2.0,30,3.0
2026-08-23T08:54:23Z,2026-08-23 10:54,20,2.0,30,3.0
2026-08-23T08:59:28Z,2026-08-23 10:59,20,2.0,30,3.0
2026-08-23T09:04:34Z,2026-08-23 11:04,20,2.0,30,3.0
2026-08-23T09:09:38Z,2026-08-23 11:09,20,2.0,30,3.0
2026-08-23T09:14:43Z,2026-08-23 11:14,20,2.0,30,3.0
2026-08-23T09:19:49Z,2026-08-23 11:19,30,3.0,30,3.0
2026-08-23T09:24:54Z,2026-08-23 11:24,40,4.0,30,3.0
2026-08-23T09:29:59Z,2026-08-23 11:29,40,4.0,30,3.0
2026-08-23T09:35:08Z,2026-08-23 11:35,40,4.0,30,3.0
2026-08-23T09:40:18Z,2026-08-23 11:40,40,4.0,40,4.0
2026-08-23T09:45:24Z,2026-08-23 11:45,40,4.0,40,4.0
2026-08-23T09:50:29Z,2026-08-23 11:50,40,4.0,40,4.0
2026-08-23T09:55:34Z,2026-08-23 11:55,40,4.0,50,5.0
2026-08-23T10:00:39Z,2026-08-23 12:00,40,4.0,50,5.0
2026-08-23T10:05:44Z,2026-08-23 12:05,40,4.0,50,5.0
2026-08-23T10:10:49Z,2026-08-23 12:10,40,4.0,50,5.0
2026-08-23T10:15:54Z,2026-08-23 12:15,40,4.0,50,5.0
2026-08-23T10:20:59Z,2026-08-23 12:20,40,4.0,50,5.0
2026-08-23T10:21:14Z,2026-08-23 12:21,40,4.0,50,5.0
2026-08-23T10:26:20Z,2026-08-23 12:26,40,4.0,50,5.0
2026-08-23T10:31:26Z,2026-08-23 12:31,40,4.0,50,5.0
2026-08-23T10:36:32Z,2026-08-23 12:36,40,4.0,50,5.0
2026-08-23T10:41:38Z,2026-08-23 12:41,40,4.0,50,5.0
2026-08-23T10:46:45Z,2026-08-23 12:46,40,4.0,50,5.0
2026-08-23T10:51:51Z,2026-08-23 12:51,40,4.0,50,5.0
2026-08-23T10:56:57Z,2026-08-23 12:56,40,4.0,50,5.0
2026-08-23T11:02:03Z,2026-08-23 13:02,40,4.0,50,5.0
2026-08-23T11:07:09Z,2026-08-23 13:07,40,4.0,50,5.0
2026-08-23T11:12:15Z,2026-08-23 13:12,50,5.0,50,5.0
2026-08-23T11:17:21Z,2026-08-23 13:17,50,5.0,50,5.0
2026-08-23T11:22:27Z,2026-08-23 13:22,50,5.0,50,5.0
2026-08-23T11:27:34Z,2026-08-23 13:27,50,5.0,50,5.0
2026-08-23T11:32:40Z,2026-08-23 13:32,50,5.0,50,5.0
2026-08-23T11:37:46Z,2026-08-23 13:37,50,5.0,50,5.0
2026-08-23T11:42:51Z,2026-08-23 13:42,50,5.0,50,5.0
2026-08-23T11:47:57Z,2026-08-23 13:47,50,5.0,50,5.0
2026-08-23T11:53:03Z,2026-08-23 13:53,50,5.0,50,5.0
2026-08-23T11:58:09Z,2026-08-23 13:58,50,5.0,50,5.0
2026-08-23T12:03:16Z,2026-08-23 14:03,50,5.0,50,5.0
2026-08-23T12:08:21Z,2026-08-23 14:08,50,5.0,50,5.0
2026-08-23T12:13:27Z,2026-08-23 14:13,50,5.0,50,5.0
2026-08-23T12:18:34Z,2026-08-23 14:18,50,5.0,50,5.0
2026-08-23T12:23:40Z,2026-08-23 14:23,50,5.0,50,5.0
2026-08-23T12:28:46Z,2026-08-23 14:28,50,5.0,50,5.0
2026-08-23T12:33:52Z,2026-08-23 14:33,50,5.0,50,5.0
2026-08-23T12:38:58Z,2026-08-23 14:38,50,5.0,50,5.0
2026-08-23T12:44:04Z,2026-08-23 14:44,50,5.0,50,5.0
2026-08-23T12:49:10Z,2026-08-23 14:49,50,5.0,50,5.0
2026-08-23T12:54:18Z,2026-08-23 14:54,40,4.0,50,5.0
2026-08-23T12:59:23Z,2026-08-23 14:59,40,4.0,50,5.0
2026-08-23T13:04:29Z,2026-08-23 15:04,40,4.0,50,5.0
2026-08-23T13:09:35Z,2026-08-23 15:09,40,4.0,50,5.0
2026-08-23T13:09:51Z,2026-08-23 15:09,40,4.0,50,5.0
2026-08-23T13:14:56Z,2026-08-23 15:14,40,4.0,50,5.0
2026-08-23T13:20:02Z,2026-08-23 15:20,40,4.0,50,5.0
2026-08-23T13:25:09Z,2026-08-23 15:25,30,3.0,50,5.0
2026-08-23T13:30:19Z,2026-08-23 15:30,30,3.0,50,5.0
2026-08-23T13:35:25Z,2026-08-23 15:35,30,3.0,50,5.0
2026-08-23T13:40:31Z,2026-08-23 15:40,30,3.0,50,5.0
2026-08-23T13:45:36Z,2026-08-23 15:45,30,3.0,50,5.0
2026-08-23T13:50:43Z,2026-08-23 15:50,30,3.0,50,5.0
2026-08-23T13:55:48Z,2026-08-23 15:55,30,3.0,50,5.0
2026-08-23T14:00:54Z,2026-08-23 16:00,30,3.0,50,5.0
2026-08-23T14:05:59Z,2026-08-23 16:05,20,2.0,50,5.0
2026-08-23T14:11:05Z,2026-08-23 16:11,20,2.0,50,5.0
2026-08-23T14:16:11Z,2026-08-23 16:16,20,2.0,50,5.0
2026-08-23T14:21:17Z,2026-08-23 16:21,20,2.0,50,5.0
2026-08-23T14:26:23Z,2026-08-23 16:26,20,2.0,50,5.0
2026-08-23T14:31:29Z,2026-08-23 16:31,10,1.0,50,5.0
2026-08-23T14:36:35Z,2026-08-23 16:36,10,1.0,50,5.0
2026-08-23T14:41:40Z,2026-08-23 16:41,10,1.0,50,5.0
2026-08-23T14:46:46Z,2026-08-23 16:46,10,1.0,50,5.0
2026-08-23T14:51:52Z,2026-08-23 16:51,10,1.0,50,5.0
2026-08-23T14:56:57Z,2026-08-23 16:56,10,1.0,50,5.0
2026-08-23T15:02:06Z,2026-08-23 17:02,0,,50,5.0
2026-08-23T15:07:12Z,2026-08-23 17:07,0,,50,5.0
2026-08-23T15:12:18Z,2026-08-23 17:12,0,,50,5.0
2026-08-23T15:17:23Z,2026-08-23 17:17,0,,50,5.0
2026-08-23T15:22:28Z,2026-08-23 17:22,0,,50,5.0
2026-08-23T15:32:40Z,2026-08-23 17:32,0,,50,5.0
2026-08-23T15:37:45Z,2026-08-23 17:37,0,,50,5.0
2026-08-23T15:42:51Z,2026-08-23 17:42,0,,50,5.0
2026-08-23T15:47:57Z,2026-08-23 17:47,0,,50,5.0
2026-08-23T15:53:03Z,2026-08-23 17:53,0,,50,5.0
2026-08-23T15:58:09Z,2026-08-23 17:58,0,,40,4.0
2026-08-23T15:58:24Z,2026-08-23 17:58,0,,40,4.0
2026-08-23T16:03:30Z,2026-08-23 18:03,0,,40,4.0
2026-08-23T16:08:38Z,2026-08-23 18:08,0,,40,4.0
2026-08-23T16:13:43Z,2026-08-23 18:13,0,,40,4.0
2026-08-23T16:18:49Z,2026-08-23 18:18,0,,40,4.0
2026-08-23T16:23:55Z,2026-08-23 18:23,0,,40,4.0
2026-08-23T16:29:01Z,2026-08-23 18:29,0,,40,4.0
2026-08-23T16:34:08Z,2026-08-23 18:34,0,,40,4.0
2026-08-23T16:39:14Z,2026-08-23 18:39,0,,40,4.0
2026-08-23T16:44:19Z,2026-08-23 18:44,0,,40,4.0
2026-08-23T16:49:25Z,2026-08-23 18:49,0,,40,4.0
2026-08-23T16:54:31Z,2026-08-23 18:54,0,,40,4.0
2026-08-23T16:59:40Z,2026-08-23 18:59,0,,30,3.0
2026-08-23T17:04:47Z,2026-08-23 19:04,0,,30,3.0
2026-08-23T17:09:53Z,2026-08-23 19:09,0,,30,3.0
2026-08-23T17:14:59Z,2026-08-23 19:14,0,,30,3.0
2026-08-23T17:20:14Z,2026-08-23 19:20,0,,30,3.0
2026-08-23T17:25:20Z,2026-08-23 19:25,0,,30,3.0
2026-08-23T17:30:28Z,2026-08-23 19:30,0,,30,3.0
2026-08-23T17:35:34Z,2026-08-23 19:35,0,,30,3.0
2026-08-23T17:40:40Z,2026-08-23 19:40,0,,30,3.0
2026-08-23T17:45:48Z,2026-08-23 19:45,0,,30,3.0
2026-08-23T17:50:53Z,2026-08-23 19:50,0,,30,3.0
2026-08-23T17:55:59Z,2026-08-23 19:55,0,,30,3.0
2026-08-23T18:01:05Z,2026-08-23 20:01,0,,30,3.0
2026-08-23T18:06:11Z,2026-08-23 20:06,0,,20,2.0
2026-08-23T18:11:17Z,2026-08-23 20:11,0,,20,2.0
2026-08-23T18:16:23Z,2026-08-23 20:16,0,,20,2.0
2026-08-23T18:21:29Z,2026-08-23 20:21,0,,20,2.0
2026-08-23T18:26:35Z,2026-08-23 20:26,0,,20,2.0
2026-08-23T18:31:41Z,2026-08-23 20:31,0,,20,2.0
2026-08-23T18:36:46Z,2026-08-23 20:36,0,,20,2.0
2026-08-23T18:41:52Z,2026-08-23 20:41,0,,20,2.0
2026-08-23T18:46:58Z,2026-08-23 20:46,0,,20,2.0
2026-08-23T18:47:14Z,2026-08-23 20:47,0,,20,2.0
2026-08-23T18:52:20Z,2026-08-23 20:52,0,,20,2.0
2026-08-23T18:57:26Z,2026-08-23 20:57,0,,20,2.0
2026-08-23T19:02:32Z,2026-08-23 21:02,0,,20,2.0
2026-08-23T19:07:38Z,2026-08-23 21:07,0,,20,2.0
2026-08-23T19:12:44Z,2026-08-23 21:12,0,,20,2.0
2026-08-23T19:17:51Z,2026-08-23 21:17,0,,20,2.0
2026-08-23T19:22:57Z,2026-08-23 21:22,0,,20,2.0
2026-08-23T19:28:03Z,2026-08-23 21:28,0,,20,2.0
2026-08-23T19:33:09Z,2026-08-23 21:33,0,,20,2.0
2026-08-23T19:38:15Z,2026-08-23 21:38,0,,20,2.0
2026-08-23T19:43:21Z,2026-08-23 21:43,0,,20,2.0
2026-08-23T19:48:27Z,2026-08-23 21:48,0,,20,2.0
2026-08-23T19:53:33Z,2026-08-23 21:53,0,,20,2.0
2026-08-23T19:58:41Z,2026-08-23 21:58,0,,20,2.0
2026-08-23T20:03:46Z,2026-08-23 22:03,0,,20,2.0
2026-08-23T20:08:52Z,2026-08-23 22:08,0,,20,2.0
2026-08-23T20:13:58Z,2026-08-23 22:13,0,,20,2.0
2026-08-23T20:19:05Z,2026-08-23 22:19,0,,20,2.0
2026-08-23T20:24:11Z,2026-08-23 22:24,0,,20,2.0
2026-08-23T20:29:17Z,2026-08-23 22:29,0,,20,2.0
2026-08-23T20:34:24Z,2026-08-23 22:34,0,,20,2.0
2026-08-23T20:39:30Z,2026-08-23 22:39,0,,10,1.0
2026-08-23T20:44:36Z,2026-08-23 22:44,0,,10,1.0
2026-08-23T20:49:44Z,2026-08-23 22:49,0,,10,1.0
2026-08-23T20:54:49Z,2026-08-23 22:54,0,,10,1.0
2026-08-23T20:59:55Z,2026-08-23 22:59,0,,10,1.0
2026-08-23T21:05:01Z,2026-08-23 23:05,0,,0,
2026-08-23T21:10:12Z,2026-08-23 23:10,0,,0,
2026-08-23T21:15:18Z,2026-08-23 23:15,0,,0,
2026-08-23T21:20:24Z,2026-08-23 23:20,0,,0,
2026-08-23T21:25:30Z,2026-08-23 23:25,0,,0,
2026-08-23T21:30:36Z,2026-08-23 23:30,0,,0,
2026-08-23T21:35:43Z,2026-08-23 23:35,0,,0,
2026-08-23T21:35:57Z,2026-08-23 23:35,0,,0,
2026-08-23T21:41:02Z,2026-08-23 23:41,0,,0,
2026-08-23T21:46:08Z,2026-08-23 23:46,0,,0,
2026-08-23T21:51:13Z,2026-08-23 23:51,0,,0,
2026-08-23T21:56:18Z,2026-08-23 23:56,0,,0,
2026-08-23T22:01:23Z,2026-08-24 00:01,0,,0,
2026-08-23T22:06:29Z,2026-08-24 00:06,0,,0,
2026-08-23T22:11:34Z,2026-08-24 00:11,0,,0,
2026-08-23T22:16:39Z,2026-08-24 00:16,0,,0,
2026-08-23T22:21:46Z,2026-08-24 00:21,0,,0,
2026-08-23T22:26:50Z,2026-08-24 00:26,0,,0,
2026-08-23T22:31:55Z,2026-08-24 00:31,0,,0,
2026-08-23T22:37:01Z,2026-08-24 00:37,0,,0,
2026-08-23T22:42:07Z,2026-08-24 00:42,0,,0,
2026-08-23T22:47:13Z,2026-08-24 00:47,0,,0,
2026-08-23T22:52:18Z,2026-08-24 00:52,0,,0,
2026-08-23T22:57:25Z,2026-08-24 00:57,0,,0,
2026-08-23T23:02:30Z,2026-08-24 01:02,0,,0,
2026-08-23T23:07:35Z,2026-08-24 01:07,0,,0,
2026-08-23T23:12:40Z,2026-08-24 01:12,0,,0,
2026-08-23T23:17:46Z,2026-08-24 01:17,0,,0,
2026-08-23T23:22:51Z,2026-08-24 01:22,0,,0,
2026-08-23T23:27:56Z,2026-08-24 01:27,0,,0,
2026-08-23T23:33:03Z,2026-08-24 01:33,0,,0,
2026-08-23T23:38:08Z,2026-08-24 01:38,0,,0,
2026-08-23T23:43:13Z,2026-08-24 01:43,0,,0,
2026-08-23T23:48:18Z,2026-08-24 01:48,0,,0,
2026-08-23T23:53:23Z,2026-08-24 01:53,0,,0,
2026-08-23T23:58:28Z,2026-08-24 01:58,0,,0,
2026-08-24T00:03:33Z,2026-08-24 02:03,0,,0,
2026-08-24T00:08:38Z,2026-08-24 02:08,0,,0,
2026-08-24T00:13:43Z,2026-08-24 02:13,0,,0,
2026-08-24T00:18:49Z,2026-08-24 02:18,0,,0,
2026-08-24T00:23:54Z,2026-08-24 02:23,0,,0,
2026-08-24T00:24:08Z,2026-08-24 02:24,0,,0,
2026-08-24T00:29:14Z,2026-08-24 02:29,0,,0,
2026-08-24T00:34:20Z,2026-08-24 02:34,0,,0,
2026-08-24T00:39:26Z,2026-08-24 02:39,0,,0,
2026-08-24T00:49:37Z,2026-08-24 02:49,0,,0,
2026-08-24T00:54:43Z,2026-08-24 02:54,0,,0,
2026-08-24T00:59:49Z,2026-08-24 02:59,0,,0,
2026-08-24T01:10:01Z,2026-08-24 03:10,0,,0,
2026-08-24T01:20:24Z,2026-08-24 03:20,0,,0,
2026-08-24T01:25:30Z,2026-08-24 03:25,0,,0,
2026-08-24T01:30:37Z,2026-08-24 03:30,0,,0,
2026-08-24T01:35:43Z,2026-08-24 03:35,0,,0,
2026-08-24T01:40:49Z,2026-08-24 03:40,0,,0,
2026-08-24T01:45:55Z,2026-08-24 03:45,0,,0,
2026-08-24T01:51:01Z,2026-08-24 03:51,0,,0,
2026-08-24T01:56:08Z,2026-08-24 03:56,0,,0,
2026-08-24T02:01:15Z,2026-08-24 04:01,0,,0,
2026-08-24T02:06:21Z,2026-08-24 04:06,0,,0,
2026-08-24T02:11:27Z,2026-08-24 04:11,0,,0,
2026-08-24T02:16:33Z,2026-08-24 04:16,0,,0,
2026-08-24T02:21:39Z,2026-08-24 04:21,0,,0,
2026-08-24T02:26:45Z,2026-08-24 04:26,0,,0,
2026-08-24T02:31:51Z,2026-08-24 04:31,0,,0,
2026-08-24T02:36:57Z,2026-08-24 04:36,0,,0,
2026-08-24T02:42:03Z,2026-08-24 04:42,0,,0,
2026-08-24T02:47:09Z,2026-08-24 04:47,0,,0,
2026-08-24T02:52:15Z,2026-08-24 04:52,0,,0,
2026-08-24T02:57:21Z,2026-08-24 04:57,0,,0,
2026-08-24T03:02:27Z,2026-08-24 05:02,0,,0,
2026-08-24T03:07:33Z,2026-08-24 05:07,0,,0,
2026-08-24T03:12:39Z,2026-08-24 05:12,0,,0,
2026-08-24T03:12:53Z,2026-08-24 05:12,0,,0,
2026-08-24T03:17:58Z,2026-08-24 05:17,0,,0,
2026-08-24T03:23:03Z,2026-08-24 05:23,0,,0,
2026-08-24T03:28:09Z,2026-08-24 05:28,0,,0,
2026-08-24T03:33:14Z,2026-08-24 05:33,0,,0,
2026-08-24T03:38:20Z,2026-08-24 05:38,0,,0,
2026-08-24T03:43:25Z,2026-08-24 05:43,0,,0,
2026-08-24T03:48:30Z,2026-08-24 05:48,0,,0,
2026-08-24T03:53:34Z,2026-08-24 05:53,0,,0,
2026-08-24T03:58:41Z,2026-08-24 05:58,0,,0,
2026-08-24T04:03:46Z,2026-08-24 06:03,0,,0,
2026-08-24T04:08:51Z,2026-08-24 06:08,0,,0,
2026-08-24T04:13:56Z,2026-08-24 06:13,0,,0,
2026-08-24T04:19:01Z,2026-08-24 06:19,0,,0,
2026-08-24T04:24:06Z,2026-08-24 06:24,0,,0,
2026-08-24T04:29:11Z,2026-08-24 06:29,0,,0,
2026-08-24T04:34:16Z,2026-08-24 06:34,0,,0,
2026-08-24T04:39:21Z,2026-08-24 06:39,0,,0,
2026-08-24T04:44:26Z,2026-08-24 06:44,0,,0,
2026-08-24T04:49:32Z,2026-08-24 06:49,0,,0,
2026-08-24T04:54:36Z,2026-08-24 06:54,0,,0,
2026-08-24T04:59:41Z,2026-08-24 06:59,0,,0,
2026-08-24T05:04:46Z,2026-08-24 07:04,0,,0,
2026-08-24T05:09:51Z,2026-08-24 07:09,0,,0,
2026-08-24T05:14:56Z,2026-08-24 07:14,0,,0,
2026-08-24T05:20:01Z,2026-08-24 07:20,0,,0,
2026-08-24T05:25:13Z,2026-08-24 07:25,0,,0,
2026-08-24T05:30:28Z,2026-08-24 07:30,0,,0,
2026-08-24T05:35:32Z,2026-08-24 07:35,0,,0,
2026-08-24T05:40:38Z,2026-08-24 07:40,0,,0,
2026-08-24T05:45:43Z,2026-08-24 07:45,0,,0,
2026-08-24T05:50:48Z,2026-08-24 07:50,0,,0,
2026-08-24T05:55:53Z,2026-08-24 07:55,0,,0,
2026-08-24T06:00:59Z,2026-08-24 08:00,0,,0,
2026-08-24T06:01:14Z,2026-08-24 08:01,0,,0,
2026-08-24T06:06:20Z,2026-08-24 08:06,0,,0,
2026-08-24T06:11:26Z,2026-08-24 08:11,0,,0,
2026-08-24T06:16:32Z,2026-08-24 08:16,0,,0,
2026-08-24T06:21:38Z,2026-08-24 08:21,0,,0,
2026-08-24T06:26:44Z,2026-08-24 08:26,0,,0,
2026-08-24T06:31:50Z,2026-08-24 08:31,0,,0,
2026-08-24T06:36:56Z,2026-08-24 08:36,0,,0,
2026-08-24T06:42:02Z,2026-08-24 08:42,0,,0,
2026-08-24T06:47:08Z,2026-08-24 08:47,0,,0,
2026-08-24T06:52:15Z,2026-08-24 08:52,0,,0,
2026-08-24T06:57:21Z,2026-08-24 08:57,0,,0,
2026-08-24T07:02:28Z,2026-08-24 09:02,0,,0,
2026-08-24T07:07:34Z,2026-08-24 09:07,0,,0,
2026-08-24T07:12:41Z,2026-08-24 09:12,0,,0,
2026-08-24T07:17:47Z,2026-08-24 09:17,0,,0,
2026-08-24T07:22:53Z,2026-08-24 09:22,0,,0,
2026-08-24T07:27:59Z,2026-08-24 09:27,0,,0,
2026-08-24T07:33:06Z,2026-08-24 09:33,0,,0,
2026-08-24T07:38:13Z,2026-08-24 09:38,0,,0,
2026-08-24T07:43:19Z,2026-08-24 09:43,0,,0,
2026-08-24T07:48:26Z,2026-08-24 09:48,0,,0,
2026-08-24T07:53:32Z,2026-08-24 09:53,0,,0,
2026-08-24T07:58:38Z,2026-08-24 09:58,10,1.0,0,
2026-08-24T08:03:45Z,2026-08-24 10:03,10,1.0,0,
2026-08-24T08:08:51Z,2026-08-24 10:08,10,1.0,0,
2026-08-24T08:13:57Z,2026-08-24 10:13,10,1.0,0,
2026-08-24T08:19:03Z,2026-08-24 10:19,10,1.0,0,
2026-08-24T08:24:10Z,2026-08-24 10:24,10,1.0,0,
2026-08-24T08:29:18Z,2026-08-24 10:29,20,2.0,0,
2026-08-24T08:34:25Z,2026-08-24 10:34,20,2.0,0,
2026-08-24T08:39:33Z,2026-08-24 10:39,20,2.0,0,
2026-08-24T08:44:39Z,2026-08-24 10:44,20,2.0,0,
2026-08-24T08:49:45Z,2026-08-24 10:49,20,2.0,0,
2026-08-24T08:50:08Z,2026-08-24 10:50,20,2.0,0,
2026-08-24T08:55:16Z,2026-08-24 10:55,20,2.0,0,
2026-08-24T09:00:26Z,2026-08-24 11:00,20,2.0,0,
2026-08-24T09:05:32Z,2026-08-24 11:05,20,2.0,0,
2026-08-24T09:10:38Z,2026-08-24 11:10,20,2.0,0,
2026-08-24T09:15:43Z,2026-08-24 11:15,20,2.0,0,
2026-08-24T09:20:49Z,2026-08-24 11:20,30,3.0,10,1.0
2026-08-24T09:25:54Z,2026-08-24 11:25,30,3.0,10,1.0
2026-08-24T09:30:59Z,2026-08-24 11:30,30,3.0,20,2.0
2026-08-24T09:36:10Z,2026-08-24 11:36,30,3.0,20,2.0
2026-08-24T09:41:15Z,2026-08-24 11:41,30,3.0,20,2.0
2026-08-24T09:46:21Z,2026-08-24 11:46,30,3.0,20,2.0
2026-08-24T09:51:27Z,2026-08-24 11:51,40,4.0,30,3.0
2026-08-24T09:56:32Z,2026-08-24 11:56,40,4.0,30,3.0
2026-08-24T10:01:38Z,2026-08-24 12:01,40,4.0,30,3.0
2026-08-24T10:06:43Z,2026-08-24 12:06,40,4.0,30,3.0
2026-08-24T10:11:48Z,2026-08-24 12:11,40,4.0,30,3.0
2026-08-24T10:16:53Z,2026-08-24 12:16,40,4.0,30,3.0
2026-08-24T10:21:58Z,2026-08-24 12:21,40,4.0,30,3.0
2026-08-24T10:27:04Z,2026-08-24 12:27,40,4.0,40,4.0
2026-08-24T10:32:12Z,2026-08-24 12:32,40,4.0,40,4.0
2026-08-24T10:37:18Z,2026-08-24 12:37,40,4.0,40,4.0
2026-08-24T10:42:23Z,2026-08-24 12:42,40,4.0,40,4.0
2026-08-24T10:47:28Z,2026-08-24 12:47,50,5.0,40,4.0
2026-08-24T10:52:34Z,2026-08-24 12:52,50,5.0,40,4.0
2026-08-24T10:57:39Z,2026-08-24 12:57,50,5.0,40,4.0
2026-08-24T11:02:44Z,2026-08-24 13:02,50,5.0,40,4.0
2026-08-24T11:07:49Z,2026-08-24 13:07,50,5.0,40,4.0
2026-08-24T11:17:59Z,2026-08-24 13:17,50,5.0,40,4.0
2026-08-24T11:28:11Z,2026-08-24 13:28,50,5.0,40,4.0
2026-08-24T11:33:16Z,2026-08-24 13:33,50,5.0,40,4.0
2026-08-24T11:38:22Z,2026-08-24 13:38,50,5.0,40,4.0
2026-08-24T11:38:38Z,2026-08-24 13:38,50,5.0,40,4.0
2026-08-24T11:43:44Z,2026-08-24 13:43,50,5.0,40,4.0
2026-08-24T11:48:50Z,2026-08-24 13:48,50,5.0,40,4.0
2026-08-24T11:53:56Z,2026-08-24 13:53,50,5.0,40,4.0
2026-08-24T11:59:02Z,2026-08-24 13:59,50,5.0,40,4.0
2026-08-24T12:04:11Z,2026-08-24 14:04,50,5.0,40,4.0
2026-08-24T12:09:17Z,2026-08-24 14:09,50,5.0,40,4.0
2026-08-24T12:14:24Z,2026-08-24 14:14,50,5.0,40,4.0
2026-08-24T12:19:30Z,2026-08-24 14:19,50,5.0,40,4.0
2026-08-24T12:24:36Z,2026-08-24 14:24,50,5.0,40,4.0
2026-08-24T12:29:42Z,2026-08-24 14:29,50,5.0,40,4.0
2026-08-24T12:34:48Z,2026-08-24 14:34,50,5.0,40,4.0
2026-08-24T12:39:54Z,2026-08-24 14:39,50,5.0,40,4.0
2026-08-24T12:45:01Z,2026-08-24 14:45,50,5.0,30,3.0
2026-08-24T12:50:13Z,2026-08-24 14:50,50,5.0,30,3.0
2026-08-24T12:55:21Z,2026-08-24 14:55,50,5.0,30,3.0
2026-08-24T13:00:28Z,2026-08-24 15:00,40,4.0,30,3.0
2026-08-24T13:05:34Z,2026-08-24 15:05,40,4.0,30,3.0
2026-08-24T13:10:41Z,2026-08-24 15:10,40,4.0,30,3.0
2026-08-24T13:15:47Z,2026-08-24 15:15,40,4.0,30,3.0
2026-08-24T13:20:55Z,2026-08-24 15:20,40,4.0,30,3.0
2026-08-24T13:26:01Z,2026-08-24 15:26,40,4.0,30,3.0
2026-08-24T13:31:07Z,2026-08-24 15:31,40,4.0,20,2.0
2026-08-24T13:36:15Z,2026-08-24 15:36,40,4.0,20,2.0
2026-08-24T13:41:22Z,2026-08-24 15:41,30,3.0,20,2.0
2026-08-24T13:46:28Z,2026-08-24 15:46,30,3.0,20,2.0
2026-08-24T13:51:34Z,2026-08-24 15:51,30,3.0,20,2.0
2026-08-24T13:56:40Z,2026-08-24 15:56,30,3.0,20,2.0
2026-08-24T14:01:46Z,2026-08-24 16:01,30,3.0,20,2.0
2026-08-24T14:06:53Z,2026-08-24 16:06,30,3.0,20,2.0
2026-08-24T14:11:59Z,2026-08-24 16:11,30,3.0,20,2.0
2026-08-24T14:17:04Z,2026-08-24 16:17,20,2.0,20,2.0
2026-08-24T14:22:12Z,2026-08-24 16:22,20,2.0,20,2.0
2026-08-24T14:27:19Z,2026-08-24 16:27,20,2.0,20,2.0
2026-08-24T14:27:36Z,2026-08-24 16:27,20,2.0,20,2.0
2026-08-24T14:32:43Z,2026-08-24 16:32,10,1.0,20,2.0
2026-08-24T14:37:49Z,2026-08-24 16:37,10,1.0,20,2.0
2026-08-24T14:42:55Z,2026-08-24 16:42,0,,20,2.0
2026-08-24T14:48:02Z,2026-08-24 16:48,0,,20,2.0
2026-08-24T14:53:08Z,2026-08-24 16:53,0,,20,2.0
2026-08-24T14:58:15Z,2026-08-24 16:58,0,,20,2.0
2026-08-24T15:03:22Z,2026-08-24 17:03,0,,20,2.0
2026-08-24T15:08:30Z,2026-08-24 17:08,0,,10,1.0
2026-08-24T15:13:36Z,2026-08-24 17:13,0,,10,1.0
2026-08-24T15:18:42Z,2026-08-24 17:18,0,,10,1.0
2026-08-24T15:23:49Z,2026-08-24 17:23,0,,10,1.0
2026-08-24T15:28:55Z,2026-08-24 17:28,0,,10,1.0
2026-08-24T15:34:01Z,2026-08-24 17:34,0,,10,1.0
2026-08-24T15:39:09Z,2026-08-24 17:39,0,,10,1.0
2026-08-24T15:44:16Z,2026-08-24 17:44,0,,10,1.0
2026-08-24T15:49:23Z,2026-08-24 17:49,0,,10,1.0
2026-08-24T15:54:30Z,2026-08-24 17:54,0,,10,1.0
2026-08-24T15:59:37Z,2026-08-24 17:59,0,,10,1.0
2026-08-24T16:04:43Z,2026-08-24 18:04,0,,10,1.0
2026-08-24T16:09:50Z,2026-08-24 18:09,0,,0,
2026-08-24T16:14:56Z,2026-08-24 18:14,0,,0,
2026-08-24T16:20:03Z,2026-08-24 18:20,0,,0,
2026-08-24T16:25:10Z,2026-08-24 18:25,0,,0,
2026-08-24T16:30:22Z,2026-08-24 18:30,0,,0,
2026-08-24T16:35:31Z,2026-08-24 18:35,0,,0,
2026-08-24T16:40:38Z,2026-08-24 18:40,0,,0,
2026-08-24T16:45:45Z,2026-08-24 18:45,0,,0,
2026-08-24T16:50:51Z,2026-08-24 18:50,0,,0,
2026-08-24T16:55:57Z,2026-08-24 18:55,0,,0,
2026-08-24T17:01:04Z,2026-08-24 19:01,0,,0,
2026-08-24T17:06:11Z,2026-08-24 19:06,0,,0,
2026-08-24T17:11:18Z,2026-08-24 19:11,0,,0,
2026-08-24T17:16:25Z,2026-08-24 19:16,0,,0,
2026-08-24T17:16:40Z,2026-08-24 19:16,0,,0,
2026-08-24T17:21:47Z,2026-08-24 19:21,0,,0,
2026-08-24T17:26:54Z,2026-08-24 19:26,0,,0,
2026-08-24T17:32:00Z,2026-08-24 19:32,0,,0,
2026-08-24T17:37:06Z,2026-08-24 19:37,0,,0,
2026-08-24T17:42:13Z,2026-08-24 19:42,0,,0,
2026-08-24T17:47:21Z,2026-08-24 19:47,0,,0,
2026-08-24T17:52:27Z,2026-08-24 19:52,0,,0,
2026-08-24T17:57:33Z,2026-08-24 19:57,0,,0,
2026-08-24T18:02:42Z,2026-08-24 20:02,0,,0,
2026-08-24T18:07:48Z,2026-08-24 20:07,0,,0,
2026-08-24T18:12:54Z,2026-08-24 20:12,0,,0,
2026-08-24T18:18:00Z,2026-08-24 20:18,0,,0,
2026-08-24T18:23:08Z,2026-08-24 20:23,0,,0,
2026-08-24T18:28:16Z,2026-08-24 20:28,0,,0,
2026-08-24T18:33:23Z,2026-08-24 20:33,0,,0,
2026-08-24T18:38:30Z,2026-08-24 20:38,0,,0,
2026-08-24T18:43:37Z,2026-08-24 20:43,0,,0,
2026-08-24T18:48:42Z,2026-08-24 20:48,0,,0,
2026-08-24T18:53:49Z,2026-08-24 20:53,0,,0,
2026-08-24T19:04:09Z,2026-08-24 21:04,0,,0,
2026-08-24T19:09:16Z,2026-08-24 21:09,0,,0,
2026-08-24T19:14:22Z,2026-08-24 21:14,0,,0,
2026-08-24T19:19:28Z,2026-08-24 21:19,0,,0,
2026-08-24T19:24:34Z,2026-08-24 21:24,0,,0,
2026-08-24T19:29:41Z,2026-08-24 21:29,0,,0,
2026-08-24T19:34:49Z,2026-08-24 21:34,0,,0,
2026-08-24T19:39:56Z,2026-08-24 21:39,0,,0,
2026-08-24T19:45:03Z,2026-08-24 21:45,0,,0,
2026-08-24T19:50:13Z,2026-08-24 21:50,0,,0,
2026-08-24T19:55:19Z,2026-08-24 21:55,0,,0,
2026-08-24T20:00:26Z,2026-08-24 22:00,0,,0,
2026-08-24T20:05:33Z,2026-08-24 22:05,0,,0,
2026-08-24T20:05:49Z,2026-08-24 22:05,0,,0,
2026-08-24T20:10:55Z,2026-08-24 22:10,0,,0,
2026-08-24T20:16:03Z,2026-08-24 22:16,0,,0,
2026-08-24T20:21:09Z,2026-08-24 22:21,0,,0,
2026-08-24T20:26:15Z,2026-08-24 22:26,0,,0,
2026-08-24T20:31:22Z,2026-08-24 22:31,0,,0,
2026-08-24T20:36:28Z,2026-08-24 22:36,0,,0,
2026-08-24T20:41:34Z,2026-08-24 22:41,0,,0,
2026-08-24T20:46:40Z,2026-08-24 22:46,0,,0,
2026-08-24T20:51:46Z,2026-08-24 22:51,0,,0,
2026-08-24T20:56:52Z,2026-08-24 22:56,0,,0,
2026-08-24T21:01:59Z,2026-08-24 23:01,0,,0,
2026-08-24T21:15:37Z,2026-08-24 23:15,0,,0,
2026-08-24T21:25:52Z,2026-08-24 23:25,0,,0,
2026-08-24T21:30:59Z,2026-08-24 23:30,0,,0,
2026-08-24T21:36:09Z,2026-08-24 23:36,0,,0,
2026-08-24T21:41:16Z,2026-08-24 23:41,0,,0,
2026-08-24T21:46:24Z,2026-08-24 23:46,0,,0,
2026-08-24T21:51:32Z,2026-08-24 23:51,0,,0,
2026-08-24T21:56:38Z,2026-08-24 23:56,0,,0,
2026-08-24T22:01:44Z,2026-08-25 00:01,0,,0,
2026-08-24T22:06:51Z,2026-08-25 00:06,0,,0,
2026-08-24T22:11:57Z,2026-08-25 00:11,0,,0,
2026-08-24T22:17:04Z,2026-08-25 00:17,0,,0,
2026-08-24T22:22:11Z,2026-08-25 00:22,0,,0,
2026-08-24T22:27:17Z,2026-08-25 00:27,0,,0,
2026-08-24T22:32:23Z,2026-08-25 00:32,0,,0,
2026-08-24T22:37:32Z,2026-08-25 00:37,0,,0,
2026-08-24T22:42:40Z,2026-08-25 00:42,0,,0,
2026-08-24T22:47:46Z,2026-08-25 00:47,0,,0,
2026-08-24T22:52:52Z,2026-08-25 00:52,0,,0,
2026-08-24T22:57:56Z,2026-08-25 00:57,0,,0,
2026-08-24T22:58:10Z,2026-08-25 00:58,0,,0,
2026-08-24T23:03:17Z,2026-08-25 01:03,0,,0,
2026-08-24T23:08:23Z,2026-08-25 01:08,0,,0,
2026-08-24T23:13:29Z,2026-08-25 01:13,0,,0,
2026-08-24T23:18:35Z,2026-08-25 01:18,0,,0,
2026-08-24T23:23:42Z,2026-08-25 01:23,0,,0,
2026-08-24T23:28:48Z,2026-08-25 01:28,0,,0,
2026-08-24T23:33:55Z,2026-08-25 01:33,0,,0,
2026-08-24T23:39:01Z,2026-08-25 01:39,0,,0,
2026-08-24T23:44:08Z,2026-08-25 01:44,0,,0,
2026-08-24T23:49:15Z,2026-08-25 01:49,0,,0,
2026-08-24T23:54:21Z,2026-08-25 01:54,0,,0,
2026-08-24T23:59:27Z,2026-08-25 01:59,0,,0,
2026-08-25T00:04:33Z,2026-08-25 02:04,0,,0,
2026-08-25T00:09:39Z,2026-08-25 02:09,0,,0,
2026-08-25T00:14:44Z,2026-08-25 02:14,0,,0,
2026-08-25T00:19:50Z,2026-08-25 02:19,0,,0,
2026-08-25T00:24:56Z,2026-08-25 02:24,0,,0,
2026-08-25T00:30:03Z,2026-08-25 02:30,0,,0,
2026-08-25T00:35:10Z,2026-08-25 02:35,0,,0,
2026-08-25T00:40:16Z,2026-08-25 02:40,0,,0,
2026-08-25T00:45:24Z,2026-08-25 02:45,0,,0,
2026-08-25T00:50:31Z,2026-08-25 02:50,0,,0,
2026-08-25T00:55:38Z,2026-08-25 02:55,0,,0,
2026-08-25T01:00:45Z,2026-08-25 03:00,0,,0,
2026-08-25T01:05:51Z,2026-08-25 03:05,0,,0,
2026-08-25T01:10:57Z,2026-08-25 03:10,0,,0,
2026-08-25T01:16:04Z,2026-08-25 03:16,0,,0,
2026-08-25T01:21:10Z,2026-08-25 03:21,0,,0,
2026-08-25T01:26:16Z,2026-08-25 03:26,0,,0,
2026-08-25T01:31:22Z,2026-08-25 03:31,0,,0,
2026-08-25T01:36:28Z,2026-08-25 03:36,0,,0,
2026-08-25T01:41:34Z,2026-08-25 03:41,0,,0,
2026-08-25T01:46:40Z,2026-08-25 03:46,0,,0,
2026-08-25T01:46:56Z,2026-08-25 03:46,0,,0,
2026-08-25T01:52:02Z,2026-08-25 03:52,0,,0,
2026-08-25T01:57:08Z,2026-08-25 03:57,0,,0,
2026-08-25T02:02:15Z,2026-08-25 04:02,0,,0,
2026-08-25T02:07:21Z,2026-08-25 04:07,0,,0,
2026-08-25T02:12:27Z,2026-08-25 04:12,0,,0,
2026-08-25T02:17:34Z,2026-08-25 04:17,0,,0,
2026-08-25T02:22:40Z,2026-08-25 04:22,0,,0,
2026-08-25T02:27:46Z,2026-08-25 04:27,0,,0,
2026-08-25T02:32:52Z,2026-08-25 04:32,0,,0,
2026-08-25T02:37:58Z,2026-08-25 04:37,0,,0,
2026-08-25T02:43:04Z,2026-08-25 04:43,0,,0,
2026-08-25T02:48:10Z,2026-08-25 04:48,0,,0,
2026-08-25T02:53:16Z,2026-08-25 04:53,0,,0,
2026-08-25T02:58:22Z,2026-08-25 04:58,0,,0,
2026-08-25T03:03:28Z,2026-08-25 05:03,0,,0,
2026-08-25T03:08:34Z,2026-08-25 05:08,0,,0,
2026-08-25T03:13:41Z,2026-08-25 05:13,0,,0,
2026-08-25T03:18:47Z,2026-08-25 05:18,0,,0,
2026-08-25T03:23:52Z,2026-08-25 05:23,0,,0,
2026-08-25T03:28:59Z,2026-08-25 05:28,0,,0,
2026-08-25T03:34:06Z,2026-08-25 05:34,0,,0,
2026-08-25T03:39:13Z,2026-08-25 05:39,0,,0,
2026-08-25T03:44:19Z,2026-08-25 05:44,0,,0,
2026-08-25T03:49:25Z,2026-08-25 05:49,0,,0,
2026-08-25T03:54:31Z,2026-08-25 05:54,0,,0,
2026-08-25T03:59:37Z,2026-08-25 05:59,0,,0,
2026-08-25T04:04:43Z,2026-08-25 06:04,0,,0,
2026-08-25T04:09:49Z,2026-08-25 06:09,0,,0,
2026-08-25T04:14:55Z,2026-08-25 06:14,0,,0,
2026-08-25T04:20:01Z,2026-08-25 06:20,0,,0,
2026-08-25T04:25:16Z,2026-08-25 06:25,0,,0,
2026-08-25T04:30:25Z,2026-08-25 06:30,0,,0,
2026-08-25T04:35:31Z,2026-08-25 06:35,0,,0,
2026-08-25T04:40:52Z,2026-08-25 06:40,0,,0,
2026-08-25T04:45:57Z,2026-08-25 06:45,0,,0,
2026-08-25T04:51:03Z,2026-08-25 06:51,0,,0,
2026-08-25T04:56:09Z,2026-08-25 06:56,0,,0,
2026-08-25T05:01:16Z,2026-08-25 07:01,0,,0,
2026-08-25T05:06:22Z,2026-08-25 07:06,0,,0,
2026-08-25T05:11:28Z,2026-08-25 07:11,0,,0,
2026-08-25T05:16:34Z,2026-08-25 07:16,0,,0,
2026-08-25T05:21:40Z,2026-08-25 07:21,0,,0,
2026-08-25T05:26:46Z,2026-08-25 07:26,0,,0,
2026-08-25T05:31:52Z,2026-08-25 07:31,0,,0,
2026-08-25T05:36:59Z,2026-08-25 07:36,0,,0,
2026-08-25T05:42:04Z,2026-08-25 07:42,0,,0,
2026-08-25T05:47:11Z,2026-08-25 07:47,0,,0,
2026-08-25T05:52:18Z,2026-08-25 07:52,0,,0,
2026-08-25T05:57:24Z,2026-08-25 07:57,0,,0,
2026-08-25T06:02:31Z,2026-08-25 08:02,0,,0,
2026-08-25T06:07:37Z,2026-08-25 08:07,0,,0,
2026-08-25T06:12:43Z,2026-08-25 08:12,0,,0,
2026-08-25T06:17:48Z,2026-08-25 08:17,0,,0,
2026-08-25T06:22:54Z,2026-08-25 08:22,0,,0,
2026-08-25T06:28:01Z,2026-08-25 08:28,0,,0,
2026-08-25T06:33:08Z,2026-08-25 08:33,0,,0,
2026-08-25T06:38:14Z,2026-08-25 08:38,0,,0,
2026-08-25T06:43:21Z,2026-08-25 08:43,0,,0,
2026-08-25T06:48:27Z,2026-08-25 08:48,0,,0,
2026-08-25T06:53:33Z,2026-08-25 08:53,0,,0,
2026-08-25T06:58:40Z,2026-08-25 08:58,0,,0,
2026-08-25T07:03:46Z,2026-08-25 09:03,0,,0,
2026-08-25T07:08:52Z,2026-08-25 09:08,0,,0,
2026-08-25T07:13:59Z,2026-08-25 09:13,0,,0,
2026-08-25T07:19:05Z,2026-08-25 09:19,0,,0,
2026-08-25T07:24:12Z,2026-08-25 09:24,0,,0,
2026-08-25T07:24:27Z,2026-08-25 09:24,0,,0,
2026-08-25T07:29:33Z,2026-08-25 09:29,0,,0,
2026-08-25T07:34:39Z,2026-08-25 09:34,0,,0,
2026-08-25T07:39:46Z,2026-08-25 09:39,0,,0,
2026-08-25T07:44:52Z,2026-08-25 09:44,0,,0,
2026-08-25T07:49:58Z,2026-08-25 09:49,0,,0,
2026-08-25T07:55:06Z,2026-08-25 09:55,0,,0,
2026-08-25T08:00:23Z,2026-08-25 10:00,0,,0,
2026-08-25T08:05:29Z,2026-08-25 10:05,0,,0,
2026-08-25T08:10:35Z,2026-08-25 10:10,0,,0,
2026-08-25T08:15:41Z,2026-08-25 10:15,0,,0,
2026-08-25T08:20:48Z,2026-08-25 10:20,0,,0,
2026-08-25T08:25:54Z,2026-08-25 10:25,0,,0,
2026-08-25T08:31:00Z,2026-08-25 10:31,0,,0,
2026-08-25T08:36:09Z,2026-08-25 10:36,0,,0,
2026-08-25T08:41:16Z,2026-08-25 10:41,0,,10,1.0
2026-08-25T08:46:21Z,2026-08-25 10:46,0,,10,1.0
2026-08-25T08:51:28Z,2026-08-25 10:51,0,,10,1.0
2026-08-25T08:56:34Z,2026-08-25 10:56,0,,10,1.0
2026-08-25T09:01:40Z,2026-08-25 11:01,0,,10,1.0
2026-08-25T09:06:47Z,2026-08-25 11:06,0,,10,1.0
2026-08-25T09:11:53Z,2026-08-25 11:11,0,,10,1.0
2026-08-25T09:16:59Z,2026-08-25 11:16,0,,10,1.0
2026-08-25T09:22:08Z,2026-08-25 11:22,10,1.0,20,2.0
2026-08-25T09:27:16Z,2026-08-25 11:27,10,1.0,20,2.0
2026-08-25T09:32:22Z,2026-08-25 11:32,10,1.0,20,2.0
2026-08-25T09:37:28Z,2026-08-25 11:37,10,1.0,20,2.0
2026-08-25T09:42:34Z,2026-08-25 11:42,20,2.0,20,2.0
2026-08-25T09:47:41Z,2026-08-25 11:47,20,2.0,20,2.0
2026-08-25T09:52:47Z,2026-08-25 11:52,20,2.0,20,2.0
2026-08-25T09:57:53Z,2026-08-25 11:57,20,2.0,20,2.0
2026-08-25T10:03:00Z,2026-08-25 12:03,20,2.0,20,2.0
2026-08-25T10:08:06Z,2026-08-25 12:08,20,2.0,20,2.0
2026-08-25T10:13:13Z,2026-08-25 12:13,20,2.0,30,3.0
2026-08-25T10:13:28Z,2026-08-25 12:13,20,2.0,30,3.0
2026-08-25T10:18:34Z,2026-08-25 12:18,20,2.0,30,3.0
2026-08-25T10:23:40Z,2026-08-25 12:23,20,2.0,30,3.0
2026-08-25T10:28:47Z,2026-08-25 12:28,20,2.0,30,3.0
2026-08-25T10:33:53Z,2026-08-25 12:33,20,2.0,30,3.0
2026-08-25T10:38:58Z,2026-08-25 12:38,20,2.0,30,3.0
2026-08-25T10:44:04Z,2026-08-25 12:44,20,2.0,30,3.0
2026-08-25T10:49:10Z,2026-08-25 12:49,20,2.0,30,3.0
2026-08-25T10:54:16Z,2026-08-25 12:54,20,2.0,30,3.0
2026-08-25T10:59:21Z,2026-08-25 12:59,20,2.0,30,3.0
2026-08-25T11:04:26Z,2026-08-25 13:04,20,2.0,30,3.0
2026-08-25T11:09:34Z,2026-08-25 13:09,20,2.0,30,3.0
2026-08-25T11:14:39Z,2026-08-25 13:14,20,2.0,30,3.0
2026-08-25T11:19:45Z,2026-08-25 13:19,20,2.0,30,3.0
2026-08-25T11:24:51Z,2026-08-25 13:24,20,2.0,30,3.0
2026-08-25T11:29:57Z,2026-08-25 13:29,20,2.0,30,3.0
2026-08-25T11:35:04Z,2026-08-25 13:35,20,2.0,30,3.0
2026-08-25T11:40:16Z,2026-08-25 13:40,20,2.0,30,3.0
2026-08-25T11:45:24Z,2026-08-25 13:45,20,2.0,30,3.0
2026-08-25T11:50:31Z,2026-08-25 13:50,20,2.0,30,3.0
2026-08-25T11:55:36Z,2026-08-25 13:55,20,2.0,30,3.0
2026-08-25T12:00:42Z,2026-08-25 14:00,20,2.0,30,3.0
2026-08-25T12:05:48Z,2026-08-25 14:05,20,2.0,30,3.0
2026-08-25T12:10:53Z,2026-08-25 14:10,20,2.0,30,3.0
2026-08-25T12:16:01Z,2026-08-25 14:16,10,1.0,30,3.0
2026-08-25T12:21:07Z,2026-08-25 14:21,10,1.0,30,3.0
2026-08-25T12:26:13Z,2026-08-25 14:26,10,1.0,30,3.0
2026-08-25T12:31:18Z,2026-08-25 14:31,10,1.0,30,3.0
2026-08-25T12:36:26Z,2026-08-25 14:36,0,,30,3.0
2026-08-25T12:46:37Z,2026-08-25 14:46,0,,30,3.0
2026-08-25T12:51:43Z,2026-08-25 14:51,0,,30,3.0
2026-08-25T12:56:48Z,2026-08-25 14:56,0,,30,3.0
2026-08-25T13:01:56Z,2026-08-25 15:01,0,,30,3.0
2026-08-25T13:02:12Z,2026-08-25 15:02,0,,30,3.0
2026-08-25T13:07:18Z,2026-08-25 15:07,0,,30,3.0
2026-08-25T13:12:27Z,2026-08-25 15:12,0,,30,3.0
2026-08-25T13:17:34Z,2026-08-25 15:17,0,,30,3.0
2026-08-25T13:22:40Z,2026-08-25 15:22,0,,30,3.0
2026-08-25T13:27:47Z,2026-08-25 15:27,0,,30,3.0
2026-08-25T13:32:53Z,2026-08-25 15:32,0,,30,3.0
2026-08-25T13:37:59Z,2026-08-25 15:37,0,,30,3.0
2026-08-25T13:43:07Z,2026-08-25 15:43,0,,30,3.0
2026-08-25T13:48:13Z,2026-08-25 15:48,0,,30,3.0
2026-08-25T13:53:21Z,2026-08-25 15:53,0,,30,3.0
2026-08-25T13:58:27Z,2026-08-25 15:58,0,,30,3.0
2026-08-25T14:03:35Z,2026-08-25 16:03,0,,30,3.0
2026-08-25T14:08:41Z,2026-08-25 16:08,0,,30,3.0
2026-08-25T14:13:48Z,2026-08-25 16:13,0,,30,3.0
2026-08-25T14:18:56Z,2026-08-25 16:18,0,,30,3.0
2026-08-25T14:24:02Z,2026-08-25 16:24,0,,30,3.0
2026-08-25T14:29:08Z,2026-08-25 16:29,0,,30,3.0
2026-08-25T14:34:15Z,2026-08-25 16:34,0,,30,3.0
2026-08-25T14:39:23Z,2026-08-25 16:39,0,,30,3.0
2026-08-25T14:44:30Z,2026-08-25 16:44,0,,30,3.0
2026-08-25T14:49:36Z,2026-08-25 16:49,0,,30,3.0
2026-08-25T14:54:43Z,2026-08-25 16:54,0,,30,3.0
2026-08-25T14:59:49Z,2026-08-25 16:59,0,,20,2.0
2026-08-25T15:04:56Z,2026-08-25 17:04,0,,20,2.0
2026-08-25T15:10:02Z,2026-08-25 17:10,0,,20,2.0
2026-08-25T15:15:16Z,2026-08-25 17:15,0,,20,2.0
2026-08-25T15:20:24Z,2026-08-25 17:20,0,,20,2.0
2026-08-25T15:25:31Z,2026-08-25 17:25,0,,20,2.0
2026-08-25T15:30:38Z,2026-08-25 17:30,0,,20,2.0
2026-08-25T15:35:45Z,2026-08-25 17:35,0,,20,2.0
2026-08-25T15:40:51Z,2026-08-25 17:40,0,,20,2.0
2026-08-25T15:46:02Z,2026-08-25 17:46,0,,20,2.0
2026-08-25T15:51:28Z,2026-08-25 17:51,0,,20,2.0
2026-08-25T15:51:54Z,2026-08-25 17:51,0,,20,2.0
2026-08-25T15:57:00Z,2026-08-25 17:57,0,,20,2.0
2026-08-25T16:02:07Z,2026-08-25 18:02,0,,20,2.0
2026-08-25T16:07:14Z,2026-08-25 18:07,0,,10,1.0
2026-08-25T16:12:21Z,2026-08-25 18:12,0,,10,1.0
2026-08-25T16:17:27Z,2026-08-25 18:17,0,,10,1.0
2026-08-25T16:22:33Z,2026-08-25 18:22,0,,10,1.0
2026-08-25T16:27:41Z,2026-08-25 18:27,0,,0,
2026-08-25T16:32:48Z,2026-08-25 18:32,0,,0,
2026-08-25T16:37:55Z,2026-08-25 18:37,0,,0,
2026-08-25T16:43:02Z,2026-08-25 18:43,0,,0,
2026-08-25T16:48:09Z,2026-08-25 18:48,0,,0,
2026-08-25T16:53:16Z,2026-08-25 18:53,0,,0,
2026-08-25T16:58:22Z,2026-08-25 18:58,0,,0,
2026-08-25T17:03:28Z,2026-08-25 19:03,0,,0,
2026-08-25T17:08:37Z,2026-08-25 19:08,0,,0,
2026-08-25T17:13:43Z,2026-08-25 19:13,0,,0,
2026-08-25T17:18:49Z,2026-08-25 19:18,0,,0,
2026-08-25T17:23:56Z,2026-08-25 19:23,0,,0,
2026-08-25T17:29:03Z,2026-08-25 19:29,0,,0,
2026-08-25T17:34:11Z,2026-08-25 19:34,0,,0,
2026-08-25T17:39:18Z,2026-08-25 19:39,0,,0,
2026-08-25T17:44:24Z,2026-08-25 19:44,0,,0,
2026-08-25T17:49:32Z,2026-08-25 19:49,0,,0,
2026-08-25T17:54:38Z,2026-08-25 19:54,0,,0,
2026-08-25T17:59:45Z,2026-08-25 19:59,0,,0,
2026-08-25T18:04:51Z,2026-08-25 20:04,0,,0,
2026-08-25T18:09:58Z,2026-08-25 20:09,0,,0,
2026-08-25T18:15:07Z,2026-08-25 20:15,0,,0,
2026-08-25T18:20:16Z,2026-08-25 20:20,0,,0,
2026-08-25T18:25:25Z,2026-08-25 20:25,0,,0,
2026-08-25T18:30:31Z,2026-08-25 20:30,0,,0,
2026-08-25T18:35:38Z,2026-08-25 20:35,0,,0,
2026-08-25T18:40:47Z,2026-08-25 20:40,0,,0,
2026-08-25T18:41:11Z,2026-08-25 20:41,0,,0,
2026-08-25T18:46:17Z,2026-08-25 20:46,0,,0,
2026-08-25T18:51:24Z,2026-08-25 20:51,0,,0,
2026-08-25T18:56:33Z,2026-08-25 20:56,0,,0,
2026-08-25T19:01:42Z,2026-08-25 21:01,0,,0,
2026-08-25T19:06:49Z,2026-08-25 21:06,0,,0,
2026-08-25T19:11:55Z,2026-08-25 21:11,0,,0,
2026-08-25T19:17:01Z,2026-08-25 21:17,0,,0,
2026-08-25T19:22:06Z,2026-08-25 21:22,0,,0,
2026-08-25T19:32:17Z,2026-08-25 21:32,0,,0,
2026-08-25T19:42:27Z,2026-08-25 21:42,0,,0,
2026-08-25T19:47:32Z,2026-08-25 21:47,0,,0,
2026-08-25T19:52:38Z,2026-08-25 21:52,0,,0,
2026-08-25T19:57:43Z,2026-08-25 21:57,0,,0,
2026-08-25T20:02:49Z,2026-08-25 22:02,0,,0,
2026-08-25T20:07:58Z,2026-08-25 22:07,0,,0,
2026-08-25T20:13:04Z,2026-08-25 22:13,0,,0,
2026-08-25T20:18:09Z,2026-08-25 22:18,0,,0,
2026-08-25T20:23:15Z,2026-08-25 22:23,0,,0,
2026-08-25T20:28:21Z,2026-08-25 22:28,0,,0,
2026-08-25T20:33:27Z,2026-08-25 22:33,0,,0,
2026-08-25T20:38:32Z,2026-08-25 22:38,0,,0,
2026-08-25T20:43:37Z,2026-08-25 22:43,0,,0,
2026-08-25T20:48:44Z,2026-08-25 22:48,0,,0,
2026-08-25T20:53:49Z,2026-08-25 22:53,0,,0,
2026-08-25T20:58:54Z,2026-08-25 22:58,0,,0,
2026-08-25T21:04:00Z,2026-08-25 23:04,0,,0,
2026-08-25T21:09:09Z,2026-08-25 23:09,0,,0,
2026-08-25T21:14:14Z,2026-08-25 23:14,0,,0,
2026-08-25T21:19:22Z,2026-08-25 23:19,0,,0,
2026-08-25T21:24:28Z,2026-08-25 23:24,0,,0,
2026-08-25T21:29:35Z,2026-08-25 23:29,0,,0,
2026-08-25T21:29:50Z,2026-08-25 23:29,0,,0,
2026-08-25T21:34:56Z,2026-08-25 23:34,0,,0,
2026-08-25T21:40:02Z,2026-08-25 23:40,0,,0,
2026-08-25T21:45:13Z,2026-08-25 23:45,0,,0,
2026-08-25T21:50:19Z,2026-08-25 23:50,0,,0,
2026-08-25T21:55:25Z,2026-08-25 23:55,0,,0,
2026-08-25T22:00:32Z,2026-08-26 00:00,0,,0,
2026-08-25T22:05:37Z,2026-08-26 00:05,0,,0,
2026-08-25T22:10:43Z,2026-08-26 00:10,0,,0,
2026-08-25T22:15:48Z,2026-08-26 00:15,0,,0,
2026-08-25T22:20:54Z,2026-08-26 00:20,0,,0,
2026-08-25T22:25:59Z,2026-08-26 00:25,0,,0,
2026-08-25T22:31:05Z,2026-08-26 00:31,0,,0,
2026-08-25T22:36:11Z,2026-08-26 00:36,0,,0,
2026-08-25T22:41:17Z,2026-08-26 00:41,0,,0,
2026-08-25T22:46:24Z,2026-08-26 00:46,0,,0,
2026-08-25T22:51:30Z,2026-08-26 00:51,0,,0,
2026-08-25T22:56:35Z,2026-08-26 00:56,0,,0,
2026-08-25T23:01:40Z,2026-08-26 01:01,0,,0,
2026-08-25T23:06:46Z,2026-08-26 01:06,0,,0,
2026-08-25T23:11:51Z,2026-08-26 01:11,0,,0,
2026-08-25T23:16:57Z,2026-08-26 01:16,0,,0,
2026-08-25T23:22:03Z,2026-08-26 01:22,0,,0,
2026-08-25T23:27:08Z,2026-08-26 01:27,0,,0,
2026-08-25T23:32:15Z,2026-08-26 01:32,0,,0,
2026-08-25T23:37:21Z,2026-08-26 01:37,0,,0,
2026-08-25T23:42:27Z,2026-08-26 01:42,0,,0,
2026-08-25T23:47:32Z,2026-08-26 01:47,0,,0,
2026-08-25T23:52:38Z,2026-08-26 01:52,0,,0,
2026-08-25T23:57:43Z,2026-08-26 01:57,0,,0,
2026-08-26T00:02:49Z,2026-08-26 02:02,0,,0,
2026-08-26T00:07:55Z,2026-08-26 02:07,0,,0,
2026-08-26T00:13:01Z,2026-08-26 02:13,0,,0,
2026-08-26T00:18:10Z,2026-08-26 02:18,0,,0,
2026-08-26T00:18:26Z,2026-08-26 02:18,0,,0,
2026-08-26T00:23:32Z,2026-08-26 02:23,0,,0,
2026-08-26T00:28:37Z,2026-08-26 02:28,0,,0,
2026-08-26T00:33:43Z,2026-08-26 02:33,0,,0,
2026-08-26T00:38:49Z,2026-08-26 02:38,0,,0,
2026-08-26T00:43:58Z,2026-08-26 02:43,0,,0,
2026-08-26T00:49:04Z,2026-08-26 02:49,0,,0,
2026-08-26T00:54:18Z,2026-08-26 02:54,0,,0,
2026-08-26T00:59:24Z,2026-08-26 02:59,0,,0,
2026-08-26T01:04:29Z,2026-08-26 03:04,0,,0,
2026-08-26T01:09:35Z,2026-08-26 03:09,0,,0,
2026-08-26T01:14:41Z,2026-08-26 03:14,0,,0,
2026-08-26T01:19:47Z,2026-08-26 03:19,0,,0,
2026-08-26T01:24:53Z,2026-08-26 03:24,0,,0,
2026-08-26T01:29:59Z,2026-08-26 03:29,0,,0,
2026-08-26T01:35:09Z,2026-08-26 03:35,0,,0,
2026-08-26T01:40:16Z,2026-08-26 03:40,0,,0,
2026-08-26T01:45:25Z,2026-08-26 03:45,0,,0,
2026-08-26T01:50:31Z,2026-08-26 03:50,0,,0,
2026-08-26T01:55:37Z,2026-08-26 03:55,0,,0,
2026-08-26T02:00:43Z,2026-08-26 04:00,0,,0,
2026-08-26T02:05:49Z,2026-08-26 04:05,0,,0,
2026-08-26T02:10:54Z,2026-08-26 04:10,0,,0,
2026-08-26T02:16:01Z,2026-08-26 04:16,0,,0,
2026-08-26T02:21:08Z,2026-08-26 04:21,0,,0,
2026-08-26T02:26:15Z,2026-08-26 04:26,0,,0,
2026-08-26T02:31:21Z,2026-08-26 04:31,0,,0,
2026-08-26T02:36:27Z,2026-08-26 04:36,0,,0,
2026-08-26T02:41:32Z,2026-08-26 04:41,0,,0,
2026-08-26T02:46:39Z,2026-08-26 04:46,0,,0,
2026-08-26T02:51:44Z,2026-08-26 04:51,0,,0,
2026-08-26T02:56:50Z,2026-08-26 04:56,0,,0,
2026-08-26T03:01:56Z,2026-08-26 05:01,0,,0,
2026-08-26T03:07:02Z,2026-08-26 05:07,0,,0,
2026-08-26T03:07:18Z,2026-08-26 05:07,0,,0,
2026-08-26T03:12:24Z,2026-08-26 05:12,0,,0,
2026-08-26T03:17:30Z,2026-08-26 05:17,0,,0,
2026-08-26T03:22:36Z,2026-08-26 05:22,0,,0,
2026-08-26T03:27:43Z,2026-08-26 05:27,0,,0,
2026-08-26T03:32:49Z,2026-08-26 05:32,0,,0,
2026-08-26T03:37:54Z,2026-08-26 05:37,0,,0,
2026-08-26T03:43:00Z,2026-08-26 05:43,0,,0,
2026-08-26T03:48:06Z,2026-08-26 05:48,0,,0,
2026-08-26T03:53:12Z,2026-08-26 05:53,0,,0,
2026-08-26T03:58:19Z,2026-08-26 05:58,0,,0,
2026-08-26T04:03:25Z,2026-08-26 06:03,0,,0,
2026-08-26T04:08:31Z,2026-08-26 06:08,0,,0,
2026-08-26T04:13:36Z,2026-08-26 06:13,0,,0,
2026-08-26T04:18:42Z,2026-08-26 06:18,0,,0,
2026-08-26T04:23:48Z,2026-08-26 06:23,0,,0,
2026-08-26T04:28:54Z,2026-08-26 06:28,0,,0,
2026-08-26T04:34:00Z,2026-08-26 06:34,0,,0,
2026-08-26T04:39:06Z,2026-08-26 06:39,0,,0,
2026-08-26T04:44:12Z,2026-08-26 06:44,0,,0,
2026-08-26T04:49:18Z,2026-08-26 06:49,0,,0,
2026-08-26T04:54:25Z,2026-08-26 06:54,0,,0,
2026-08-26T04:59:31Z,2026-08-26 06:59,0,,0,
2026-08-26T05:04:37Z,2026-08-26 07:04,0,,0,
2026-08-26T05:09:43Z,2026-08-26 07:09,0,,0,
2026-08-26T05:19:54Z,2026-08-26 07:19,0,,0,
2026-08-26T05:25:00Z,2026-08-26 07:25,0,,0,
2026-08-26T05:30:22Z,2026-08-26 07:30,0,,0,
2026-08-26T05:35:29Z,2026-08-26 07:35,0,,0,
2026-08-26T05:40:35Z,2026-08-26 07:40,0,,0,
2026-08-26T05:45:41Z,2026-08-26 07:45,0,,0,
2026-08-26T05:50:47Z,2026-08-26 07:50,0,,0,
2026-08-26T05:55:53Z,2026-08-26 07:55,0,,0,
2026-08-26T05:56:10Z,2026-08-26 07:56,0,,0,
2026-08-26T06:01:17Z,2026-08-26 08:01,0,,0,
2026-08-26T06:06:23Z,2026-08-26 08:06,0,,0,
2026-08-26T06:11:29Z,2026-08-26 08:11,0,,0,
2026-08-26T06:16:35Z,2026-08-26 08:16,0,,0,
2026-08-26T06:21:41Z,2026-08-26 08:21,0,,0,
2026-08-26T06:26:47Z,2026-08-26 08:26,0,,0,
2026-08-26T06:31:53Z,2026-08-26 08:31,0,,0,
2026-08-26T06:36:59Z,2026-08-26 08:36,0,,0,
2026-08-26T06:42:10Z,2026-08-26 08:42,0,,0,
2026-08-26T06:47:16Z,2026-08-26 08:47,0,,0,
2026-08-26T06:52:22Z,2026-08-26 08:52,0,,0,
2026-08-26T06:57:28Z,2026-08-26 08:57,0,,0,
2026-08-26T07:02:34Z,2026-08-26 09:02,0,,0,
2026-08-26T07:07:41Z,2026-08-26 09:07,0,,0,
2026-08-26T07:12:47Z,2026-08-26 09:12,0,,0,
2026-08-26T07:17:53Z,2026-08-26 09:17,0,,0,
2026-08-26T07:22:59Z,2026-08-26 09:22,0,,0,
2026-08-26T07:28:05Z,2026-08-26 09:28,0,,0,
2026-08-26T07:33:11Z,2026-08-26 09:33,0,,0,
2026-08-26T07:38:17Z,2026-08-26 09:38,0,,0,
2026-08-26T07:43:23Z,2026-08-26 09:43,0,,0,
2026-08-26T07:48:30Z,2026-08-26 09:48,0,,0,
2026-08-26T07:53:35Z,2026-08-26 09:53,0,,0,
2026-08-26T07:58:42Z,2026-08-26 09:58,0,,0,
2026-08-26T08:03:48Z,2026-08-26 10:03,0,,0,
2026-08-26T08:08:55Z,2026-08-26 10:08,0,,0,
2026-08-26T08:14:01Z,2026-08-26 10:14,0,,0,
2026-08-26T08:19:07Z,2026-08-26 10:19,0,,0,
2026-08-26T08:24:13Z,2026-08-26 10:24,0,,0,
2026-08-26T08:29:21Z,2026-08-26 10:29,0,,0,
2026-08-26T08:34:27Z,2026-08-26 10:34,0,,0,
2026-08-26T08:39:33Z,2026-08-26 10:39,0,,10,
2026-08-26T08:44:39Z,2026-08-26 10:44,0,,10,
2026-08-26T08:44:56Z,2026-08-26 10:44,0,,10,
2026-08-26T08:50:02Z,2026-08-26 10:50,0,,10,
2026-08-26T08:55:09Z,2026-08-26 10:55,0,,10,
2026-08-26T09:00:17Z,2026-08-26 11:00,0,,10,
2026-08-26T09:05:24Z,2026-08-26 11:05,0,,20,2.0
2026-08-26T09:10:31Z,2026-08-26 11:10,0,,20,2.0
2026-08-26T09:15:37Z,2026-08-26 11:15,0,,20,2.0
2026-08-26T09:20:43Z,2026-08-26 11:20,0,,20,2.0
2026-08-26T09:25:48Z,2026-08-26 11:25,0,,20,2.0
2026-08-26T09:30:55Z,2026-08-26 11:30,0,,20,2.0
2026-08-26T09:36:00Z,2026-08-26 11:36,0,,20,2.0
2026-08-26T09:41:06Z,2026-08-26 11:41,0,,20,2.0
2026-08-26T09:46:13Z,2026-08-26 11:46,0,,20,2.0
2026-08-26T09:51:20Z,2026-08-26 11:51,0,,20,2.0
2026-08-26T09:56:27Z,2026-08-26 11:56,0,,20,2.0
2026-08-26T10:01:33Z,2026-08-26 12:01,0,,20,2.0
2026-08-26T10:06:39Z,2026-08-26 12:06,0,,10,1.0
2026-08-26T10:11:45Z,2026-08-26 12:11,0,,10,1.0
2026-08-26T10:16:52Z,2026-08-26 12:16,0,,10,1.0
2026-08-26T10:21:58Z,2026-08-26 12:21,0,,10,1.0
2026-08-26T10:27:04Z,2026-08-26 12:27,0,,20,2.0
2026-08-26T10:32:10Z,2026-08-26 12:32,10,1.0,20,2.0
2026-08-26T10:37:16Z,2026-08-26 12:37,10,1.0,20,2.0
2026-08-26T10:42:22Z,2026-08-26 12:42,10,1.0,30,3.0
2026-08-26T10:47:28Z,2026-08-26 12:47,10,1.0,30,3.0
2026-08-26T10:52:34Z,2026-08-26 12:52,10,1.0,30,3.0
2026-08-26T10:57:39Z,2026-08-26 12:57,10,1.0,30,3.0
2026-08-26T11:02:46Z,2026-08-26 13:02,10,1.0,30,3.0
2026-08-26T11:07:52Z,2026-08-26 13:07,10,1.0,30,3.0
2026-08-26T11:12:59Z,2026-08-26 13:12,10,1.0,40,4.0
2026-08-26T11:18:05Z,2026-08-26 13:18,10,1.0,40,4.0
2026-08-26T11:23:11Z,2026-08-26 13:23,10,1.0,40,4.0
2026-08-26T11:28:18Z,2026-08-26 13:28,10,1.0,40,4.0
2026-08-26T11:33:25Z,2026-08-26 13:33,20,2.0,40,4.0
2026-08-26T11:33:41Z,2026-08-26 13:33,20,2.0,40,4.0
2026-08-26T11:38:47Z,2026-08-26 13:38,20,2.0,40,4.0
2026-08-26T11:43:53Z,2026-08-26 13:43,20,2.0,40,4.0
2026-08-26T11:48:59Z,2026-08-26 13:48,20,2.0,40,4.0
2026-08-26T11:54:07Z,2026-08-26 13:54,20,2.0,40,4.0
2026-08-26T11:59:13Z,2026-08-26 13:59,20,2.0,40,4.0
2026-08-26T12:04:19Z,2026-08-26 14:04,20,2.0,40,4.0
2026-08-26T12:09:25Z,2026-08-26 14:09,20,2.0,40,4.0
2026-08-26T12:14:30Z,2026-08-26 14:14,20,2.0,40,4.0
2026-08-26T12:19:36Z,2026-08-26 14:19,20,2.0,40,4.0
2026-08-26T12:24:42Z,2026-08-26 14:24,20,2.0,40,4.0
2026-08-26T12:29:47Z,2026-08-26 14:29,20,2.0,40,4.0
2026-08-26T12:34:58Z,2026-08-26 14:34,20,2.0,40,4.0
2026-08-26T12:40:04Z,2026-08-26 14:40,20,2.0,40,4.0
2026-08-26T12:45:14Z,2026-08-26 14:45,20,2.0,40,4.0
2026-08-26T12:50:20Z,2026-08-26 14:50,20,2.0,40,4.0
2026-08-26T12:55:28Z,2026-08-26 14:55,10,1.0,40,4.0
2026-08-26T13:00:35Z,2026-08-26 15:00,10,1.0,40,4.0
2026-08-26T13:05:41Z,2026-08-26 15:05,10,1.0,40,4.0
2026-08-26T13:10:47Z,2026-08-26 15:10,10,1.0,40,4.0
2026-08-26T13:15:53Z,2026-08-26 15:15,10,1.0,40,4.0
2026-08-26T13:20:59Z,2026-08-26 15:20,10,1.0,40,4.0
2026-08-26T13:26:05Z,2026-08-26 15:26,10,1.0,40,4.0
2026-08-26T13:31:12Z,2026-08-26 15:31,10,1.0,40,4.0
2026-08-26T13:36:18Z,2026-08-26 15:36,10,1.0,40,4.0
2026-08-26T13:41:24Z,2026-08-26 15:41,0,,40,4.0
2026-08-26T13:46:31Z,2026-08-26 15:46,0,,40,4.0
2026-08-26T13:51:37Z,2026-08-26 15:51,0,,30,3.0
2026-08-26T13:56:43Z,2026-08-26 15:56,0,,30,3.0
2026-08-26T14:01:49Z,2026-08-26 16:01,0,,30,3.0
2026-08-26T14:06:55Z,2026-08-26 16:06,0,,30,3.0
2026-08-26T14:12:01Z,2026-08-26 16:12,0,,30,3.0
2026-08-26T14:17:07Z,2026-08-26 16:17,0,,30,3.0
2026-08-26T14:22:13Z,2026-08-26 16:22,0,,30,3.0
2026-08-26T14:22:34Z,2026-08-26 16:22,0,,30,3.0
2026-08-26T14:27:42Z,2026-08-26 16:27,0,,30,3.0
2026-08-26T14:32:48Z,2026-08-26 16:32,0,,30,3.0
2026-08-26T14:37:54Z,2026-08-26 16:37,0,,30,3.0
2026-08-26T14:43:00Z,2026-08-26 16:43,0,,30,3.0
2026-08-26T14:48:06Z,2026-08-26 16:48,0,,30,3.0
2026-08-26T14:53:14Z,2026-08-26 16:53,0,,30,3.0
2026-08-26T14:58:21Z,2026-08-26 16:58,0,,30,3.0
2026-08-26T15:03:26Z,2026-08-26 17:03,0,,30,3.0
2026-08-26T15:08:32Z,2026-08-26 17:08,0,,30,3.0
2026-08-26T15:13:37Z,2026-08-26 17:13,0,,30,3.0
2026-08-26T15:18:42Z,2026-08-26 17:18,0,,30,3.0
2026-08-26T15:23:47Z,2026-08-26 17:23,0,,30,3.0
2026-08-26T15:28:53Z,2026-08-26 17:28,0,,30,3.0
2026-08-26T15:33:58Z,2026-08-26 17:33,0,,30,3.0
2026-08-26T15:39:03Z,2026-08-26 17:39,0,,30,3.0
2026-08-26T15:44:10Z,2026-08-26 17:44,0,,30,3.0
2026-08-26T15:49:15Z,2026-08-26 17:49,0,,30,3.0
2026-08-26T15:54:21Z,2026-08-26 17:54,0,,30,3.0
2026-08-26T15:59:27Z,2026-08-26 17:59,0,,30,3.0
2026-08-26T16:04:32Z,2026-08-26 18:04,0,,30,3.0
2026-08-26T16:09:43Z,2026-08-26 18:09,0,,30,3.0
2026-08-26T16:14:48Z,2026-08-26 18:14,0,,30,3.0
2026-08-26T16:19:55Z,2026-08-26 18:19,0,,30,3.0
2026-08-26T16:25:01Z,2026-08-26 18:25,0,,30,3.0
2026-08-26T16:30:20Z,2026-08-26 18:30,0,,30,3.0
2026-08-26T16:35:25Z,2026-08-26 18:35,0,,30,3.0
2026-08-26T16:40:31Z,2026-08-26 18:40,0,,30,3.0
2026-08-26T16:45:38Z,2026-08-26 18:45,0,,30,3.0
2026-08-26T16:50:44Z,2026-08-26 18:50,0,,30,3.0
2026-08-26T16:55:50Z,2026-08-26 18:55,0,,20,2.0
2026-08-26T17:00:56Z,2026-08-26 19:00,0,,20,2.0
2026-08-26T17:06:01Z,2026-08-26 19:06,0,,20,2.0
2026-08-26T17:11:07Z,2026-08-26 19:11,0,,20,2.0
2026-08-26T17:11:23Z,2026-08-26 19:11,0,,20,2.0
2026-08-26T17:16:29Z,2026-08-26 19:16,0,,20,2.0
2026-08-26T17:21:36Z,2026-08-26 19:21,0,,20,2.0
2026-08-26T17:26:43Z,2026-08-26 19:26,0,,10,1.0
2026-08-26T17:31:49Z,2026-08-26 19:31,0,,10,1.0
2026-08-26T17:36:57Z,2026-08-26 19:36,0,,10,1.0
2026-08-26T17:42:04Z,2026-08-26 19:42,0,,10,1.0
2026-08-26T17:47:12Z,2026-08-26 19:47,0,,10,1.0
2026-08-26T17:52:18Z,2026-08-26 19:52,0,,0,
2026-08-26T17:57:24Z,2026-08-26 19:57,0,,0,
2026-08-26T18:02:32Z,2026-08-26 20:02,0,,0,
2026-08-26T18:07:38Z,2026-08-26 20:07,0,,0,
2026-08-26T18:12:45Z,2026-08-26 20:12,0,,0,
2026-08-26T18:17:54Z,2026-08-26 20:17,0,,0,
2026-08-26T18:23:00Z,2026-08-26 20:23,0,,0,
2026-08-26T18:28:08Z,2026-08-26 20:28,0,,0,
2026-08-26T18:33:15Z,2026-08-26 20:33,0,,0,
2026-08-26T18:38:22Z,2026-08-26 20:38,0,,0,
2026-08-26T18:43:27Z,2026-08-26 20:43,0,,0,
2026-08-26T18:48:35Z,2026-08-26 20:48,0,,0,
2026-08-26T18:53:41Z,2026-08-26 20:53,0,,0,
2026-08-26T18:58:47Z,2026-08-26 20:58,0,,0,
2026-08-26T19:03:54Z,2026-08-26 21:03,0,,0,
2026-08-26T19:09:00Z,2026-08-26 21:09,0,,0,
2026-08-26T19:14:06Z,2026-08-26 21:14,0,,0,
2026-08-26T19:19:12Z,2026-08-26 21:19,0,,0,
2026-08-26T19:24:19Z,2026-08-26 21:24,0,,0,
2026-08-26T19:29:25Z,2026-08-26 21:29,0,,0,
2026-08-26T19:34:31Z,2026-08-26 21:34,0,,0,
2026-08-26T19:39:37Z,2026-08-26 21:39,0,,0,
2026-08-26T19:44:43Z,2026-08-26 21:44,0,,0,
2026-08-26T19:49:49Z,2026-08-26 21:49,0,,0,
2026-08-26T19:54:55Z,2026-08-26 21:54,0,,0,
2026-08-26T20:00:01Z,2026-08-26 22:00,0,,0,
2026-08-26T20:00:18Z,2026-08-26 22:00,0,,0,
2026-08-26T20:05:23Z,2026-08-26 22:05,0,,0,
2026-08-26T20:10:29Z,2026-08-26 22:10,0,,0,
2026-08-26T20:15:35Z,2026-08-26 22:15,0,,0,
2026-08-26T20:20:40Z,2026-08-26 22:20,0,,0,
2026-08-26T20:25:46Z,2026-08-26 22:25,0,,0,
2026-08-26T20:30:51Z,2026-08-26 22:30,0,,0,
2026-08-26T20:35:56Z,2026-08-26 22:35,0,,0,
2026-08-26T20:41:03Z,2026-08-26 22:41,0,,0,
2026-08-26T20:46:08Z,2026-08-26 22:46,0,,0,
2026-08-26T20:51:14Z,2026-08-26 22:51,0,,0,
2026-08-26T20:56:21Z,2026-08-26 22:56,0,,0,
2026-08-26T21:01:27Z,2026-08-26 23:01,0,,0,
2026-08-26T21:06:32Z,2026-08-26 23:06,0,,0,
2026-08-26T21:11:39Z,2026-08-26 23:11,0,,0,
2026-08-26T21:16:44Z,2026-08-26 23:16,0,,0,
2026-08-26T21:21:51Z,2026-08-26 23:21,0,,0,
2026-08-26T21:26:58Z,2026-08-26 23:26,0,,0,
2026-08-26T21:32:06Z,2026-08-26 23:32,0,,0,
2026-08-26T21:37:11Z,2026-08-26 23:37,0,,0,
2026-08-26T21:42:17Z,2026-08-26 23:42,0,,0,
2026-08-26T21:47:22Z,2026-08-26 23:47,0,,0,
2026-08-26T21:52:27Z,2026-08-26 23:52,0,,0,
2026-08-26T21:57:32Z,2026-08-26 23:57,0,,0,
2026-08-26T22:02:37Z,2026-08-27 00:02,0,,0,
2026-08-26T22:07:43Z,2026-08-27 00:07,0,,0,
2026-08-26T22:12:49Z,2026-08-27 00:12,0,,0,
2026-08-26T22:17:55Z,2026-08-27 00:17,0,,0,
2026-08-26T22:23:00Z,2026-08-27 00:23,0,,0,
2026-08-26T22:28:05Z,2026-08-27 00:28,0,,0,
2026-08-26T22:33:11Z,2026-08-27 00:33,0,,0,
2026-08-26T22:38:16Z,2026-08-27 00:38,0,,0,
2026-08-26T22:43:22Z,2026-08-27 00:43,0,,0,
2026-08-26T22:48:27Z,2026-08-27 00:48,0,,0,
2026-08-26T22:48:41Z,2026-08-27 00:48,0,,0,
2026-08-26T22:53:47Z,2026-08-27 00:53,0,,0,
2026-08-26T22:58:52Z,2026-08-27 00:58,0,,0,
2026-08-26T23:03:57Z,2026-08-27 01:03,0,,0,
2026-08-26T23:09:04Z,2026-08-27 01:09,0,,0,
2026-08-26T23:14:10Z,2026-08-27 01:14,0,,0,
2026-08-26T23:19:16Z,2026-08-27 01:19,0,,0,
2026-08-26T23:24:23Z,2026-08-27 01:24,0,,0,
2026-08-26T23:29:29Z,2026-08-27 01:29,0,,0,
2026-08-26T23:34:35Z,2026-08-27 01:34,0,,0,
2026-08-26T23:39:40Z,2026-08-27 01:39,0,,0,
2026-08-26T23:44:46Z,2026-08-27 01:44,0,,0,
2026-08-26T23:49:51Z,2026-08-27 01:49,0,,0,
2026-08-26T23:54:57Z,2026-08-27 01:54,0,,0,
2026-08-27T00:00:04Z,2026-08-27 02:00,0,,0,
2026-08-27T00:05:11Z,2026-08-27 02:05,0,,0,
2026-08-27T00:10:17Z,2026-08-27 02:10,0,,0,
2026-08-27T00:16:24Z,2026-08-27 02:16,0,,0,
2026-08-27T00:21:43Z,2026-08-27 02:21,0,,0,
2026-08-27T00:26:48Z,2026-08-27 02:26,0,,0,
2026-08-27T00:31:55Z,2026-08-27 02:31,0,,0,
2026-08-27T00:37:01Z,2026-08-27 02:37,0,,0,
2026-08-27T00:42:06Z,2026-08-27 02:42,0,,0,
2026-08-27T00:47:12Z,2026-08-27 02:47,0,,0,
2026-08-27T00:52:18Z,2026-08-27 02:52,0,,0,
2026-08-27T00:57:23Z,2026-08-27 02:57,0,,0,
2026-08-27T01:02:29Z,2026-08-27 03:02,0,,0,
2026-08-27T01:07:35Z,2026-08-27 03:07,0,,0,
2026-08-27T01:12:40Z,2026-08-27 03:12,0,,0,
2026-08-27T01:17:46Z,2026-08-27 03:17,0,,0,
2026-08-27T01:22:52Z,2026-08-27 03:22,0,,0,
2026-08-27T01:27:57Z,2026-08-27 03:27,0,,0,
2026-08-27T01:33:03Z,2026-08-27 03:33,0,,0,
2026-08-27T01:38:09Z,2026-08-27 03:38,0,,0,
2026-08-27T01:38:22Z,2026-08-27 03:38,0,,0,
2026-08-27T01:43:27Z,2026-08-27 03:43,0,,0,
2026-08-27T01:48:33Z,2026-08-27 03:48,0,,0,
2026-08-27T01:53:38Z,2026-08-27 03:53,0,,0,
2026-08-27T01:58:44Z,2026-08-27 03:58,0,,0,
2026-08-27T02:03:49Z,2026-08-27 04:03,0,,0,
2026-08-27T02:08:55Z,2026-08-27 04:08,0,,0,
2026-08-27T02:14:00Z,2026-08-27 04:14,0,,0,
2026-08-27T02:19:06Z,2026-08-27 04:19,0,,0,
2026-08-27T02:24:11Z,2026-08-27 04:24,0,,0,
2026-08-27T02:29:19Z,2026-08-27 04:29,0,,0,
2026-08-27T02:34:24Z,2026-08-27 04:34,0,,0,
2026-08-27T02:39:30Z,2026-08-27 04:39,0,,0,
2026-08-27T02:44:36Z,2026-08-27 04:44,0,,0,
2026-08-27T02:49:41Z,2026-08-27 04:49,0,,0,
2026-08-27T02:54:47Z,2026-08-27 04:54,0,,0,
2026-08-27T02:59:52Z,2026-08-27 04:59,0,,0,
2026-08-27T03:04:58Z,2026-08-27 05:04,0,,0,
2026-08-27T03:10:03Z,2026-08-27 05:10,0,,0,
2026-08-27T03:15:14Z,2026-08-27 05:15,0,,0,
2026-08-27T03:20:21Z,2026-08-27 05:20,0,,0,
2026-08-27T03:25:27Z,2026-08-27 05:25,0,,0,
2026-08-27T03:30:32Z,2026-08-27 05:30,0,,0,
2026-08-27T03:35:38Z,2026-08-27 05:35,0,,0,
2026-08-27T03:40:43Z,2026-08-27 05:40,0,,0,
2026-08-27T03:45:49Z,2026-08-27 05:45,0,,0,
2026-08-27T03:50:54Z,2026-08-27 05:50,0,,0,
2026-08-27T03:55:59Z,2026-08-27 05:55,0,,0,
2026-08-27T04:01:04Z,2026-08-27 06:01,0,,0,
2026-08-27T04:06:10Z,2026-08-27 06:06,0,,0,
2026-08-27T04:11:15Z,2026-08-27 06:11,0,,0,
2026-08-27T04:16:21Z,2026-08-27 06:16,0,,0,
2026-08-27T04:21:27Z,2026-08-27 06:21,0,,0,
2026-08-27T04:26:32Z,2026-08-27 06:26,0,,0,
2026-08-27T07:17:53Z,2026-08-27 09:17,0,,0,
2026-08-27T07:22:59Z,2026-08-27 09:22,0,,0,
2026-08-27T07:28:04Z,2026-08-27 09:28,0,,0,
2026-08-27T07:33:10Z,2026-08-27 09:33,0,,0,
2026-08-27T07:38:16Z,2026-08-27 09:38,0,,0,
2026-08-27T07:43:22Z,2026-08-27 09:43,0,,0,
2026-08-27T07:48:28Z,2026-08-27 09:48,0,,0,
2026-08-27T07:53:33Z,2026-08-27 09:53,0,,0,
2026-08-27T07:58:39Z,2026-08-27 09:58,0,,0,
2026-08-27T08:03:46Z,2026-08-27 10:03,0,,0,
2026-08-27T08:08:52Z,2026-08-27 10:08,0,,10,1.0
2026-08-27T08:13:59Z,2026-08-27 10:13,0,,10,1.0
2026-08-27T08:19:04Z,2026-08-27 10:19,0,,10,1.0
2026-08-27T08:24:11Z,2026-08-27 10:24,0,,10,1.0
2026-08-27T08:29:17Z,2026-08-27 10:29,0,,0,
2026-08-27T08:34:23Z,2026-08-27 10:34,0,,10,1.0
2026-08-27T08:39:29Z,2026-08-27 10:39,10,1.0,10,1.0
2026-08-27T08:44:34Z,2026-08-27 10:44,10,1.0,10,1.0
2026-08-27T08:49:40Z,2026-08-27 10:49,10,1.0,10,1.0
2026-08-27T08:54:46Z,2026-08-27 10:54,10,1.0,10,1.0
2026-08-27T08:59:51Z,2026-08-27 10:59,10,1.0,10,1.0
2026-08-27T09:04:57Z,2026-08-27 11:04,10,1.0,10,1.0
2026-08-27T09:10:06Z,2026-08-27 11:10,10,1.0,10,1.0
2026-08-27T09:15:13Z,2026-08-27 11:15,10,1.0,20,2.0
2026-08-27T09:20:20Z,2026-08-27 11:20,0,,20,2.0
2026-08-27T09:25:26Z,2026-08-27 11:25,20,2.0,30,3.0
2026-08-27T09:30:32Z,2026-08-27 11:30,20,2.0,30,3.0
2026-08-27T09:35:38Z,2026-08-27 11:35,20,2.0,30,3.0
2026-08-27T09:40:44Z,2026-08-27 11:40,30,3.0,40,4.0
2026-08-27T09:45:50Z,2026-08-27 11:45,30,3.0,40,4.0
2026-08-27T09:50:56Z,2026-08-27 11:50,40,4.0,40,4.0
2026-08-27T09:56:02Z,2026-08-27 11:56,40,4.0,40,4.0
2026-08-27T10:01:08Z,2026-08-27 12:01,40,4.0,40,4.0
2026-08-27T10:06:15Z,2026-08-27 12:06,40,4.0,50,5.0
2026-08-27T18:21:04Z,2026-08-27 20:21,0,,0,
2026-08-27T18:26:11Z,2026-08-27 20:26,0,,0,
2026-08-27T18:31:17Z,2026-08-27 20:31,0,,0,
2026-08-27T18:36:22Z,2026-08-27 20:36,0,,0,
2026-08-27T18:41:27Z,2026-08-27 20:41,0,,0,
2026-08-27T18:46:34Z,2026-08-27 20:46,0,,0,
2026-08-27T18:51:39Z,2026-08-27 20:51,0,,0,
2026-08-27T18:56:44Z,2026-08-27 20:56,0,,0,
2026-08-27T19:01:49Z,2026-08-27 21:01,0,,0,
2026-08-27T19:06:55Z,2026-08-27 21:06,0,,0,
2026-08-27T19:12:00Z,2026-08-27 21:12,0,,0,
2026-08-27T19:17:08Z,2026-08-27 21:17,0,,0,
2026-08-27T19:22:14Z,2026-08-27 21:22,0,,0,
2026-08-27T19:27:19Z,2026-08-27 21:27,0,,0,
2026-08-27T19:32:24Z,2026-08-27 21:32,0,,0,
2026-08-27T19:37:30Z,2026-08-27 21:37,0,,0,
2026-08-27T19:42:35Z,2026-08-27 21:42,0,,0,
2026-08-27T19:47:39Z,2026-08-27 21:47,0,,0,
2026-08-27T19:52:44Z,2026-08-27 21:52,0,,0,
2026-08-27T19:57:49Z,2026-08-27 21:57,0,,0,
2026-08-27T20:02:54Z,2026-08-27 22:02,0,,0,
2026-08-27T20:08:00Z,2026-08-27 22:08,0,,0,
2026-08-27T20:13:05Z,2026-08-27 22:13,0,,0,
2026-08-27T20:18:09Z,2026-08-27 22:18,0,,0,
2026-08-27T20:23:15Z,2026-08-27 22:23,0,,0,
2026-08-27T20:28:20Z,2026-08-27 22:28,0,,0,
2026-08-27T20:33:26Z,2026-08-27 22:33,0,,0,
2026-08-27T20:38:31Z,2026-08-27 22:38,0,,0,
2026-08-27T20:43:36Z,2026-08-27 22:43,0,,0,
2026-08-27T20:48:41Z,2026-08-27 22:48,0,,0,
2026-08-27T20:53:46Z,2026-08-27 22:53,0,,0,
2026-08-27T20:58:52Z,2026-08-27 22:58,0,,0,
2026-08-27T21:03:57Z,2026-08-27 23:03,0,,0,
2026-08-27T21:09:02Z,2026-08-27 23:09,0,,0,
2026-08-28T02:14:56Z,2026-08-28 04:14,0,,0,
2026-08-28T02:20:01Z,2026-08-28 04:20,0,,0,
2026-08-28T02:25:09Z,2026-08-28 04:25,0,,0,
2026-08-28T02:30:27Z,2026-08-28 04:30,0,,0,
2026-08-28T02:35:32Z,2026-08-28 04:35,0,,0,
2026-08-28T02:40:38Z,2026-08-28 04:40,0,,0,
2026-08-28T02:45:43Z,2026-08-28 04:45,0,,0,
2026-08-28T02:50:48Z,2026-08-28 04:50,0,,0,
2026-08-28T02:55:54Z,2026-08-28 04:55,0,,0,
2026-08-28T03:01:00Z,2026-08-28 05:01,0,,0,
2026-08-28T03:06:07Z,2026-08-28 05:06,0,,0,
2026-08-28T03:11:13Z,2026-08-28 05:11,0,,0,
2026-08-28T03:16:18Z,2026-08-28 05:16,0,,0,
2026-08-28T03:21:24Z,2026-08-28 05:21,0,,0,
2026-08-28T03:26:29Z,2026-08-28 05:26,0,,0,
2026-08-28T03:31:34Z,2026-08-28 05:31,0,,0,
2026-08-28T03:36:40Z,2026-08-28 05:36,0,,0,
2026-08-28T03:41:45Z,2026-08-28 05:41,0,,0,
2026-08-28T03:46:51Z,2026-08-28 05:46,0,,0,
2026-08-28T03:51:56Z,2026-08-28 05:51,0,,0,
2026-08-28T03:57:01Z,2026-08-28 05:57,0,,0,
2026-08-28T04:02:07Z,2026-08-28 06:02,0,,0,
2026-08-28T04:07:12Z,2026-08-28 06:07,0,,0,
2026-08-28T04:12:17Z,2026-08-28 06:12,0,,0,
2026-08-28T04:17:23Z,2026-08-28 06:17,0,,0,
2026-08-28T04:22:28Z,2026-08-28 06:22,0,,0,
2026-08-28T04:27:33Z,2026-08-28 06:27,0,,0,
2026-08-28T04:32:39Z,2026-08-28 06:32,0,,0,
2026-08-28T04:37:44Z,2026-08-28 06:37,0,,0,
2026-08-28T04:42:49Z,2026-08-28 06:42,0,,0,
2026-08-28T04:47:54Z,2026-08-28 06:47,0,,0,
2026-08-28T04:52:59Z,2026-08-28 06:52,0,,0,
2026-08-28T04:58:04Z,2026-08-28 06:58,0,,0,
2026-08-28T05:03:09Z,2026-08-28 07:03,0,,0,
2026-08-28T14:28:13Z,2026-08-28 16:28,50,5.0,50,5.0
2026-08-28T14:33:20Z,2026-08-28 16:33,50,5.0,50,5.0
2026-08-28T14:38:27Z,2026-08-28 16:38,50,5.0,50,5.0
2026-08-28T14:43:32Z,2026-08-28 16:43,50,5.0,50,5.0
2026-08-28T14:48:37Z,2026-08-28 16:48,50,5.0,50,5.0
2026-08-28T14:53:42Z,2026-08-28 16:53,50,5.0,50,5.0
2026-08-28T14:58:47Z,2026-08-28 16:58,50,5.0,50,5.0
2026-08-28T15:03:53Z,2026-08-28 17:03,40,4.0,50,5.0
2026-08-28T15:08:59Z,2026-08-28 17:08,40,4.0,40,4.0
2026-08-28T15:14:05Z,2026-08-28 17:14,40,4.0,40,4.0
2026-08-28T15:19:11Z,2026-08-28 17:19,40,4.0,40,4.0
2026-08-28T15:24:18Z,2026-08-28 17:24,40,4.0,40,4.0
2026-08-28T15:29:23Z,2026-08-28 17:29,40,4.0,40,4.0
2026-08-28T15:34:28Z,2026-08-28 17:34,40,4.0,40,4.0
2026-08-28T15:39:34Z,2026-08-28 17:39,40,4.0,40,4.0
2026-08-28T15:44:39Z,2026-08-28 17:44,40,4.0,40,4.0
2026-08-28T15:49:44Z,2026-08-28 17:49,40,4.0,40,4.0
2026-08-28T15:54:49Z,2026-08-28 17:54,40,4.0,40,4.0
2026-08-28T15:59:54Z,2026-08-28 17:59,40,4.0,40,4.0
2026-08-28T16:05:01Z,2026-08-28 18:05,40,4.0,40,4.0
2026-08-28T16:10:14Z,2026-08-28 18:10,30,3.0,40,4.0
2026-08-28T16:15:23Z,2026-08-28 18:15,30,3.0,40,4.0
2026-08-28T16:20:28Z,2026-08-28 18:20,30,3.0,40,4.0
2026-08-28T16:25:34Z,2026-08-28 18:25,30,3.0,40,4.0
2026-08-28T16:30:39Z,2026-08-28 18:30,30,3.0,40,4.0
2026-08-28T16:35:45Z,2026-08-28 18:35,30,3.0,40,4.0
2026-08-28T16:40:51Z,2026-08-28 18:40,30,3.0,40,4.0
2026-08-28T16:45:57Z,2026-08-28 18:45,30,3.0,40,4.0
2026-08-28T16:51:02Z,2026-08-28 18:51,30,3.0,40,4.0
2026-08-28T16:56:08Z,2026-08-28 18:56,30,3.0,30,3.0
2026-08-28T17:01:13Z,2026-08-28 19:01,30,3.0,30,3.0
2026-08-28T17:06:19Z,2026-08-28 19:06,30,3.0,30,3.0
2026-08-28T17:11:25Z,2026-08-28 19:11,30,3.0,30,3.0
2026-08-28T17:16:30Z,2026-08-28 19:16,30,3.0,30,3.0
2026-08-28T23:37:42Z,2026-08-29 01:37,0,,0,
2026-08-28T23:42:47Z,2026-08-29 01:42,0,,0,
2026-08-28T23:47:51Z,2026-08-29 01:47,0,,0,
2026-08-28T23:52:56Z,2026-08-29 01:52,0,,0,
2026-08-28T23:58:02Z,2026-08-29 01:58,0,,0,
2026-08-29T00:03:08Z,2026-08-29 02:03,0,,0,
2026-08-29T00:08:13Z,2026-08-29 02:08,0,,0,
2026-08-29T00:13:18Z,2026-08-29 02:13,0,,0,
2026-08-29T00:18:23Z,2026-08-29 02:18,0,,0,
2026-08-29T00:23:28Z,2026-08-29 02:23,0,,0,
2026-08-29T00:28:33Z,2026-08-29 02:28,0,,0,
2026-08-29T00:33:38Z,2026-08-29 02:33,0,,0,
2026-08-29T00:38:42Z,2026-08-29 02:38,0,,0,
2026-08-29T00:43:47Z,2026-08-29 02:43,0,,0,
2026-08-29T00:48:52Z,2026-08-29 02:48,0,,0,
2026-08-29T00:53:57Z,2026-08-29 02:53,0,,0,
2026-08-29T00:59:02Z,2026-08-29 02:59,0,,0,
2026-08-29T01:04:07Z,2026-08-29 03:04,0,,0,
2026-08-29T01:09:12Z,2026-08-29 03:09,0,,0,
2026-08-29T01:14:20Z,2026-08-29 03:14,0,,0,
2026-08-29T01:19:25Z,2026-08-29 03:19,0,,0,
2026-08-29T01:24:30Z,2026-08-29 03:24,0,,0,
2026-08-29T01:29:34Z,2026-08-29 03:29,0,,0,
2026-08-29T01:34:40Z,2026-08-29 03:34,0,,0,
2026-08-29T01:39:46Z,2026-08-29 03:39,0,,0,
2026-08-29T01:44:51Z,2026-08-29 03:44,0,,0,
2026-08-29T01:49:56Z,2026-08-29 03:49,0,,0,
2026-08-29T01:55:01Z,2026-08-29 03:55,0,,0,
2026-08-29T02:00:13Z,2026-08-29 04:00,0,,0,
2026-08-29T02:05:18Z,2026-08-29 04:05,0,,0,
2026-08-29T02:10:23Z,2026-08-29 04:10,0,,0,
2026-08-29T02:15:32Z,2026-08-29 04:15,0,,0,
2026-08-29T02:20:37Z,2026-08-29 04:20,0,,0,
2026-08-29T02:25:41Z,2026-08-29 04:25,0,,0,
2026-08-29T05:09:27Z,2026-08-29 07:09,20,2.0,0,
2026-08-29T05:14:33Z,2026-08-29 07:14,20,2.0,0,
2026-08-29T05:19:39Z,2026-08-29 07:19,30,3.0,0,
2026-08-29T05:24:44Z,2026-08-29 07:24,30,3.0,0,
2026-08-29T05:29:51Z,2026-08-29 07:29,30,3.0,0,
2026-08-29T05:34:57Z,2026-08-29 07:34,30,3.0,0,
2026-08-29T05:40:05Z,2026-08-29 07:40,30,3.0,0,
2026-08-29T05:45:15Z,2026-08-29 07:45,40,4.0,0,
2026-08-29T05:50:22Z,2026-08-29 07:50,40,4.0,0,
2026-08-29T05:55:28Z,2026-08-29 07:55,40,4.0,0,
2026-08-29T06:00:34Z,2026-08-29 08:00,50,5.0,0,
2026-08-29T06:05:40Z,2026-08-29 08:05,50,5.0,0,
2026-08-29T06:10:45Z,2026-08-29 08:10,50,5.0,10,1.0
2026-08-29T06:15:51Z,2026-08-29 08:15,60,6.0,10,1.0
2026-08-29T06:20:58Z,2026-08-29 08:20,60,6.0,10,1.0
2026-08-29T06:26:05Z,2026-08-29 08:26,60,6.0,10,1.0
2026-08-29T06:31:11Z,2026-08-29 08:31,60,6.0,10,1.0
2026-08-29T06:36:17Z,2026-08-29 08:36,60,6.0,10,1.0
2026-08-29T06:41:23Z,2026-08-29 08:41,60,6.0,10,1.0
2026-08-29T06:46:29Z,2026-08-29 08:46,60,6.0,10,1.0
2026-08-29T06:51:34Z,2026-08-29 08:51,60,6.0,10,1.0
2026-08-29T06:56:40Z,2026-08-29 08:56,60,6.0,10,1.0
2026-08-29T07:01:46Z,2026-08-29 09:01,60,6.0,20,2.0
2026-08-29T07:06:52Z,2026-08-29 09:06,60,6.0,20,2.0
2026-08-29T07:11:58Z,2026-08-29 09:11,60,6.0,20,2.0
2026-08-29T07:17:03Z,2026-08-29 09:17,60,6.0,20,2.0
2026-08-29T07:22:09Z,2026-08-29 09:22,60,6.0,20,2.0
2026-08-29T07:27:15Z,2026-08-29 09:27,60,6.0,20,2.0
2026-08-29T07:32:21Z,2026-08-29 09:32,60,6.0,20,2.0
2026-08-29T07:37:28Z,2026-08-29 09:37,60,6.0,20,2.0
2026-08-29T07:42:34Z,2026-08-29 09:42,60,6.0,20,2.0
2026-08-29T07:47:39Z,2026-08-29 09:47,60,6.0,20,2.0
2026-08-29T07:52:45Z,2026-08-29 09:52,60,6.0,20,2.0
2026-08-29T07:57:51Z,2026-08-29 09:57,60,6.0,20,2.0
2026-08-29T11:43:38Z,2026-08-29 13:43,80,8.0,60,6.0
2026-08-29T11:48:44Z,2026-08-29 13:48,80,8.0,60,6.0
2026-08-29T11:53:50Z,2026-08-29 13:53,80,8.0,50,5.0
2026-08-29T11:58:55Z,2026-08-29 13:58,80,8.0,50,5.0
2026-08-29T12:04:01Z,2026-08-29 14:04,80,8.0,50,5.0
2026-08-29T12:09:08Z,2026-08-29 14:09,80,8.0,50,5.0
2026-08-29T12:14:13Z,2026-08-29 14:14,80,8.0,50,5.0
2026-08-29T12:19:19Z,2026-08-29 14:19,80,8.0,50,5.0
2026-08-29T12:24:25Z,2026-08-29 14:24,80,8.0,50,5.0
2026-08-29T12:29:31Z,2026-08-29 14:29,80,8.0,50,5.0
2026-08-29T12:34:37Z,2026-08-29 14:34,80,8.0,50,5.0
2026-08-29T12:39:43Z,2026-08-29 14:39,80,8.0,50,5.0
2026-08-29T12:44:49Z,2026-08-29 14:44,80,8.0,50,5.0
2026-08-29T12:49:55Z,2026-08-29 14:49,80,8.0,50,5.0
2026-08-29T12:55:01Z,2026-08-29 14:55,80,8.0,50,5.0
2026-08-29T13:00:09Z,2026-08-29 15:00,80,8.0,50,5.0
2026-08-29T13:05:15Z,2026-08-29 15:05,80,8.0,50,5.0
2026-08-29T13:10:23Z,2026-08-29 15:10,80,8.0,50,5.0
2026-08-29T13:15:30Z,2026-08-29 15:15,80,8.0,50,5.0
2026-08-29T13:20:35Z,2026-08-29 15:20,80,8.0,50,5.0
2026-08-29T13:25:41Z,2026-08-29 15:25,80,8.0,50,5.0
2026-08-29T13:30:47Z,2026-08-29 15:30,80,8.0,40,4.0
2026-08-29T13:35:53Z,2026-08-29 15:35,80,8.0,40,4.0
2026-08-29T13:40:59Z,2026-08-29 15:40,80,8.0,40,4.0
2026-08-29T13:46:05Z,2026-08-29 15:46,80,8.0,40,4.0
2026-08-29T13:51:10Z,2026-08-29 15:51,70,7.0,40,4.0
2026-08-29T13:56:16Z,2026-08-29 15:56,70,7.0,40,4.0
2026-08-29T14:01:23Z,2026-08-29 16:01,60,6.0,40,4.0
2026-08-29T14:06:29Z,2026-08-29 16:06,50,5.0,40,4.0
2026-08-29T14:11:35Z,2026-08-29 16:11,50,5.0,40,4.0
2026-08-29T14:16:40Z,2026-08-29 16:16,50,5.0,40,4.0
2026-08-29T14:21:46Z,2026-08-29 16:21,50,5.0,40,4.0
2026-08-29T14:26:52Z,2026-08-29 16:26,50,5.0,40,4.0
2026-08-29T14:31:57Z,2026-08-29 16:31,40,4.0,30,3.0
2026-08-29T16:02:27Z,2026-08-29 18:02,20,2.0,30,3.0
2026-08-29T16:07:33Z,2026-08-29 18:07,10,1.0,30,3.0
2026-08-29T16:12:39Z,2026-08-29 18:12,0,,30,3.0
2026-08-29T16:17:44Z,2026-08-29 18:17,0,,30,3.0
2026-08-29T16:22:50Z,2026-08-29 18:22,0,,30,3.0
2026-08-29T16:27:55Z,2026-08-29 18:27,0,,30,3.0
2026-08-29T16:33:00Z,2026-08-29 18:33,0,,30,3.0
2026-08-29T16:38:06Z,2026-08-29 18:38,0,,30,3.0
2026-08-29T16:43:11Z,2026-08-29 18:43,0,,30,3.0
2026-08-29T16:48:17Z,2026-08-29 18:48,0,,30,3.0
2026-08-29T16:53:23Z,2026-08-29 18:53,0,,30,3.0
2026-08-29T16:58:28Z,2026-08-29 18:58,0,,30,3.0
2026-08-29T17:03:33Z,2026-08-29 19:03,0,,30,3.0
2026-08-29T17:08:38Z,2026-08-29 19:08,0,,30,3.0
2026-08-29T17:13:43Z,2026-08-29 19:13,0,,30,3.0
2026-08-29T17:18:48Z,2026-08-29 19:18,0,,30,3.0
2026-08-29T17:23:53Z,2026-08-29 19:23,0,,30,3.0
2026-08-29T17:28:58Z,2026-08-29 19:28,0,,30,3.0
2026-08-29T17:34:06Z,2026-08-29 19:34,0,,30,3.0
2026-08-29T17:39:12Z,2026-08-29 19:39,0,,30,3.0
2026-08-29T17:44:17Z,2026-08-29 19:44,0,,30,3.0
2026-08-29T17:49:23Z,2026-08-29 19:49,0,,30,3.0
2026-08-29T17:54:28Z,2026-08-29 19:54,0,,30,3.0
2026-08-29T17:59:33Z,2026-08-29 19:59,0,,30,3.0
2026-08-29T18:04:38Z,2026-08-29 20:04,0,,30,3.0
2026-08-29T18:09:43Z,2026-08-29 20:09,0,,20,2.0
2026-08-29T18:14:48Z,2026-08-29 20:14,0,,20,2.0
2026-08-29T18:19:53Z,2026-08-29 20:19,0,,20,2.0
2026-08-29T18:24:58Z,2026-08-29 20:24,0,,20,2.0
2026-08-29T18:30:07Z,2026-08-29 20:30,0,,10,1.0
2026-08-29T18:35:13Z,2026-08-29 20:35,0,,10,1.0
2026-08-29T18:40:18Z,2026-08-29 20:40,0,,10,1.0
2026-08-29T18:45:25Z,2026-08-29 20:45,0,,0,
2026-08-29T18:50:30Z,2026-08-29 20:50,0,,0,
2026-08-29T19:27:08Z,2026-08-29 21:27,0,,0,
2026-08-29T19:32:16Z,2026-08-29 21:32,0,,0,
2026-08-29T19:37:22Z,2026-08-29 21:37,0,,0,
2026-08-29T19:42:28Z,2026-08-29 21:42,0,,0,
2026-08-29T19:47:33Z,2026-08-29 21:47,0,,0,
2026-08-29T19:52:39Z,2026-08-29 21:52,10,1.0,10,1.0
2026-08-29T19:57:45Z,2026-08-29 21:57,10,1.0,10,1.0
2026-08-29T20:02:51Z,2026-08-29 22:02,10,1.0,10,1.0
2026-08-29T20:07:56Z,2026-08-29 22:07,0,,10,1.0
2026-08-29T20:13:03Z,2026-08-29 22:13,0,,10,1.0
2026-08-29T20:18:08Z,2026-08-29 22:18,0,,10,1.0
2026-08-29T20:23:14Z,2026-08-29 22:23,0,,10,1.0
2026-08-29T20:28:23Z,2026-08-29 22:28,0,,10,1.0
2026-08-29T20:33:29Z,2026-08-29 22:33,0,,10,1.0
2026-08-29T20:38:35Z,2026-08-29 22:38,0,,10,1.0
2026-08-29T20:43:40Z,2026-08-29 22:43,0,,10,1.0
2026-08-29T20:48:47Z,2026-08-29 22:48,0,,10,1.0
2026-08-29T20:53:52Z,2026-08-29 22:53,0,,10,1.0
2026-08-29T20:58:58Z,2026-08-29 22:58,0,,0,
2026-08-29T21:04:04Z,2026-08-29 23:04,0,,0,
2026-08-29T21:09:09Z,2026-08-29 23:09,0,,0,
2026-08-29T21:14:15Z,2026-08-29 23:14,0,,0,
2026-08-29T21:19:21Z,2026-08-29 23:19,0,,0,
2026-08-29T21:24:27Z,2026-08-29 23:24,0,,0,
2026-08-29T21:29:32Z,2026-08-29 23:29,0,,0,
2026-08-29T21:34:40Z,2026-08-29 23:34,0,,0,
2026-08-29T21:39:46Z,2026-08-29 23:39,0,,0,
2026-08-29T21:44:52Z,2026-08-29 23:44,0,,0,
2026-08-29T21:49:58Z,2026-08-29 23:49,0,,0,
2026-08-29T21:55:04Z,2026-08-29 23:55,0,,0,
2026-08-29T22:00:19Z,2026-08-30 00:00,0,,0,
2026-08-29T22:05:26Z,2026-08-30 00:05,0,,0,
2026-08-29T22:10:32Z,2026-08-30 00:10,0,,0,
2026-08-29T22:15:38Z,2026-08-30 00:15,0,,0,
2026-08-29T22:15:50Z,2026-08-30 00:15,0,,0,
2026-08-29T22:20:55Z,2026-08-30 00:20,0,,0,
2026-08-29T22:25:59Z,2026-08-30 00:25,0,,0,
2026-08-29T22:31:04Z,2026-08-30 00:31,0,,0,
2026-08-29T22:36:12Z,2026-08-30 00:36,0,,0,
2026-08-29T22:41:16Z,2026-08-30 00:41,0,,0,
2026-08-29T22:46:21Z,2026-08-30 00:46,0,,0,
2026-08-29T22:51:25Z,2026-08-30 00:51,0,,0,
2026-08-29T22:56:30Z,2026-08-30 00:56,0,,0,
2026-08-29T23:01:35Z,2026-08-30 01:01,0,,0,
2026-08-29T23:06:40Z,2026-08-30 01:06,0,,0,
2026-08-29T23:11:45Z,2026-08-30 01:11,0,,0,
2026-08-29T23:16:49Z,2026-08-30 01:16,0,,0,
2026-08-29T23:21:54Z,2026-08-30 01:21,0,,0,
2026-08-29T23:26:58Z,2026-08-30 01:26,0,,0,
2026-08-29T23:32:03Z,2026-08-30 01:32,0,,0,
2026-08-29T23:37:08Z,2026-08-30 01:37,0,,0,
2026-08-29T23:42:12Z,2026-08-30 01:42,0,,0,
2026-08-29T23:47:17Z,2026-08-30 01:47,0,,0,
2026-08-29T23:52:22Z,2026-08-30 01:52,0,,0,
2026-08-29T23:57:27Z,2026-08-30 01:57,0,,0,
2026-08-30T00:02:31Z,2026-08-30 02:02,0,,0,
2026-08-30T00:07:36Z,2026-08-30 02:07,0,,0,
2026-08-30T00:12:40Z,2026-08-30 02:12,0,,0,
2026-08-30T00:17:45Z,2026-08-30 02:17,0,,0,
2026-08-30T00:22:50Z,2026-08-30 02:22,0,,0,
2026-08-30T00:27:54Z,2026-08-30 02:27,0,,0,
2026-08-30T00:32:59Z,2026-08-30 02:32,0,,0,
2026-08-30T00:38:06Z,2026-08-30 02:38,0,,0,
2026-08-30T00:43:11Z,2026-08-30 02:43,0,,0,
2026-08-30T00:48:16Z,2026-08-30 02:48,0,,0,
2026-08-30T00:53:20Z,2026-08-30 02:53,0,,0,
2026-08-30T00:58:25Z,2026-08-30 02:58,0,,0,
2026-08-30T01:03:30Z,2026-08-30 03:03,0,,0,
2026-08-30T01:03:44Z,2026-08-30 03:03,0,,0,
2026-08-30T01:08:50Z,2026-08-30 03:08,0,,0,
2026-08-30T01:13:57Z,2026-08-30 03:13,0,,0,
2026-08-30T01:19:02Z,2026-08-30 03:19,0,,0,
2026-08-30T01:24:08Z,2026-08-30 03:24,0,,0,
2026-08-30T01:29:14Z,2026-08-30 03:29,0,,0,
2026-08-30T01:34:20Z,2026-08-30 03:34,0,,0,
2026-08-30T01:39:25Z,2026-08-30 03:39,0,,0,
2026-08-30T01:44:31Z,2026-08-30 03:44,0,,0,
2026-08-30T01:49:38Z,2026-08-30 03:49,0,,0,
2026-08-30T01:54:43Z,2026-08-30 03:54,0,,0,
2026-08-30T01:59:49Z,2026-08-30 03:59,0,,0,
2026-08-30T02:04:54Z,2026-08-30 04:04,0,,0,
2026-08-30T02:10:00Z,2026-08-30 04:10,0,,0,
2026-08-30T02:15:16Z,2026-08-30 04:15,0,,0,
2026-08-30T02:20:24Z,2026-08-30 04:20,0,,0,
2026-08-30T02:25:29Z,2026-08-30 04:25,0,,0,
2026-08-30T02:30:35Z,2026-08-30 04:30,0,,0,
2026-08-30T02:35:42Z,2026-08-30 04:35,0,,0,
2026-08-30T02:40:47Z,2026-08-30 04:40,0,,0,
2026-08-30T02:45:53Z,2026-08-30 04:45,0,,0,
2026-08-30T02:50:59Z,2026-08-30 04:50,0,,0,
2026-08-30T02:56:06Z,2026-08-30 04:56,0,,0,
2026-08-30T03:01:12Z,2026-08-30 05:01,0,,0,
2026-08-30T03:06:18Z,2026-08-30 05:06,0,,0,
2026-08-30T03:11:25Z,2026-08-30 05:11,0,,0,
2026-08-30T03:16:30Z,2026-08-30 05:16,0,,0,
2026-08-30T03:21:37Z,2026-08-30 05:21,0,,0,
2026-08-30T03:26:42Z,2026-08-30 05:26,0,,0,
2026-08-30T03:31:48Z,2026-08-30 05:31,0,,0,
2026-08-30T03:36:54Z,2026-08-30 05:36,0,,0,
2026-08-30T03:42:01Z,2026-08-30 05:42,0,,0,
2026-08-30T03:47:07Z,2026-08-30 05:47,0,,0,
2026-08-30T03:52:13Z,2026-08-30 05:52,0,,0,
2026-08-30T03:52:28Z,2026-08-30 05:52,0,,0,
2026-08-30T03:57:33Z,2026-08-30 05:57,0,,0,
2026-08-30T04:02:39Z,2026-08-30 06:02,0,,0,
2026-08-30T04:07:44Z,2026-08-30 06:07,0,,0,
2026-08-30T04:12:49Z,2026-08-30 06:12,0,,0,
2026-08-30T04:17:54Z,2026-08-30 06:17,0,,0,
2026-08-30T04:22:59Z,2026-08-30 06:22,0,,0,
2026-08-30T04:28:07Z,2026-08-30 06:28,0,,0,
2026-08-30T04:33:12Z,2026-08-30 06:33,0,,0,
2026-08-30T04:38:17Z,2026-08-30 06:38,0,,0,
2026-08-30T04:43:22Z,2026-08-30 06:43,0,,0,
2026-08-30T04:48:27Z,2026-08-30 06:48,0,,0,
2026-08-30T04:53:32Z,2026-08-30 06:53,0,,0,
2026-08-30T04:58:37Z,2026-08-30 06:58,0,,0,
2026-08-30T05:03:42Z,2026-08-30 07:03,0,,0,
2026-08-30T05:08:47Z,2026-08-30 07:08,0,,0,
2026-08-30T05:13:52Z,2026-08-30 07:13,0,,0,
2026-08-30T05:18:57Z,2026-08-30 07:18,0,,0,
2026-08-30T05:24:04Z,2026-08-30 07:24,0,,0,
2026-08-30T05:29:09Z,2026-08-30 07:29,0,,0,
2026-08-30T05:34:14Z,2026-08-30 07:34,0,,0,
2026-08-30T05:39:19Z,2026-08-30 07:39,0,,0,
2026-08-30T05:44:24Z,2026-08-30 07:44,0,,0,
2026-08-30T05:49:31Z,2026-08-30 07:49,0,,0,
2026-08-30T05:54:36Z,2026-08-30 07:54,0,,0,
2026-08-30T05:59:41Z,2026-08-30 07:59,0,,0,
2026-08-30T06:04:46Z,2026-08-30 08:04,0,,0,
2026-08-30T06:09:51Z,2026-08-30 08:09,0,,0,
2026-08-30T06:14:56Z,2026-08-30 08:14,0,,0,
2026-08-30T06:20:01Z,2026-08-30 08:20,0,,0,
2026-08-30T06:25:07Z,2026-08-30 08:25,0,,0,
2026-08-30T06:30:19Z,2026-08-30 08:30,0,,0,
2026-08-30T06:35:24Z,2026-08-30 08:35,0,,0,
2026-08-30T06:40:29Z,2026-08-30 08:40,0,,0,
2026-08-30T09:05:36Z,2026-08-30 11:05,20,2.0,30,3.0
2026-08-30T09:10:42Z,2026-08-30 11:10,20,2.0,30,3.0
2026-08-30T09:15:47Z,2026-08-30 11:15,20,2.0,30,3.0
2026-08-30T09:20:52Z,2026-08-30 11:20,20,2.0,30,3.0
2026-08-30T09:25:57Z,2026-08-30 11:25,20,2.0,30,3.0
2026-08-30T09:31:02Z,2026-08-30 11:31,30,3.0,30,3.0
2026-08-30T09:36:07Z,2026-08-30 11:36,40,4.0,30,3.0
2026-08-30T09:41:12Z,2026-08-30 11:41,40,4.0,40,4.0
2026-08-30T09:46:17Z,2026-08-30 11:46,40,4.0,40,4.0
2026-08-30T09:51:22Z,2026-08-30 11:51,40,4.0,40,4.0
2026-08-30T09:56:27Z,2026-08-30 11:56,40,4.0,40,4.0
2026-08-30T10:01:33Z,2026-08-30 12:01,40,4.0,40,4.0
2026-08-30T10:06:38Z,2026-08-30 12:06,40,4.0,40,4.0
2026-08-30T10:11:43Z,2026-08-30 12:11,40,4.0,40,4.0
2026-08-30T10:16:48Z,2026-08-30 12:16,40,4.0,40,4.0
2026-08-30T10:21:53Z,2026-08-30 12:21,40,4.0,40,4.0
2026-08-30T10:26:58Z,2026-08-30 12:26,40,4.0,40,4.0
2026-08-30T10:32:03Z,2026-08-30 12:32,40,4.0,40,4.0
2026-08-30T10:37:08Z,2026-08-30 12:37,40,4.0,40,4.0
2026-08-30T10:42:14Z,2026-08-30 12:42,40,4.0,40,4.0
2026-08-30T10:47:19Z,2026-08-30 12:47,40,4.0,40,4.0
2026-08-30T10:52:25Z,2026-08-30 12:52,40,4.0,40,4.0
2026-08-30T10:57:31Z,2026-08-30 12:57,40,4.0,50,5.0
2026-08-30T11:02:36Z,2026-08-30 13:02,40,4.0,50,5.0
2026-08-30T11:07:41Z,2026-08-30 13:07,40,4.0,50,5.0
2026-08-30T11:12:46Z,2026-08-30 13:12,40,4.0,50,5.0
2026-08-30T11:17:52Z,2026-08-30 13:17,40,4.0,50,5.0
2026-08-30T11:22:57Z,2026-08-30 13:22,40,4.0,50,5.0
2026-08-30T11:28:02Z,2026-08-30 13:28,50,5.0,50,5.0
2026-08-30T11:33:07Z,2026-08-30 13:33,50,5.0,50,5.0
2026-08-30T11:38:12Z,2026-08-30 13:38,50,5.0,50,5.0
2026-08-30T11:43:17Z,2026-08-30 13:43,50,5.0,50,5.0
2026-08-30T11:48:22Z,2026-08-30 13:48,50,5.0,50,5.0
2026-08-30T11:53:27Z,2026-08-30 13:53,50,5.0,50,5.0
2026-08-30T14:28:13Z,2026-08-30 16:28,40,4.0,50,5.0
2026-08-30T14:33:18Z,2026-08-30 16:33,40,4.0,40,4.0
2026-08-30T14:38:23Z,2026-08-30 16:38,30,3.0,40,4.0
2026-08-30T14:43:28Z,2026-08-30 16:43,30,3.0,50,5.0
2026-08-30T14:48:33Z,2026-08-30 16:48,30,3.0,50,5.0
2026-08-30T14:53:38Z,2026-08-30 16:53,30,3.0,50,5.0
2026-08-30T14:58:42Z,2026-08-30 16:58,30,3.0,50,5.0
2026-08-30T15:03:47Z,2026-08-30 17:03,30,3.0,50,5.0
2026-08-30T15:08:52Z,2026-08-30 17:08,30,3.0,50,5.0
2026-08-30T15:13:57Z,2026-08-30 17:13,20,2.0,50,5.0
2026-08-30T15:19:02Z,2026-08-30 17:19,20,2.0,50,5.0
2026-08-30T15:24:08Z,2026-08-30 17:24,20,2.0,50,5.0
2026-08-30T15:29:13Z,2026-08-30 17:29,20,2.0,50,5.0
2026-08-30T15:34:18Z,2026-08-30 17:34,20,2.0,50,5.0
2026-08-30T15:39:23Z,2026-08-30 17:39,20,2.0,50,5.0
2026-08-30T15:44:28Z,2026-08-30 17:44,20,2.0,50,5.0
2026-08-30T15:49:33Z,2026-08-30 17:49,20,2.0,50,5.0
2026-08-30T15:54:37Z,2026-08-30 17:54,20,2.0,50,5.0
2026-08-30T15:59:43Z,2026-08-30 17:59,20,2.0,50,5.0
2026-08-30T16:04:48Z,2026-08-30 18:04,20,2.0,50,5.0
2026-08-30T16:09:52Z,2026-08-30 18:09,20,2.0,60,6.0
2026-08-30T16:14:58Z,2026-08-30 18:14,20,2.0,60,6.0
2026-08-30T16:20:03Z,2026-08-30 18:20,20,2.0,60,6.0
2026-08-30T16:25:09Z,2026-08-30 18:25,20,2.0,60,6.0
2026-08-30T16:30:23Z,2026-08-30 18:30,20,2.0,60,6.0
2026-08-30T16:35:28Z,2026-08-30 18:35,20,2.0,60,6.0
2026-08-30T16:40:33Z,2026-08-30 18:40,20,2.0,60,6.0
2026-08-30T16:45:38Z,2026-08-30 18:45,20,2.0,50,5.0
2026-08-30T16:50:43Z,2026-08-30 18:50,10,1.0,50,5.0
2026-08-30T16:55:48Z,2026-08-30 18:55,10,1.0,50,5.0
2026-08-30T17:00:53Z,2026-08-30 19:00,10,1.0,50,5.0
2026-08-30T17:05:58Z,2026-08-30 19:05,10,1.0,50,5.0
2026-08-30T17:11:03Z,2026-08-30 19:11,10,1.0,50,5.0
2026-08-30T17:16:07Z,2026-08-30 19:16,10,1.0,50,5.0
2026-08-30T18:08:55Z,2026-08-30 20:08,10,1.0,50,5.0
2026-08-30T18:14:01Z,2026-08-30 20:14,10,1.0,40,4.0
2026-08-30T18:19:07Z,2026-08-30 20:19,10,1.0,40,4.0
2026-08-30T18:24:14Z,2026-08-30 20:24,10,1.0,40,4.0
2026-08-30T18:29:19Z,2026-08-30 20:29,0,,40,4.0
2026-08-30T18:34:27Z,2026-08-30 20:34,0,,30,3.0
2026-08-30T18:39:33Z,2026-08-30 20:39,0,,30,3.0
2026-08-30T18:44:39Z,2026-08-30 20:44,0,,30,3.0
2026-08-30T18:49:44Z,2026-08-30 20:49,0,,30,3.0
2026-08-30T18:54:51Z,2026-08-30 20:54,0,,30,3.0
2026-08-30T18:59:56Z,2026-08-30 20:59,0,,30,3.0
2026-08-30T19:05:02Z,2026-08-30 21:05,0,,30,3.0
2026-08-30T19:10:13Z,2026-08-30 21:10,0,,30,3.0
2026-08-30T19:15:20Z,2026-08-30 21:15,0,,30,3.0
2026-08-30T19:20:26Z,2026-08-30 21:20,0,,30,3.0
2026-08-30T19:25:31Z,2026-08-30 21:25,0,,30,3.0
2026-08-30T19:30:37Z,2026-08-30 21:30,0,,30,3.0
2026-08-30T19:35:43Z,2026-08-30 21:35,0,,30,3.0
2026-08-30T19:40:48Z,2026-08-30 21:40,0,,30,3.0
2026-08-30T19:45:54Z,2026-08-30 21:45,0,,30,3.0
2026-08-30T19:51:00Z,2026-08-30 21:51,0,,30,3.0
2026-08-30T19:56:06Z,2026-08-30 21:56,0,,30,3.0
2026-08-30T20:01:12Z,2026-08-30 22:01,0,,30,3.0
2026-08-30T20:06:18Z,2026-08-30 22:06,0,,30,3.0
2026-08-30T20:11:24Z,2026-08-30 22:11,0,,30,3.0
2026-08-30T20:16:31Z,2026-08-30 22:16,0,,30,3.0
2026-08-30T20:21:36Z,2026-08-30 22:21,0,,20,2.0
2026-08-30T20:26:42Z,2026-08-30 22:26,0,,20,2.0
2026-08-30T20:31:48Z,2026-08-30 22:31,0,,10,1.0
2026-08-30T20:36:55Z,2026-08-30 22:36,0,,10,1.0
2026-08-30T20:42:00Z,2026-08-30 22:42,0,,10,1.0
2026-08-30T20:47:07Z,2026-08-30 22:47,0,,10,1.0
2026-08-30T20:52:15Z,2026-08-30 22:52,0,,0,
2026-08-30T20:57:20Z,2026-08-30 22:57,0,,0,
2026-08-30T21:19:47Z,2026-08-30 23:19,0,,0,
2026-08-30T21:24:54Z,2026-08-30 23:24,0,,0,
2026-08-30T21:30:00Z,2026-08-30 23:30,0,,0,
2026-08-30T21:35:08Z,2026-08-30 23:35,0,,0,
2026-08-30T21:40:13Z,2026-08-30 23:40,0,,0,
2026-08-30T21:45:19Z,2026-08-30 23:45,0,,0,
2026-08-30T21:50:25Z,2026-08-30 23:50,0,,0,
2026-08-30T21:55:30Z,2026-08-30 23:55,0,,0,
2026-08-30T22:00:36Z,2026-08-31 00:00,0,,0,
2026-08-30T22:05:42Z,2026-08-31 00:05,0,,0,
2026-08-30T22:10:47Z,2026-08-31 00:10,0,,0,
2026-08-30T22:15:53Z,2026-08-31 00:15,0,,0,
2026-08-30T22:20:58Z,2026-08-31 00:20,0,,0,
2026-08-30T22:26:06Z,2026-08-31 00:26,0,,0,
2026-08-30T22:31:11Z,2026-08-31 00:31,0,,0,
2026-08-30T22:36:17Z,2026-08-31 00:36,0,,0,
2026-08-30T22:41:22Z,2026-08-31 00:41,0,,0,
2026-08-30T22:46:28Z,2026-08-31 00:46,0,,0,
2026-08-30T22:51:33Z,2026-08-31 00:51,0,,0,
2026-08-30T22:56:40Z,2026-08-31 00:56,0,,0,
2026-08-30T23:01:46Z,2026-08-31 01:01,0,,0,
2026-08-30T23:06:51Z,2026-08-31 01:06,0,,0,
2026-08-30T23:11:56Z,2026-08-31 01:11,0,,0,
2026-08-30T23:17:02Z,2026-08-31 01:17,0,,0,
2026-08-30T23:22:07Z,2026-08-31 01:22,0,,0,
2026-08-30T23:27:15Z,2026-08-31 01:27,0,,0,
2026-08-30T23:32:20Z,2026-08-31 01:32,0,,0,
2026-08-30T23:37:26Z,2026-08-31 01:37,0,,0,
2026-08-30T23:42:32Z,2026-08-31 01:42,0,,0,
2026-08-30T23:47:37Z,2026-08-31 01:47,0,,0,
2026-08-30T23:52:43Z,2026-08-31 01:52,0,,0,
2026-08-30T23:57:48Z,2026-08-31 01:57,0,,0,
2026-08-31T00:02:54Z,2026-08-31 02:02,0,,0,
2026-08-31T00:08:00Z,2026-08-31 02:08,0,,0,
2026-08-31T00:08:15Z,2026-08-31 02:08,0,,0,
2026-08-31T00:13:20Z,2026-08-31 02:13,0,,0,
2026-08-31T00:18:26Z,2026-08-31 02:18,0,,0,
2026-08-31T00:23:31Z,2026-08-31 02:23,0,,0,
2026-08-31T00:28:37Z,2026-08-31 02:28,0,,0,
2026-08-31T00:33:42Z,2026-08-31 02:33,0,,0,
2026-08-31T00:38:48Z,2026-08-31 02:38,0,,0,
2026-08-31T00:43:53Z,2026-08-31 02:43,0,,0,
2026-08-31T00:48:59Z,2026-08-31 02:48,0,,0,
2026-08-31T00:54:07Z,2026-08-31 02:54,0,,0,
2026-08-31T00:59:13Z,2026-08-31 02:59,0,,0,
2026-08-31T01:04:18Z,2026-08-31 03:04,0,,0,
2026-08-31T01:09:24Z,2026-08-31 03:09,0,,0,
2026-08-31T01:14:30Z,2026-08-31 03:14,0,,0,
2026-08-31T01:19:35Z,2026-08-31 03:19,0,,0,
2026-08-31T01:24:41Z,2026-08-31 03:24,0,,0,
2026-08-31T01:29:46Z,2026-08-31 03:29,0,,0,
2026-08-31T01:34:52Z,2026-08-31 03:34,0,,0,
2026-08-31T01:39:57Z,2026-08-31 03:39,0,,0,
2026-08-31T01:45:03Z,2026-08-31 03:45,0,,0,
2026-08-31T01:50:14Z,2026-08-31 03:50,0,,0,
2026-08-31T01:55:20Z,2026-08-31 03:55,0,,0,
2026-08-31T02:00:30Z,2026-08-31 04:00,0,,0,
2026-08-31T02:05:36Z,2026-08-31 04:05,0,,0,
2026-08-31T02:10:41Z,2026-08-31 04:10,0,,0,
2026-08-31T02:15:47Z,2026-08-31 04:15,0,,0,
2026-08-31T02:20:52Z,2026-08-31 04:20,0,,0,
2026-08-31T02:25:58Z,2026-08-31 04:25,0,,0,
2026-08-31T02:31:05Z,2026-08-31 04:31,0,,0,
2026-08-31T02:36:11Z,2026-08-31 04:36,0,,0,
2026-08-31T02:41:17Z,2026-08-31 04:41,0,,0,
2026-08-31T02:46:23Z,2026-08-31 04:46,0,,0,
2026-08-31T02:51:29Z,2026-08-31 04:51,0,,0,
2026-08-31T02:56:34Z,2026-08-31 04:56,0,,0,
2026-08-31T02:56:47Z,2026-08-31 04:56,0,,0,
2026-08-31T03:01:52Z,2026-08-31 05:01,0,,0,
2026-08-31T03:06:57Z,2026-08-31 05:06,0,,0,
2026-08-31T03:12:02Z,2026-08-31 05:12,0,,0,
2026-08-31T03:17:07Z,2026-08-31 05:17,0,,0,
2026-08-31T03:22:12Z,2026-08-31 05:22,0,,0,
2026-08-31T03:27:17Z,2026-08-31 05:27,0,,0,
2026-08-31T03:32:23Z,2026-08-31 05:32,0,,0,
2026-08-31T03:37:28Z,2026-08-31 05:37,0,,0,
2026-08-31T03:42:33Z,2026-08-31 05:42,0,,0,
2026-08-31T03:47:38Z,2026-08-31 05:47,0,,0,
2026-08-31T03:52:43Z,2026-08-31 05:52,0,,0,
2026-08-31T04:02:53Z,2026-08-31 06:02,0,,0,
2026-08-31T04:07:59Z,2026-08-31 06:07,0,,0,
2026-08-31T04:13:06Z,2026-08-31 06:13,0,,0,
2026-08-31T04:18:12Z,2026-08-31 06:18,0,,0,
2026-08-31T04:23:17Z,2026-08-31 06:23,0,,0,
2026-08-31T04:28:22Z,2026-08-31 06:28,0,,0,
2026-08-31T04:33:27Z,2026-08-31 06:33,0,,0,
2026-08-31T04:38:32Z,2026-08-31 06:38,0,,0,
2026-08-31T04:43:38Z,2026-08-31 06:43,0,,0,
2026-08-31T04:48:43Z,2026-08-31 06:48,0,,0,
2026-08-31T04:53:48Z,2026-08-31 06:53,0,,0,
2026-08-31T04:58:53Z,2026-08-31 06:58,0,,0,
2026-08-31T05:03:58Z,2026-08-31 07:03,0,,0,
2026-08-31T05:09:04Z,2026-08-31 07:09,0,,0,
2026-08-31T05:14:10Z,2026-08-31 07:14,0,,0,
2026-08-31T05:19:15Z,2026-08-31 07:19,0,,0,
2026-08-31T05:24:21Z,2026-08-31 07:24,0,,0,
2026-08-31T05:29:27Z,2026-08-31 07:29,0,,0,
2026-08-31T05:34:32Z,2026-08-31 07:34,0,,0,
2026-08-31T05:39:37Z,2026-08-31 07:39,0,,0,
2026-08-31T05:44:44Z,2026-08-31 07:44,0,,0,
2026-08-31T09:11:54Z,2026-08-31 11:11,10,1.0,10,1.0
2026-08-31T09:17:01Z,2026-08-31 11:17,10,1.0,10,1.0
2026-08-31T09:22:08Z,2026-08-31 11:22,10,1.0,10,1.0
2026-08-31T09:27:14Z,2026-08-31 11:27,10,1.0,10,1.0
2026-08-31T09:32:20Z,2026-08-31 11:32,10,1.0,10,1.0
2026-08-31T09:37:27Z,2026-08-31 11:37,10,1.0,10,1.0
2026-08-31T09:42:33Z,2026-08-31 11:42,10,1.0,20,2.0
2026-08-31T09:47:40Z,2026-08-31 11:47,10,1.0,20,2.0
2026-08-31T09:52:46Z,2026-08-31 11:52,10,1.0,20,2.0
2026-08-31T09:57:52Z,2026-08-31 11:57,10,1.0,20,2.0
2026-08-31T10:02:59Z,2026-08-31 12:02,10,1.0,20,2.0
2026-08-31T10:08:06Z,2026-08-31 12:08,10,1.0,20,2.0
2026-08-31T10:13:12Z,2026-08-31 12:13,20,2.0,20,2.0
2026-08-31T10:18:20Z,2026-08-31 12:18,20,2.0,20,2.0
2026-08-31T10:23:25Z,2026-08-31 12:23,20,2.0,20,2.0
2026-08-31T10:28:31Z,2026-08-31 12:28,20,2.0,20,2.0
2026-08-31T10:33:36Z,2026-08-31 12:33,20,2.0,20,2.0
2026-08-31T10:38:42Z,2026-08-31 12:38,20,2.0,20,2.0
2026-08-31T10:43:48Z,2026-08-31 12:43,20,2.0,20,2.0
2026-08-31T10:48:54Z,2026-08-31 12:48,30,3.0,20,2.0
2026-08-31T10:54:00Z,2026-08-31 12:54,30,3.0,30,3.0
2026-08-31T10:59:06Z,2026-08-31 12:59,30,3.0,30,3.0
2026-08-31T11:04:13Z,2026-08-31 13:04,30,3.0,30,3.0
2026-08-31T11:09:19Z,2026-08-31 13:09,30,3.0,30,3.0
2026-08-31T11:14:25Z,2026-08-31 13:14,30,3.0,30,3.0
2026-08-31T11:19:30Z,2026-08-31 13:19,30,3.0,30,3.0
2026-08-31T11:24:36Z,2026-08-31 13:24,30,3.0,30,3.0
2026-08-31T11:29:42Z,2026-08-31 13:29,90,9.0,30,3.0
2026-08-31T11:34:49Z,2026-08-31 13:34,90,9.0,30,3.0
2026-08-31T11:39:55Z,2026-08-31 13:39,90,9.0,30,3.0
2026-08-31T11:45:00Z,2026-08-31 13:45,90,9.0,30,3.0
2026-08-31T11:50:15Z,2026-08-31 13:50,90,9.0,30,3.0
2026-08-31T11:55:21Z,2026-08-31 13:55,90,9.0,30,3.0
2026-08-31T12:00:29Z,2026-08-31 14:00,90,,30,3.0
2026-08-31T17:10:12Z,2026-08-31 19:10,0,,10,1.0
2026-08-31T17:15:18Z,2026-08-31 19:15,0,,10,1.0
2026-08-31T17:20:25Z,2026-08-31 19:20,0,,10,1.0
2026-08-31T17:25:30Z,2026-08-31 19:25,0,,0,
2026-08-31T17:30:35Z,2026-08-31 19:30,0,,0,
2026-08-31T17:35:41Z,2026-08-31 19:35,0,,0,
2026-08-31T17:40:47Z,2026-08-31 19:40,0,,0,
2026-08-31T17:45:52Z,2026-08-31 19:45,0,,0,
2026-08-31T17:50:57Z,2026-08-31 19:50,0,,0,
2026-08-31T17:56:03Z,2026-08-31 19:56,0,,0,
2026-08-31T18:01:09Z,2026-08-31 20:01,0,,0,
2026-08-31T18:06:17Z,2026-08-31 20:06,0,,0,
2026-08-31T18:11:23Z,2026-08-31 20:11,0,,0,
2026-08-31T18:16:29Z,2026-08-31 20:16,0,,0,
2026-08-31T18:21:34Z,2026-08-31 20:21,0,,0,
2026-08-31T18:26:39Z,2026-08-31 20:26,0,,0,
2026-08-31T18:31:44Z,2026-08-31 20:31,0,,0,
2026-08-31T18:36:49Z,2026-08-31 20:36,0,,0,
2026-08-31T18:41:54Z,2026-08-31 20:41,0,,0,
2026-08-31T18:46:59Z,2026-08-31 20:46,0,,0,
2026-08-31T18:52:06Z,2026-08-31 20:52,0,,0,
2026-08-31T18:57:11Z,2026-08-31 20:57,0,,0,
2026-08-31T19:02:17Z,2026-08-31 21:02,0,,0,
2026-08-31T19:07:22Z,2026-08-31 21:07,0,,0,
2026-08-31T19:12:28Z,2026-08-31 21:12,0,,0,
2026-08-31T19:17:33Z,2026-08-31 21:17,0,,0,
2026-08-31T19:22:38Z,2026-08-31 21:22,0,,0,
2026-08-31T19:27:43Z,2026-08-31 21:27,0,,0,
2026-08-31T19:32:48Z,2026-08-31 21:32,0,,0,
2026-08-31T19:37:53Z,2026-08-31 21:37,0,,0,
2026-08-31T19:42:58Z,2026-08-31 21:42,0,,0,
2026-08-31T19:48:03Z,2026-08-31 21:48,0,,0,
2026-08-31T19:53:08Z,2026-08-31 21:53,0,,0,
2026-08-31T19:58:13Z,2026-08-31 21:58,0,,0,
2026-08-31T21:58:25Z,2026-08-31 23:58,0,,0,
2026-08-31T22:03:30Z,2026-09-01 00:03,0,,0,
2026-08-31T22:08:35Z,2026-09-01 00:08,0,,0,
2026-08-31T22:13:40Z,2026-09-01 00:13,0,,0,
2026-08-31T22:18:44Z,2026-09-01 00:18,0,,0,
2026-08-31T22:23:49Z,2026-09-01 00:23,0,,0,
2026-08-31T22:28:54Z,2026-09-01 00:28,0,,0,
2026-08-31T22:33:59Z,2026-09-01 00:33,0,,0,
2026-08-31T22:39:04Z,2026-09-01 00:39,0,,0,
2026-08-31T22:44:09Z,2026-09-01 00:44,0,,0,
2026-08-31T22:49:14Z,2026-09-01 00:49,0,,0,
2026-08-31T22:54:18Z,2026-09-01 00:54,0,,0,
2026-08-31T22:59:22Z,2026-09-01 00:59,0,,0,
2026-08-31T23:04:26Z,2026-09-01 01:04,0,,0,
2026-08-31T23:09:31Z,2026-09-01 01:09,0,,0,
2026-08-31T23:14:36Z,2026-09-01 01:14,0,,0,
2026-08-31T23:19:41Z,2026-09-01 01:19,0,,0,
2026-08-31T23:24:46Z,2026-09-01 01:24,0,,0,
2026-08-31T23:29:50Z,2026-09-01 01:29,0,,0,
2026-08-31T23:34:55Z,2026-09-01 01:34,0,,0,
2026-08-31T23:40:00Z,2026-09-01 01:40,0,,0,
2026-08-31T23:45:14Z,2026-09-01 01:45,0,,0,
2026-08-31T23:50:19Z,2026-09-01 01:50,0,,0,
2026-08-31T23:55:27Z,2026-09-01 01:55,0,,0,
2026-09-01T00:00:33Z,2026-09-01 02:00,0,,0,
2026-09-01T00:05:38Z,2026-09-01 02:05,0,,0,
2026-09-01T00:10:43Z,2026-09-01 02:10,0,,0,
2026-09-01T00:15:49Z,2026-09-01 02:15,0,,0,
2026-09-01T00:20:54Z,2026-09-01 02:20,0,,0,
2026-09-01T00:25:59Z,2026-09-01 02:25,0,,0,
2026-09-01T00:31:04Z,2026-09-01 02:31,0,,0,
2026-09-01T00:36:10Z,2026-09-01 02:36,0,,0,
2026-09-01T00:41:15Z,2026-09-01 02:41,0,,0,
2026-09-01T00:46:20Z,2026-09-01 02:46,0,,0,
2026-09-01T01:03:24Z,2026-09-01 03:03,0,,0,
2026-09-01T01:08:30Z,2026-09-01 03:08,0,,0,
2026-09-01T01:13:36Z,2026-09-01 03:13,0,,0,
2026-09-01T01:18:41Z,2026-09-01 03:18,0,,0,
2026-09-01T01:23:47Z,2026-09-01 03:23,0,,0,
2026-09-01T01:28:52Z,2026-09-01 03:28,0,,0,
2026-09-01T01:33:58Z,2026-09-01 03:33,0,,0,
2026-09-01T01:39:03Z,2026-09-01 03:39,0,,0,
2026-09-01T01:44:08Z,2026-09-01 03:44,0,,0,
2026-09-01T01:49:14Z,2026-09-01 03:49,0,,0,
2026-09-01T01:54:20Z,2026-09-01 03:54,0,,0,
2026-09-01T01:59:27Z,2026-09-01 03:59,0,,0,
2026-09-01T02:09:38Z,2026-09-01 04:09,0,,0,
2026-09-01T02:14:44Z,2026-09-01 04:14,0,,0,
2026-09-01T02:19:49Z,2026-09-01 04:19,0,,0,
2026-09-01T02:24:55Z,2026-09-01 04:24,0,,0,
2026-09-01T02:30:01Z,2026-09-01 04:30,0,,0,
2026-09-01T02:35:12Z,2026-09-01 04:35,0,,0,
2026-09-01T02:40:17Z,2026-09-01 04:40,0,,0,
2026-09-01T02:45:23Z,2026-09-01 04:45,0,,0,
2026-09-01T02:50:29Z,2026-09-01 04:50,0,,0,
2026-09-01T02:55:35Z,2026-09-01 04:55,0,,0,
2026-09-01T03:00:41Z,2026-09-01 05:00,0,,0,
2026-09-01T03:05:46Z,2026-09-01 05:05,0,,0,
2026-09-01T03:10:52Z,2026-09-01 05:10,0,,0,
2026-09-01T03:15:57Z,2026-09-01 05:15,0,,0,
2026-09-01T03:21:03Z,2026-09-01 05:21,0,,0,
2026-09-01T03:26:08Z,2026-09-01 05:26,0,,0,
2026-09-01T03:31:14Z,2026-09-01 05:31,0,,0,
2026-09-01T03:36:20Z,2026-09-01 05:36,0,,0,
2026-09-01T03:41:26Z,2026-09-01 05:41,0,,0,
2026-09-01T03:46:32Z,2026-09-01 05:46,0,,0,
2026-09-01T03:51:37Z,2026-09-01 05:51,0,,0,
2026-09-01T06:26:51Z,2026-09-01 08:26,0,,0,
2026-09-01T06:31:57Z,2026-09-01 08:31,0,,0,
2026-09-01T06:37:03Z,2026-09-01 08:37,0,,0,
2026-09-01T06:42:10Z,2026-09-01 08:42,0,,0,
2026-09-01T06:47:17Z,2026-09-01 08:47,0,,0,
2026-09-01T06:52:22Z,2026-09-01 08:52,0,,0,
2026-09-01T06:57:28Z,2026-09-01 08:57,0,,0,
2026-09-01T07:02:34Z,2026-09-01 09:02,0,,0,
2026-09-01T07:07:40Z,2026-09-01 09:07,0,,0,
2026-09-01T07:12:45Z,2026-09-01 09:12,0,,0,
2026-09-01T07:17:51Z,2026-09-01 09:17,0,,0,
2026-09-01T07:22:56Z,2026-09-01 09:22,0,,0,
2026-09-01T07:28:03Z,2026-09-01 09:28,0,,0,
2026-09-01T07:33:08Z,2026-09-01 09:33,0,,0,
2026-09-01T07:38:15Z,2026-09-01 09:38,0,,0,
2026-09-01T07:43:22Z,2026-09-01 09:43,0,,0,
2026-09-01T07:48:29Z,2026-09-01 09:48,0,,0,
2026-09-01T07:53:37Z,2026-09-01 09:53,0,,0,
2026-09-01T07:58:42Z,2026-09-01 09:58,0,,0,
2026-09-01T08:03:48Z,2026-09-01 10:03,10,1.0,0,
2026-09-01T08:08:54Z,2026-09-01 10:08,10,1.0,0,
2026-09-01T08:13:59Z,2026-09-01 10:13,10,1.0,0,
2026-09-01T08:19:05Z,2026-09-01 10:19,10,1.0,0,
2026-09-01T08:24:10Z,2026-09-01 10:24,15,,0,
2026-09-01T08:29:17Z,2026-09-01 10:29,15,,0,
2026-09-01T08:34:23Z,2026-09-01 10:34,15,,0,
2026-09-01T08:39:29Z,2026-09-01 10:39,15,,0,
2026-09-01T08:44:35Z,2026-09-01 10:44,15,,0,
2026-09-01T08:49:41Z,2026-09-01 10:49,15,,0,
2026-09-01T08:54:47Z,2026-09-01 10:54,20,,0,
2026-09-01T08:59:53Z,2026-09-01 10:59,20,,0,
2026-09-01T09:04:59Z,2026-09-01 11:04,20,,0,
2026-09-01T09:10:08Z,2026-09-01 11:10,20,,0,
2026-09-01T09:15:14Z,2026-09-01 11:15,20,,0,
2026-09-01T11:53:49Z,2026-09-01 13:53,40,4.0,20,2.0
2026-09-01T11:58:57Z,2026-09-01 13:58,30,3.0,20,2.0
2026-09-01T12:04:03Z,2026-09-01 14:04,30,3.0,20,2.0
2026-09-01T12:09:09Z,2026-09-01 14:09,30,3.0,20,2.0
2026-09-01T12:14:15Z,2026-09-01 14:14,30,3.0,20,2.0
2026-09-01T12:19:21Z,2026-09-01 14:19,30,3.0,20,2.0
2026-09-01T12:24:27Z,2026-09-01 14:24,30,3.0,20,2.0
2026-09-01T12:29:33Z,2026-09-01 14:29,30,3.0,20,2.0
2026-09-01T12:34:40Z,2026-09-01 14:34,30,3.0,20,2.0
2026-09-01T12:39:47Z,2026-09-01 14:39,30,3.0,20,2.0
2026-09-01T12:44:59Z,2026-09-01 14:44,30,3.0,20,2.0
2026-09-01T12:50:14Z,2026-09-01 14:50,30,3.0,20,2.0
2026-09-01T12:55:22Z,2026-09-01 14:55,30,3.0,20,2.0
2026-09-01T13:00:28Z,2026-09-01 15:00,30,3.0,20,2.0
2026-09-01T13:05:34Z,2026-09-01 15:05,30,3.0,20,2.0
2026-09-01T13:10:40Z,2026-09-01 15:10,30,3.0,20,2.0
2026-09-01T13:15:46Z,2026-09-01 15:15,30,3.0,20,2.0
2026-09-01T13:20:52Z,2026-09-01 15:20,30,3.0,20,2.0
2026-09-01T13:31:04Z,2026-09-01 15:31,30,3.0,20,2.0
2026-09-01T13:36:10Z,2026-09-01 15:36,30,3.0,20,2.0
2026-09-01T13:41:17Z,2026-09-01 15:41,20,2.0,20,2.0
2026-09-01T13:46:23Z,2026-09-01 15:46,20,2.0,20,2.0
2026-09-01T13:51:31Z,2026-09-01 15:51,20,2.0,20,2.0
2026-09-01T13:56:37Z,2026-09-01 15:56,20,2.0,20,2.0
2026-09-01T14:01:44Z,2026-09-01 16:01,20,2.0,20,2.0
2026-09-01T14:06:51Z,2026-09-01 16:06,10,1.0,20,2.0
2026-09-01T14:11:57Z,2026-09-01 16:11,10,1.0,20,2.0
2026-09-01T14:17:03Z,2026-09-01 16:17,10,1.0,20,2.0
2026-09-01T14:22:10Z,2026-09-01 16:22,10,1.0,20,2.0
2026-09-01T14:27:16Z,2026-09-01 16:27,10,1.0,20,2.0
2026-09-01T14:32:23Z,2026-09-01 16:32,0,,20,2.0
2026-09-01T14:37:29Z,2026-09-01 16:37,0,,20,2.0
2026-09-01T14:42:35Z,2026-09-01 16:42,0,,20,2.0
2026-09-01T15:54:34Z,2026-09-01 17:54,0,,10,1.0
2026-09-01T15:59:41Z,2026-09-01 17:59,0,,10,1.0
2026-09-01T16:04:47Z,2026-09-01 18:04,0,,10,1.0
2026-09-01T16:09:52Z,2026-09-01 18:09,0,,10,1.0
2026-09-01T16:14:58Z,2026-09-01 18:14,0,,10,1.0
2026-09-01T16:20:06Z,2026-09-01 18:20,0,,10,1.0
2026-09-01T16:25:12Z,2026-09-01 18:25,0,,0,
2026-09-01T16:30:22Z,2026-09-01 18:30,0,,0,
2026-09-01T16:35:28Z,2026-09-01 18:35,0,,0,
2026-09-01T16:40:34Z,2026-09-01 18:40,0,,0,
2026-09-01T16:45:40Z,2026-09-01 18:45,0,,0,
2026-09-01T16:50:46Z,2026-09-01 18:50,0,,0,
2026-09-01T16:55:52Z,2026-09-01 18:55,0,,0,
2026-09-01T17:00:58Z,2026-09-01 19:00,0,,0,
2026-09-01T17:06:04Z,2026-09-01 19:06,0,,0,
2026-09-01T17:11:10Z,2026-09-01 19:11,0,,0,
2026-09-01T17:16:16Z,2026-09-01 19:16,0,,0,
2026-09-01T17:21:23Z,2026-09-01 19:21,0,,0,
2026-09-01T17:26:29Z,2026-09-01 19:26,0,,0,
2026-09-01T17:31:35Z,2026-09-01 19:31,0,,0,
2026-09-01T17:36:40Z,2026-09-01 19:36,0,,0,
2026-09-01T17:41:46Z,2026-09-01 19:41,0,,0,
2026-09-01T17:46:54Z,2026-09-01 19:46,0,,0,
2026-09-01T17:51:59Z,2026-09-01 19:51,0,,0,
2026-09-01T17:57:06Z,2026-09-01 19:57,0,,0,
2026-09-01T18:02:14Z,2026-09-01 20:02,0,,0,
2026-09-01T18:07:20Z,2026-09-01 20:07,0,,0,
2026-09-01T18:12:25Z,2026-09-01 20:12,0,,0,
2026-09-01T18:17:31Z,2026-09-01 20:17,0,,0,
2026-09-01T18:22:37Z,2026-09-01 20:22,0,,0,
2026-09-01T18:27:42Z,2026-09-01 20:27,0,,0,
2026-09-01T18:32:48Z,2026-09-01 20:32,0,,0,
2026-09-01T18:37:54Z,2026-09-01 20:37,0,,0,
2026-09-01T18:42:59Z,2026-09-01 20:42,0,,0,
2026-09-01T19:07:51Z,2026-09-01 21:07,0,,0,
2026-09-01T19:12:57Z,2026-09-01 21:12,0,,0,
2026-09-01T19:18:05Z,2026-09-01 21:18,0,,0,
2026-09-01T19:23:11Z,2026-09-01 21:23,0,,0,
2026-09-01T19:28:18Z,2026-09-01 21:28,0,,0,
2026-09-01T19:33:24Z,2026-09-01 21:33,0,,0,
2026-09-01T19:38:30Z,2026-09-01 21:38,0,,0,
2026-09-01T19:43:37Z,2026-09-01 21:43,0,,0,
2026-09-01T19:48:43Z,2026-09-01 21:48,0,,0,
2026-09-01T19:53:50Z,2026-09-01 21:53,0,,0,
2026-09-01T19:58:56Z,2026-09-01 21:58,0,,0,
2026-09-01T20:04:02Z,2026-09-01 22:04,0,,0,
2026-09-01T20:14:14Z,2026-09-01 22:14,0,,0,
2026-09-01T20:19:21Z,2026-09-01 22:19,0,,0,
2026-09-01T20:24:27Z,2026-09-01 22:24,0,,0,
2026-09-01T20:29:33Z,2026-09-01 22:29,0,,0,
2026-09-01T20:34:39Z,2026-09-01 22:34,0,,0,
2026-09-01T20:39:45Z,2026-09-01 22:39,0,,0,
2026-09-01T20:44:51Z,2026-09-01 22:44,0,,0,
2026-09-01T20:49:57Z,2026-09-01 22:49,0,,0,
2026-09-01T20:55:04Z,2026-09-01 22:55,0,,0,
2026-09-01T21:00:20Z,2026-09-01 23:00,0,,0,
2026-09-01T21:05:27Z,2026-09-01 23:05,0,,0,
2026-09-01T21:10:34Z,2026-09-01 23:10,0,,0,
2026-09-01T21:15:41Z,2026-09-01 23:15,0,,0,
2026-09-01T21:20:47Z,2026-09-01 23:20,0,,0,
2026-09-01T21:25:52Z,2026-09-01 23:25,0,,0,
2026-09-01T21:30:58Z,2026-09-01 23:30,0,,0,
2026-09-01T21:36:06Z,2026-09-01 23:36,0,,0,
2026-09-01T21:41:12Z,2026-09-01 23:41,0,,0,
2026-09-01T21:46:18Z,2026-09-01 23:46,0,,0,
2026-09-01T21:51:25Z,2026-09-01 23:51,0,,0,
2026-09-01T21:56:31Z,2026-09-01 23:56,0,,0,
2026-09-01T21:56:44Z,2026-09-01 23:56,0,,0,
2026-09-01T22:01:49Z,2026-09-02 00:01,0,,0,
2026-09-01T22:06:55Z,2026-09-02 00:06,0,,0,
2026-09-01T22:12:00Z,2026-09-02 00:12,0,,0,
2026-09-01T22:17:05Z,2026-09-02 00:17,0,,0,
2026-09-01T22:22:12Z,2026-09-02 00:22,0,,0,
2026-09-01T22:27:18Z,2026-09-02 00:27,0,,0,
2026-09-01T22:32:23Z,2026-09-02 00:32,0,,0,
2026-09-01T22:37:28Z,2026-09-02 00:37,0,,0,
2026-09-01T22:42:33Z,2026-09-02 00:42,0,,0,
2026-09-01T22:47:37Z,2026-09-02 00:47,0,,0,
2026-09-01T22:52:42Z,2026-09-02 00:52,0,,0,
2026-09-01T22:57:46Z,2026-09-02 00:57,0,,0,
2026-09-01T23:02:51Z,2026-09-02 01:02,0,,0,
2026-09-01T23:07:55Z,2026-09-02 01:07,0,,0,
2026-09-01T23:13:01Z,2026-09-02 01:13,0,,0,
2026-09-01T23:18:08Z,2026-09-02 01:18,0,,0,
2026-09-01T23:23:13Z,2026-09-02 01:23,0,,0,
2026-09-01T23:28:18Z,2026-09-02 01:28,0,,0,
2026-09-01T23:33:23Z,2026-09-02 01:33,0,,0,
2026-09-01T23:38:27Z,2026-09-02 01:38,0,,0,
2026-09-01T23:43:32Z,2026-09-02 01:43,0,,0,
2026-09-01T23:48:37Z,2026-09-02 01:48,0,,0,
2026-09-01T23:53:42Z,2026-09-02 01:53,0,,0,
2026-09-01T23:58:46Z,2026-09-02 01:58,0,,0,
2026-09-02T00:03:52Z,2026-09-02 02:03,0,,0,
2026-09-02T00:08:57Z,2026-09-02 02:08,0,,0,
2026-09-02T00:14:02Z,2026-09-02 02:14,0,,0,
2026-09-02T00:19:07Z,2026-09-02 02:19,0,,0,
2026-09-02T00:24:12Z,2026-09-02 02:24,0,,0,
2026-09-02T00:29:17Z,2026-09-02 02:29,0,,0,
2026-09-02T00:34:22Z,2026-09-02 02:34,0,,0,
2026-09-02T00:39:26Z,2026-09-02 02:39,0,,0,
2026-09-02T00:44:32Z,2026-09-02 02:44,0,,0,
2026-09-02T00:44:43Z,2026-09-02 02:44,0,,0,
2026-09-02T00:49:47Z,2026-09-02 02:49,0,,0,
2026-09-02T00:54:52Z,2026-09-02 02:54,0,,0,
2026-09-02T00:59:56Z,2026-09-02 02:59,0,,0,
2026-09-02T01:05:01Z,2026-09-02 03:05,0,,0,
2026-09-02T01:10:17Z,2026-09-02 03:10,0,,0,
2026-09-02T01:15:22Z,2026-09-02 03:15,0,,0,
2026-09-02T01:20:27Z,2026-09-02 03:20,0,,0,
2026-09-02T01:25:32Z,2026-09-02 03:25,0,,0,
2026-09-02T01:30:36Z,2026-09-02 03:30,0,,0,
2026-09-02T01:35:41Z,2026-09-02 03:35,0,,0,
2026-09-02T01:40:46Z,2026-09-02 03:40,0,,0,
2026-09-02T01:45:51Z,2026-09-02 03:45,0,,0,
2026-09-02T01:50:58Z,2026-09-02 03:50,0,,0,
2026-09-02T01:56:03Z,2026-09-02 03:56,0,,0,
2026-09-02T02:01:08Z,2026-09-02 04:01,0,,0,
2026-09-02T02:06:12Z,2026-09-02 04:06,0,,0,
2026-09-02T02:11:18Z,2026-09-02 04:11,0,,0,
2026-09-02T02:16:23Z,2026-09-02 04:16,0,,0,
2026-09-02T02:21:28Z,2026-09-02 04:21,0,,0,
2026-09-02T02:26:33Z,2026-09-02 04:26,0,,0,
2026-09-02T02:31:38Z,2026-09-02 04:31,0,,0,
2026-09-02T02:36:43Z,2026-09-02 04:36,0,,0,
2026-09-02T02:41:48Z,2026-09-02 04:41,0,,0,
2026-09-02T02:46:53Z,2026-09-02 04:46,0,,0,
2026-09-02T02:51:57Z,2026-09-02 04:51,0,,0,
2026-09-02T02:57:02Z,2026-09-02 04:57,0,,0,
2026-09-02T03:02:07Z,2026-09-02 05:02,0,,0,
2026-09-02T03:07:12Z,2026-09-02 05:07,0,,0,
2026-09-02T03:12:17Z,2026-09-02 05:12,0,,0,
2026-09-02T03:17:23Z,2026-09-02 05:17,0,,0,
2026-09-02T03:22:27Z,2026-09-02 05:22,0,,0,
2026-09-02T03:27:33Z,2026-09-02 05:27,0,,0,
2026-09-02T03:32:37Z,2026-09-02 05:32,0,,0,
2026-09-02T03:32:52Z,2026-09-02 05:32,0,,0,
2026-09-02T03:37:58Z,2026-09-02 05:37,0,,0,
2026-09-02T03:43:04Z,2026-09-02 05:43,0,,0,
2026-09-02T03:48:10Z,2026-09-02 05:48,0,,0,
2026-09-02T03:53:16Z,2026-09-02 05:53,0,,0,
2026-09-02T03:58:22Z,2026-09-02 05:58,0,,0,
2026-09-02T04:03:27Z,2026-09-02 06:03,0,,0,
2026-09-02T04:08:34Z,2026-09-02 06:08,0,,0,
2026-09-02T04:13:40Z,2026-09-02 06:13,0,,0,
2026-09-02T04:18:46Z,2026-09-02 06:18,0,,0,
2026-09-02T04:23:51Z,2026-09-02 06:23,0,,0,
2026-09-02T04:28:57Z,2026-09-02 06:28,0,,0,
2026-09-02T04:34:03Z,2026-09-02 06:34,0,,0,
2026-09-02T04:39:08Z,2026-09-02 06:39,0,,0,
2026-09-02T04:44:14Z,2026-09-02 06:44,0,,0,
2026-09-02T04:49:21Z,2026-09-02 06:49,0,,0,
2026-09-02T04:54:26Z,2026-09-02 06:54,0,,0,
2026-09-02T04:59:33Z,2026-09-02 06:59,0,,0,
2026-09-02T05:04:39Z,2026-09-02 07:04,0,,0,
2026-09-02T05:09:45Z,2026-09-02 07:09,0,,0,
2026-09-02T05:14:51Z,2026-09-02 07:14,0,,0,
2026-09-02T05:19:57Z,2026-09-02 07:19,0,,0,
2026-09-02T05:25:03Z,2026-09-02 07:25,0,,0,
2026-09-02T05:30:28Z,2026-09-02 07:30,0,,0,
2026-09-02T05:35:34Z,2026-09-02 07:35,0,,0,
2026-09-02T05:40:39Z,2026-09-02 07:40,0,,0,
2026-09-02T05:45:46Z,2026-09-02 07:45,0,,0,
2026-09-02T05:50:52Z,2026-09-02 07:50,0,,0,
2026-09-02T05:55:58Z,2026-09-02 07:55,0,,0,
2026-09-02T06:01:04Z,2026-09-02 08:01,0,,0,
2026-09-02T06:06:13Z,2026-09-02 08:06,0,,0,
2026-09-02T06:11:19Z,2026-09-02 08:11,0,,0,
2026-09-02T06:16:27Z,2026-09-02 08:16,0,,0,
2026-09-02T06:21:33Z,2026-09-02 08:21,0,,0,
2026-09-02T07:13:45Z,2026-09-02 09:13,0,,0,
2026-09-02T07:18:56Z,2026-09-02 09:18,0,,0,
2026-09-02T07:24:01Z,2026-09-02 09:24,0,,0,
2026-09-02T07:29:07Z,2026-09-02 09:29,0,,0,
2026-09-02T07:34:13Z,2026-09-02 09:34,0,,0,
2026-09-02T07:39:19Z,2026-09-02 09:39,0,,0,
2026-09-02T07:44:26Z,2026-09-02 09:44,0,,0,
2026-09-02T07:49:32Z,2026-09-02 09:49,0,,0,
2026-09-02T07:54:37Z,2026-09-02 09:54,0,,0,
2026-09-02T07:59:42Z,2026-09-02 09:59,0,,0,
2026-09-02T08:04:48Z,2026-09-02 10:04,0,,0,
2026-09-02T08:09:53Z,2026-09-02 10:09,0,,0,
2026-09-02T08:14:59Z,2026-09-02 10:14,0,,0,
2026-09-02T08:20:10Z,2026-09-02 10:20,0,,0,
2026-09-02T08:25:15Z,2026-09-02 10:25,0,,0,
2026-09-02T08:30:24Z,2026-09-02 10:30,0,,0,
2026-09-02T08:35:29Z,2026-09-02 10:35,0,,0,
2026-09-02T08:40:34Z,2026-09-02 10:40,0,,0,
2026-09-02T08:45:40Z,2026-09-02 10:45,0,,0,
2026-09-02T08:50:45Z,2026-09-02 10:50,0,,0,
2026-09-02T08:55:50Z,2026-09-02 10:55,0,,0,
2026-09-02T09:00:56Z,2026-09-02 11:00,10,1.0,0,
2026-09-02T09:11:06Z,2026-09-02 11:11,20,2.0,0,
2026-09-02T09:16:13Z,2026-09-02 11:16,20,2.0,0,
2026-09-02T09:21:19Z,2026-09-02 11:21,20,2.0,0,
2026-09-02T09:26:26Z,2026-09-02 11:26,20,2.0,0,
2026-09-02T09:31:32Z,2026-09-02 11:31,20,2.0,0,
2026-09-02T09:36:37Z,2026-09-02 11:36,20,2.0,0,
2026-09-02T09:41:42Z,2026-09-02 11:41,20,2.0,0,
2026-09-02T09:46:48Z,2026-09-02 11:46,20,2.0,0,
2026-09-02T09:51:53Z,2026-09-02 11:51,20,2.0,0,
2026-09-02T09:56:58Z,2026-09-02 11:56,20,2.0,10,1.0
2026-09-02T10:02:06Z,2026-09-02 12:02,20,2.0,10,1.0
2026-09-02T12:12:27Z,2026-09-02 14:12,40,4.0,10,1.0
2026-09-02T12:17:33Z,2026-09-02 14:17,40,4.0,10,1.0
2026-09-02T12:22:39Z,2026-09-02 14:22,40,4.0,10,1.0
2026-09-02T12:27:45Z,2026-09-02 14:27,30,3.0,10,1.0
2026-09-02T12:32:51Z,2026-09-02 14:32,30,3.0,10,1.0
2026-09-02T12:37:57Z,2026-09-02 14:37,30,3.0,10,1.0
2026-09-02T12:43:03Z,2026-09-02 14:43,30,3.0,10,1.0
2026-09-02T12:48:09Z,2026-09-02 14:48,30,3.0,10,1.0
2026-09-02T12:53:16Z,2026-09-02 14:53,30,3.0,10,1.0
2026-09-02T12:58:22Z,2026-09-02 14:58,30,3.0,10,1.0
2026-09-02T13:03:27Z,2026-09-02 15:03,30,3.0,10,1.0
2026-09-02T13:08:33Z,2026-09-02 15:08,30,3.0,10,1.0
2026-09-02T13:13:40Z,2026-09-02 15:13,20,2.0,10,1.0
2026-09-02T13:18:46Z,2026-09-02 15:18,20,2.0,10,1.0
2026-09-02T13:23:52Z,2026-09-02 15:23,20,2.0,10,1.0
2026-09-02T13:28:58Z,2026-09-02 15:28,20,2.0,10,1.0
2026-09-02T13:34:05Z,2026-09-02 15:34,10,1.0,10,1.0
2026-09-02T13:39:11Z,2026-09-02 15:39,10,1.0,10,1.0
2026-09-02T13:44:18Z,2026-09-02 15:44,10,1.0,10,1.0
2026-09-02T13:49:24Z,2026-09-02 15:49,10,1.0,10,1.0
2026-09-02T13:54:30Z,2026-09-02 15:54,10,1.0,10,1.0
2026-09-02T13:59:36Z,2026-09-02 15:59,10,1.0,10,1.0
2026-09-02T14:04:44Z,2026-09-02 16:04,10,1.0,10,1.0
2026-09-02T14:09:50Z,2026-09-02 16:09,0,,10,1.0
2026-09-02T14:14:56Z,2026-09-02 16:14,0,,10,1.0
2026-09-02T14:20:02Z,2026-09-02 16:20,0,,10,1.0
2026-09-02T14:25:12Z,2026-09-02 16:25,0,,10,1.0
2026-09-02T14:30:22Z,2026-09-02 16:30,0,,10,1.0
2026-09-02T14:35:29Z,2026-09-02 16:35,0,,10,1.0
2026-09-02T14:40:40Z,2026-09-02 16:40,0,,10,1.0
2026-09-02T14:45:45Z,2026-09-02 16:45,0,,10,1.0
2026-09-02T14:50:51Z,2026-09-02 16:50,0,,10,1.0
2026-09-02T14:55:57Z,2026-09-02 16:55,0,,10,1.0
2026-09-02T15:01:05Z,2026-09-02 17:01,0,,10,1.0
2026-09-02T16:45:07Z,2026-09-02 18:45,0,,0,
2026-09-02T16:50:18Z,2026-09-02 18:50,0,,0,
2026-09-02T16:55:23Z,2026-09-02 18:55,0,,0,
2026-09-02T17:00:29Z,2026-09-02 19:00,0,,0,
2026-09-02T17:05:34Z,2026-09-02 19:05,0,,0,
2026-09-02T17:10:40Z,2026-09-02 19:10,0,,0,
2026-09-02T17:15:47Z,2026-09-02 19:15,0,,0,
2026-09-02T17:20:53Z,2026-09-02 19:20,0,,0,
2026-09-02T17:26:00Z,2026-09-02 19:26,0,,0,
2026-09-02T17:31:05Z,2026-09-02 19:31,0,,0,
2026-09-02T17:36:13Z,2026-09-02 19:36,0,,0,
2026-09-02T17:41:18Z,2026-09-02 19:41,0,,0,
2026-09-02T17:46:24Z,2026-09-02 19:46,0,,0,
2026-09-02T17:51:29Z,2026-09-02 19:51,0,,0,
2026-09-02T17:56:35Z,2026-09-02 19:56,0,,0,
2026-09-02T18:01:40Z,2026-09-02 20:01,0,,0,
2026-09-02T18:06:46Z,2026-09-02 20:06,0,,0,
2026-09-02T18:11:51Z,2026-09-02 20:11,0,,0,
2026-09-02T18:16:57Z,2026-09-02 20:16,0,,0,
2026-09-02T18:22:06Z,2026-09-02 20:22,0,,0,
2026-09-02T18:27:12Z,2026-09-02 20:27,0,,0,
2026-09-02T18:32:17Z,2026-09-02 20:32,0,,0,
2026-09-02T18:37:23Z,2026-09-02 20:37,0,,0,
2026-09-02T18:42:28Z,2026-09-02 20:42,0,,0,
2026-09-02T18:47:33Z,2026-09-02 20:47,0,,0,
2026-09-02T18:52:38Z,2026-09-02 20:52,0,,0,
2026-09-02T18:57:44Z,2026-09-02 20:57,0,,0,
2026-09-02T19:02:52Z,2026-09-02 21:02,0,,0,
2026-09-02T19:07:57Z,2026-09-02 21:07,0,,0,
2026-09-02T19:13:02Z,2026-09-02 21:13,0,,0,
2026-09-02T19:18:09Z,2026-09-02 21:18,0,,0,
2026-09-02T19:23:14Z,2026-09-02 21:23,0,,0,
2026-09-02T19:28:19Z,2026-09-02 21:28,0,,0,
2026-09-02T19:33:24Z,2026-09-02 21:33,0,,0,
2026-09-02T19:35:28Z,2026-09-02 21:35,0,,0,
2026-09-02T19:40:34Z,2026-09-02 21:40,0,,0,
2026-09-02T19:45:39Z,2026-09-02 21:45,0,,0,
2026-09-02T19:50:45Z,2026-09-02 21:50,0,,0,
2026-09-02T19:55:50Z,2026-09-02 21:55,0,,0,
2026-09-02T20:00:55Z,2026-09-02 22:00,0,,0,
2026-09-02T20:06:03Z,2026-09-02 22:06,0,,0,
2026-09-02T20:11:08Z,2026-09-02 22:11,0,,0,
2026-09-02T20:16:15Z,2026-09-02 22:16,0,,0,
2026-09-02T20:21:20Z,2026-09-02 22:21,0,,0,
2026-09-02T20:26:26Z,2026-09-02 22:26,0,,0,
2026-09-02T20:31:32Z,2026-09-02 22:31,0,,0,
2026-09-02T20:36:37Z,2026-09-02 22:36,0,,0,
2026-09-02T20:41:42Z,2026-09-02 22:41,0,,0,
2026-09-02T20:46:47Z,2026-09-02 22:46,0,,0,
2026-09-02T20:51:53Z,2026-09-02 22:51,0,,0,
2026-09-02T20:56:58Z,2026-09-02 22:56,0,,0,
2026-09-02T21:02:05Z,2026-09-02 23:02,0,,0,
2026-09-02T21:07:11Z,2026-09-02 23:07,0,,0,
2026-09-02T21:12:17Z,2026-09-02 23:12,0,,0,
2026-09-02T21:17:22Z,2026-09-02 23:17,0,,0,
2026-09-02T21:22:27Z,2026-09-02 23:22,0,,0,
2026-09-02T21:27:33Z,2026-09-02 23:27,0,,0,
2026-09-02T21:32:38Z,2026-09-02 23:32,0,,0,
2026-09-02T21:37:43Z,2026-09-02 23:37,0,,0,
2026-09-02T21:42:48Z,2026-09-02 23:42,0,,0,
2026-09-02T21:47:53Z,2026-09-02 23:47,0,,0,
2026-09-02T21:52:59Z,2026-09-02 23:52,0,,0,
2026-09-02T21:58:04Z,2026-09-02 23:58,0,,0,
2026-09-02T22:03:09Z,2026-09-03 00:03,0,,0,
2026-09-02T22:08:14Z,2026-09-03 00:08,0,,0,
2026-09-02T22:13:20Z,2026-09-03 00:13,0,,0,
2026-09-02T22:18:26Z,2026-09-03 00:18,0,,0,
2026-09-02T22:23:31Z,2026-09-03 00:23,0,,0,
2026-09-02T22:23:45Z,2026-09-03 00:23,0,,0,
2026-09-02T22:28:52Z,2026-09-03 00:28,0,,0,
2026-09-02T22:33:58Z,2026-09-03 00:33,0,,0,
2026-09-02T22:39:03Z,2026-09-03 00:39,0,,0,
2026-09-02T22:44:09Z,2026-09-03 00:44,0,,0,
2026-09-02T22:49:15Z,2026-09-03 00:49,0,,0,
2026-09-02T22:54:21Z,2026-09-03 00:54,0,,0,
2026-09-02T22:59:26Z,2026-09-03 00:59,0,,0,
2026-09-02T23:04:32Z,2026-09-03 01:04,0,,0,
2026-09-02T23:09:38Z,2026-09-03 01:09,0,,0,
2026-09-02T23:14:43Z,2026-09-03 01:14,0,,0,
2026-09-02T23:19:49Z,2026-09-03 01:19,0,,0,
2026-09-02T23:24:54Z,2026-09-03 01:24,0,,0,
2026-09-02T23:30:01Z,2026-09-03 01:30,0,,0,
2026-09-02T23:35:11Z,2026-09-03 01:35,0,,0,
2026-09-02T23:40:17Z,2026-09-03 01:40,0,,0,
2026-09-02T23:45:23Z,2026-09-03 01:45,0,,0,
2026-09-02T23:50:29Z,2026-09-03 01:50,0,,0,
2026-09-02T23:55:35Z,2026-09-03 01:55,0,,0,
2026-09-03T00:00:41Z,2026-09-03 02:00,0,,0,
2026-09-03T00:05:47Z,2026-09-03 02:05,0,,0,
2026-09-03T00:10:54Z,2026-09-03 02:10,0,,0,
2026-09-03T00:15:59Z,2026-09-03 02:15,0,,0,
2026-09-03T00:21:05Z,2026-09-03 02:21,0,,0,
2026-09-03T00:26:11Z,2026-09-03 02:26,0,,0,
2026-09-03T00:31:17Z,2026-09-03 02:31,0,,0,
2026-09-03T00:36:23Z,2026-09-03 02:36,0,,0,
2026-09-03T00:41:28Z,2026-09-03 02:41,0,,0,
2026-09-03T00:46:35Z,2026-09-03 02:46,0,,0,
2026-09-03T00:51:41Z,2026-09-03 02:51,0,,0,
2026-09-03T00:56:47Z,2026-09-03 02:56,0,,0,
2026-09-03T01:01:53Z,2026-09-03 03:01,0,,0,
2026-09-03T01:07:00Z,2026-09-03 03:07,0,,0,
2026-09-03T01:12:06Z,2026-09-03 03:12,0,,0,
2026-09-03T01:12:23Z,2026-09-03 03:12,0,,0,
2026-09-03T01:17:29Z,2026-09-03 03:17,0,,0,
2026-09-03T01:22:35Z,2026-09-03 03:22,0,,0,
2026-09-03T01:27:41Z,2026-09-03 03:27,0,,0,
2026-09-03T01:32:46Z,2026-09-03 03:32,0,,0,
2026-09-03T01:37:53Z,2026-09-03 03:37,0,,0,
2026-09-03T01:42:58Z,2026-09-03 03:42,0,,0,
2026-09-03T01:48:05Z,2026-09-03 03:48,0,,0,
2026-09-03T01:53:12Z,2026-09-03 03:53,0,,0,
2026-09-03T01:58:18Z,2026-09-03 03:58,0,,0,
2026-09-03T02:03:24Z,2026-09-03 04:03,0,,0,
2026-09-03T02:08:30Z,2026-09-03 04:08,0,,0,
2026-09-03T02:13:39Z,2026-09-03 04:13,0,,0,
2026-09-03T02:18:45Z,2026-09-03 04:18,0,,0,
2026-09-03T02:23:51Z,2026-09-03 04:23,0,,0,
2026-09-03T02:28:57Z,2026-09-03 04:28,0,,0,
2026-09-03T02:34:03Z,2026-09-03 04:34,0,,0,
2026-09-03T02:39:08Z,2026-09-03 04:39,0,,0,
2026-09-03T02:44:14Z,2026-09-03 04:44,0,,0,
2026-09-03T02:49:22Z,2026-09-03 04:49,0,,0,
2026-09-03T02:54:28Z,2026-09-03 04:54,0,,0,
2026-09-03T02:59:33Z,2026-09-03 04:59,0,,0,
2026-09-03T03:04:39Z,2026-09-03 05:04,0,,0,
2026-09-03T03:09:45Z,2026-09-03 05:09,0,,0,
2026-09-03T03:14:51Z,2026-09-03 05:14,0,,0,
2026-09-03T03:19:57Z,2026-09-03 05:19,0,,0,
2026-09-03T03:25:03Z,2026-09-03 05:25,0,,0,
2026-09-03T03:30:16Z,2026-09-03 05:30,0,,0,
2026-09-03T03:35:27Z,2026-09-03 05:35,0,,0,
2026-09-03T03:40:33Z,2026-09-03 05:40,0,,0,
2026-09-03T03:45:39Z,2026-09-03 05:45,0,,0,
2026-09-03T03:50:45Z,2026-09-03 05:50,0,,0,
2026-09-03T03:55:51Z,2026-09-03 05:55,0,,0,
2026-09-03T04:00:57Z,2026-09-03 06:00,0,,0,
2026-09-03T04:51:25Z,2026-09-03 06:51,0,,0,
2026-09-03T04:56:30Z,2026-09-03 06:56,0,,0,
2026-09-03T05:01:34Z,2026-09-03 07:01,0,,0,
2026-09-03T05:06:39Z,2026-09-03 07:06,0,,0,
2026-09-03T05:11:44Z,2026-09-03 07:11,0,,0,
2026-09-03T05:16:49Z,2026-09-03 07:16,0,,0,
2026-09-03T05:21:54Z,2026-09-03 07:21,0,,0,
2026-09-03T05:26:59Z,2026-09-03 07:26,0,,0,
2026-09-03T05:32:04Z,2026-09-03 07:32,0,,0,
2026-09-03T05:37:09Z,2026-09-03 07:37,0,,0,
2026-09-03T05:42:14Z,2026-09-03 07:42,0,,0,
2026-09-03T05:47:20Z,2026-09-03 07:47,0,,0,
2026-09-03T05:52:25Z,2026-09-03 07:52,0,,0,
2026-09-03T05:57:30Z,2026-09-03 07:57,0,,0,
2026-09-03T06:02:35Z,2026-09-03 08:02,0,,0,
2026-09-03T06:07:40Z,2026-09-03 08:07,0,,0,
2026-09-03T06:12:45Z,2026-09-03 08:12,0,,0,
2026-09-03T06:17:50Z,2026-09-03 08:17,0,,0,
2026-09-03T06:22:55Z,2026-09-03 08:22,0,,0,
2026-09-03T06:28:00Z,2026-09-03 08:28,0,,0,
2026-09-03T06:33:05Z,2026-09-03 08:33,0,,0,
2026-09-03T06:38:11Z,2026-09-03 08:38,0,,0,
2026-09-03T06:43:16Z,2026-09-03 08:43,0,,0,
2026-09-03T06:48:21Z,2026-09-03 08:48,0,,0,
2026-09-03T06:53:26Z,2026-09-03 08:53,0,,0,
2026-09-03T06:58:31Z,2026-09-03 08:58,0,,0,
2026-09-03T07:03:37Z,2026-09-03 09:03,0,,0,
2026-09-03T07:08:42Z,2026-09-03 09:08,0,,0,
2026-09-03T07:13:48Z,2026-09-03 09:13,0,,0,
2026-09-03T07:18:53Z,2026-09-03 09:18,0,,0,
2026-09-03T07:23:58Z,2026-09-03 09:23,0,,0,
2026-09-03T07:29:03Z,2026-09-03 09:29,0,,0,
2026-09-03T07:34:10Z,2026-09-03 09:34,0,,0,
2026-09-03T07:39:14Z,2026-09-03 09:39,0,,0,
2026-09-03T09:22:37Z,2026-09-03 11:22,30,3.0,10,1.0
2026-09-03T09:27:43Z,2026-09-03 11:27,30,3.0,10,1.0
2026-09-03T09:32:48Z,2026-09-03 11:32,30,3.0,10,1.0
2026-09-03T09:37:53Z,2026-09-03 11:37,30,3.0,20,2.0
2026-09-03T09:42:58Z,2026-09-03 11:42,30,3.0,20,2.0
2026-09-03T09:48:05Z,2026-09-03 11:48,40,4.0,20,2.0
2026-09-03T09:53:10Z,2026-09-03 11:53,40,4.0,30,3.0
2026-09-03T09:58:16Z,2026-09-03 11:58,40,4.0,30,3.0
2026-09-03T10:03:21Z,2026-09-03 12:03,40,4.0,30,3.0
2026-09-03T10:08:26Z,2026-09-03 12:08,40,4.0,40,4.0
2026-09-03T10:13:32Z,2026-09-03 12:13,40,4.0,40,4.0
2026-09-03T10:18:36Z,2026-09-03 12:18,40,4.0,40,4.0
2026-09-03T10:23:41Z,2026-09-03 12:23,50,5.0,40,4.0
2026-09-03T10:28:46Z,2026-09-03 12:28,50,5.0,40,4.0
2026-09-03T10:33:51Z,2026-09-03 12:33,50,5.0,40,4.0
2026-09-03T10:38:56Z,2026-09-03 12:38,50,5.0,40,4.0
2026-09-03T10:44:01Z,2026-09-03 12:44,50,5.0,40,4.0
2026-09-03T10:49:06Z,2026-09-03 12:49,50,5.0,40,4.0
2026-09-03T10:54:11Z,2026-09-03 12:54,50,5.0,40,4.0
2026-09-03T10:59:16Z,2026-09-03 12:59,50,5.0,40,4.0
2026-09-03T11:04:24Z,2026-09-03 13:04,50,5.0,40,4.0
2026-09-03T11:09:29Z,2026-09-03 13:09,50,5.0,40,4.0
2026-09-03T11:14:34Z,2026-09-03 13:14,50,5.0,40,4.0
2026-09-03T11:19:39Z,2026-09-03 13:19,50,5.0,40,4.0
2026-09-03T11:24:44Z,2026-09-03 13:24,50,5.0,40,4.0
2026-09-03T11:29:49Z,2026-09-03 13:29,50,5.0,40,4.0
2026-09-03T11:34:55Z,2026-09-03 13:34,50,5.0,40,4.0
2026-09-03T11:40:00Z,2026-09-03 13:40,50,5.0,40,4.0
2026-09-03T11:45:17Z,2026-09-03 13:45,50,5.0,40,4.0
2026-09-03T11:50:22Z,2026-09-03 13:50,50,5.0,40,4.0
2026-09-03T11:55:29Z,2026-09-03 13:55,50,5.0,40,4.0
2026-09-03T12:00:34Z,2026-09-03 14:00,50,5.0,40,4.0
2026-09-03T12:05:39Z,2026-09-03 14:05,50,5.0,40,4.0
2026-09-03T12:10:44Z,2026-09-03 14:10,50,5.0,40,4.0
2026-09-03T13:43:27Z,2026-09-03 15:43,50,5.0,30,3.0
2026-09-03T13:48:35Z,2026-09-03 15:48,50,5.0,30,3.0
2026-09-03T13:53:44Z,2026-09-03 15:53,50,5.0,30,3.0
2026-09-03T13:58:49Z,2026-09-03 15:58,50,5.0,30,3.0
2026-09-03T14:03:54Z,2026-09-03 16:03,40,4.0,30,3.0
2026-09-03T14:09:00Z,2026-09-03 16:09,40,4.0,30,3.0
2026-09-03T14:14:06Z,2026-09-03 16:14,40,4.0,30,3.0
2026-09-03T14:19:11Z,2026-09-03 16:19,40,4.0,30,3.0
2026-09-03T14:24:17Z,2026-09-03 16:24,40,4.0,30,3.0
2026-09-03T14:29:22Z,2026-09-03 16:29,40,4.0,30,3.0
2026-09-03T14:34:27Z,2026-09-03 16:34,40,4.0,30,3.0
2026-09-03T14:39:32Z,2026-09-03 16:39,40,4.0,30,3.0
2026-09-03T14:44:38Z,2026-09-03 16:44,40,4.0,30,3.0
2026-09-03T14:49:43Z,2026-09-03 16:49,40,4.0,30,3.0
2026-09-03T14:54:50Z,2026-09-03 16:54,30,3.0,30,3.0
2026-09-03T14:59:55Z,2026-09-03 16:59,30,3.0,30,3.0
2026-09-03T15:05:01Z,2026-09-03 17:05,30,3.0,20,2.0
2026-09-03T15:10:17Z,2026-09-03 17:10,30,3.0,20,2.0
2026-09-03T15:15:22Z,2026-09-03 17:15,30,3.0,20,2.0
2026-09-03T15:20:29Z,2026-09-03 17:20,30,3.0,20,2.0
2026-09-03T15:25:37Z,2026-09-03 17:25,30,3.0,20,2.0
2026-09-03T15:30:45Z,2026-09-03 17:30,30,3.0,20,2.0
2026-09-03T15:35:50Z,2026-09-03 17:35,30,3.0,20,2.0
2026-09-03T15:40:55Z,2026-09-03 17:40,30,3.0,20,2.0
2026-09-03T15:46:01Z,2026-09-03 17:46,30,3.0,20,2.0
2026-09-03T15:51:07Z,2026-09-03 17:51,20,2.0,20,2.0
2026-09-03T15:56:13Z,2026-09-03 17:56,20,2.0,20,2.0
2026-09-03T16:01:18Z,2026-09-03 18:01,20,2.0,20,2.0
2026-09-03T16:06:24Z,2026-09-03 18:06,20,2.0,10,1.0
2026-09-03T16:11:29Z,2026-09-03 18:11,20,2.0,10,1.0
2026-09-03T16:16:34Z,2026-09-03 18:16,20,2.0,10,1.0
2026-09-03T16:21:39Z,2026-09-03 18:21,10,1.0,10,1.0
2026-09-03T16:26:45Z,2026-09-03 18:26,10,1.0,10,1.0
2026-09-03T16:31:50Z,2026-09-03 18:31,10,1.0,10,1.0
2026-09-03T17:26:10Z,2026-09-03 19:26,0,,0,
2026-09-03T17:31:15Z,2026-09-03 19:31,0,,0,
2026-09-03T17:41:25Z,2026-09-03 19:41,0,,0,
2026-09-03T17:46:30Z,2026-09-03 19:46,0,,0,
2026-09-03T17:51:37Z,2026-09-03 19:51,0,,0,
2026-09-03T17:56:42Z,2026-09-03 19:56,0,,0,
2026-09-03T18:01:47Z,2026-09-03 20:01,0,,0,
2026-09-03T18:06:52Z,2026-09-03 20:06,0,,0,
2026-09-03T18:11:58Z,2026-09-03 20:11,0,,0,
2026-09-03T18:17:03Z,2026-09-03 20:17,0,,0,
2026-09-03T18:22:09Z,2026-09-03 20:22,0,,0,
2026-09-03T18:27:14Z,2026-09-03 20:27,0,,0,
2026-09-03T18:32:19Z,2026-09-03 20:32,0,,0,
2026-09-03T18:37:24Z,2026-09-03 20:37,0,,0,
2026-09-03T18:42:29Z,2026-09-03 20:42,0,,0,
2026-09-03T18:47:35Z,2026-09-03 20:47,0,,0,
2026-09-03T18:52:40Z,2026-09-03 20:52,0,,0,
2026-09-03T18:57:45Z,2026-09-03 20:57,0,,0,
2026-09-03T19:02:52Z,2026-09-03 21:02,0,,0,
2026-09-03T19:07:57Z,2026-09-03 21:07,0,,0,
2026-09-03T19:13:02Z,2026-09-03 21:13,0,,0,
2026-09-03T19:18:08Z,2026-09-03 21:18,0,,0,
2026-09-03T19:23:13Z,2026-09-03 21:23,0,,0,
2026-09-03T19:28:19Z,2026-09-03 21:28,0,,0,
2026-09-03T19:33:24Z,2026-09-03 21:33,0,,0,
2026-09-03T19:38:30Z,2026-09-03 21:38,0,,0,
2026-09-03T19:43:35Z,2026-09-03 21:43,0,,0,
2026-09-03T19:48:40Z,2026-09-03 21:48,0,,0,
2026-09-03T19:53:45Z,2026-09-03 21:53,0,,0,
2026-09-03T19:58:50Z,2026-09-03 21:58,0,,0,
2026-09-03T20:03:55Z,2026-09-03 22:03,0,,0,
2026-09-03T20:09:00Z,2026-09-03 22:09,0,,0,
2026-09-03T20:14:07Z,2026-09-03 22:14,0,,0,
2026-09-03T20:14:19Z,2026-09-03 22:14,0,,0,
2026-09-03T20:19:24Z,2026-09-03 22:19,0,,0,
2026-09-03T20:24:29Z,2026-09-03 22:24,0,,0,
2026-09-03T20:29:34Z,2026-09-03 22:29,0,,0,
2026-09-03T20:34:39Z,2026-09-03 22:34,0,,0,
2026-09-03T20:39:44Z,2026-09-03 22:39,0,,0,
2026-09-03T20:44:49Z,2026-09-03 22:44,0,,0,
2026-09-03T20:49:54Z,2026-09-03 22:49,0,,0,
2026-09-03T20:55:00Z,2026-09-03 22:55,0,,0,
2026-09-03T21:00:11Z,2026-09-03 23:00,0,,0,
2026-09-03T21:05:16Z,2026-09-03 23:05,0,,0,
2026-09-03T21:10:24Z,2026-09-03 23:10,0,,0,
2026-09-03T21:15:29Z,2026-09-03 23:15,0,,0,
2026-09-03T21:20:36Z,2026-09-03 23:20,0,,0,
2026-09-03T21:25:41Z,2026-09-03 23:25,0,,0,
2026-09-03T21:30:46Z,2026-09-03 23:30,0,,0,
2026-09-03T21:35:51Z,2026-09-03 23:35,0,,0,
2026-09-03T21:40:56Z,2026-09-03 23:40,0,,0,
2026-09-03T21:46:00Z,2026-09-03 23:46,0,,0,
2026-09-03T21:51:06Z,2026-09-03 23:51,0,,0,
2026-09-03T21:56:11Z,2026-09-03 23:56,0,,0,
2026-09-03T22:01:15Z,2026-09-04 00:01,0,,0,
2026-09-03T22:06:21Z,2026-09-04 00:06,0,,0,
2026-09-03T22:11:27Z,2026-09-04 00:11,0,,0,
2026-09-03T22:16:32Z,2026-09-04 00:16,0,,0,
2026-09-03T22:21:36Z,2026-09-04 00:21,0,,0,
2026-09-03T22:26:40Z,2026-09-04 00:26,0,,0,
2026-09-03T22:31:44Z,2026-09-04 00:31,0,,0,
2026-09-03T22:36:49Z,2026-09-04 00:36,0,,0,
2026-09-03T22:41:54Z,2026-09-04 00:41,0,,0,
2026-09-03T22:47:01Z,2026-09-04 00:47,0,,0,
2026-09-03T22:52:07Z,2026-09-04 00:52,0,,0,
2026-09-03T22:57:12Z,2026-09-04 00:57,0,,0,
2026-09-03T23:02:17Z,2026-09-04 01:02,0,,0,
2026-09-03T23:02:29Z,2026-09-04 01:02,0,,0,
2026-09-03T23:07:34Z,2026-09-04 01:07,0,,0,
2026-09-03T23:12:38Z,2026-09-04 01:12,0,,0,
2026-09-03T23:17:43Z,2026-09-04 01:17,0,,0,
2026-09-03T23:22:48Z,2026-09-04 01:22,0,,0,
2026-09-03T23:27:53Z,2026-09-04 01:27,0,,0,
2026-09-03T23:32:58Z,2026-09-04 01:32,0,,0,
2026-09-03T23:38:03Z,2026-09-04 01:38,0,,0,
2026-09-03T23:43:08Z,2026-09-04 01:43,0,,0,
2026-09-03T23:48:13Z,2026-09-04 01:48,0,,0,
2026-09-03T23:53:17Z,2026-09-04 01:53,0,,0,
2026-09-03T23:58:23Z,2026-09-04 01:58,0,,0,
2026-09-04T00:03:28Z,2026-09-04 02:03,0,,0,
2026-09-04T00:08:33Z,2026-09-04 02:08,0,,0,
2026-09-04T00:13:38Z,2026-09-04 02:13,0,,0,
2026-09-04T00:18:43Z,2026-09-04 02:18,0,,0,
2026-09-04T00:23:49Z,2026-09-04 02:23,0,,0,
2026-09-04T00:28:54Z,2026-09-04 02:28,0,,0,
2026-09-04T00:33:59Z,2026-09-04 02:33,0,,0,
2026-09-04T00:39:04Z,2026-09-04 02:39,0,,0,
2026-09-04T00:44:09Z,2026-09-04 02:44,0,,0,
2026-09-04T00:49:14Z,2026-09-04 02:49,0,,0,
2026-09-04T00:54:19Z,2026-09-04 02:54,0,,0,
2026-09-04T00:59:25Z,2026-09-04 02:59,0,,0,
2026-09-04T01:04:29Z,2026-09-04 03:04,0,,0,
2026-09-04T01:09:34Z,2026-09-04 03:09,0,,0,
2026-09-04T01:14:39Z,2026-09-04 03:14,0,,0,
2026-09-04T01:19:44Z,2026-09-04 03:19,0,,0,
2026-09-04T01:24:49Z,2026-09-04 03:24,0,,0,
2026-09-04T01:29:54Z,2026-09-04 03:29,0,,0,
2026-09-04T01:34:59Z,2026-09-04 03:34,0,,0,
2026-09-04T01:40:07Z,2026-09-04 03:40,0,,0,
2026-09-04T01:45:15Z,2026-09-04 03:45,0,,0,
2026-09-04T01:50:22Z,2026-09-04 03:50,0,,0,
2026-09-04T01:50:36Z,2026-09-04 03:50,0,,0,
2026-09-04T01:55:42Z,2026-09-04 03:55,0,,0,
2026-09-04T02:00:48Z,2026-09-04 04:00,0,,0,
2026-09-04T02:05:53Z,2026-09-04 04:05,0,,0,
2026-09-04T02:10:59Z,2026-09-04 04:10,0,,0,
2026-09-04T02:16:07Z,2026-09-04 04:16,0,,0,
2026-09-04T02:21:12Z,2026-09-04 04:21,0,,0,
2026-09-04T02:26:17Z,2026-09-04 04:26,0,,0,
2026-09-04T02:31:24Z,2026-09-04 04:31,0,,0,
2026-09-04T02:36:29Z,2026-09-04 04:36,0,,0,
2026-09-04T02:41:35Z,2026-09-04 04:41,0,,0,
2026-09-04T02:46:40Z,2026-09-04 04:46,0,,0,
2026-09-04T02:51:46Z,2026-09-04 04:51,0,,0,
2026-09-04T02:56:51Z,2026-09-04 04:56,0,,0,
2026-09-04T03:01:58Z,2026-09-04 05:01,0,,0,
2026-09-04T03:07:05Z,2026-09-04 05:07,0,,0,
2026-09-04T03:12:11Z,2026-09-04 05:12,0,,0,
2026-09-04T03:17:16Z,2026-09-04 05:17,0,,0,
2026-09-04T03:22:22Z,2026-09-04 05:22,0,,0,
2026-09-04T03:27:27Z,2026-09-04 05:27,0,,0,
2026-09-04T03:32:33Z,2026-09-04 05:32,0,,0,
2026-09-04T03:37:38Z,2026-09-04 05:37,0,,0,
2026-09-04T03:42:43Z,2026-09-04 05:42,0,,0,
2026-09-04T03:47:48Z,2026-09-04 05:47,0,,0,
2026-09-04T03:52:53Z,2026-09-04 05:52,0,,0,
2026-09-04T03:57:59Z,2026-09-04 05:57,0,,0,
2026-09-04T04:03:04Z,2026-09-04 06:03,0,,0,
2026-09-04T04:08:10Z,2026-09-04 06:08,0,,0,
2026-09-04T04:13:15Z,2026-09-04 06:13,0,,0,
2026-09-04T04:18:21Z,2026-09-04 06:18,0,,0,
2026-09-04T04:23:27Z,2026-09-04 06:23,0,,0,
2026-09-04T04:28:33Z,2026-09-04 06:28,0,,0,
2026-09-04T04:33:38Z,2026-09-04 06:33,0,,0,
2026-09-04T04:38:43Z,2026-09-04 06:38,0,,0,
2026-09-04T05:20:15Z,2026-09-04 07:20,0,,0,
2026-09-04T05:25:22Z,2026-09-04 07:25,0,,0,
2026-09-04T05:30:29Z,2026-09-04 07:30,0,,0,
2026-09-04T05:35:36Z,2026-09-04 07:35,0,,0,
2026-09-04T05:40:42Z,2026-09-04 07:40,0,,0,
2026-09-04T05:45:48Z,2026-09-04 07:45,0,,0,
2026-09-04T05:50:53Z,2026-09-04 07:50,0,,0,
2026-09-04T05:56:05Z,2026-09-04 07:56,0,,0,
2026-09-04T06:01:11Z,2026-09-04 08:01,0,,0,
2026-09-04T06:06:17Z,2026-09-04 08:06,0,,0,
2026-09-04T06:11:24Z,2026-09-04 08:11,0,,0,
2026-09-04T06:16:34Z,2026-09-04 08:16,0,,0,
2026-09-04T06:21:40Z,2026-09-04 08:21,0,,0,
2026-09-04T06:26:46Z,2026-09-04 08:26,0,,0,
2026-09-04T06:31:52Z,2026-09-04 08:31,0,,0,
2026-09-04T06:36:58Z,2026-09-04 08:36,0,,0,
2026-09-04T06:42:04Z,2026-09-04 08:42,0,,0,
2026-09-04T06:47:10Z,2026-09-04 08:47,0,,0,
2026-09-04T06:52:16Z,2026-09-04 08:52,0,,0,
2026-09-04T06:57:22Z,2026-09-04 08:57,0,,0,
2026-09-04T07:02:28Z,2026-09-04 09:02,0,,0,
2026-09-04T07:07:34Z,2026-09-04 09:07,0,,0,
2026-09-04T07:12:40Z,2026-09-04 09:12,0,,0,
2026-09-04T07:17:46Z,2026-09-04 09:17,0,,0,
2026-09-04T07:22:52Z,2026-09-04 09:22,0,,0,
2026-09-04T07:27:58Z,2026-09-04 09:27,0,,0,
2026-09-04T07:33:05Z,2026-09-04 09:33,10,1.0,0,
2026-09-04T07:38:11Z,2026-09-04 09:38,10,1.0,0,
2026-09-04T07:43:17Z,2026-09-04 09:43,10,1.0,0,
2026-09-04T07:48:23Z,2026-09-04 09:48,20,2.0,0,
2026-09-04T07:53:30Z,2026-09-04 09:53,20,2.0,0,
2026-09-04T07:58:37Z,2026-09-04 09:58,20,2.0,0,
2026-09-04T08:03:43Z,2026-09-04 10:03,20,2.0,0,
2026-09-04T08:08:49Z,2026-09-04 10:08,20,2.0,0,
2026-09-04T09:48:19Z,2026-09-04 11:48,50,5.0,30,3.0
2026-09-04T09:53:27Z,2026-09-04 11:53,50,5.0,30,3.0
2026-09-04T09:58:32Z,2026-09-04 11:58,50,5.0,30,3.0
2026-09-04T10:03:38Z,2026-09-04 12:03,50,5.0,30,3.0
2026-09-04T10:08:43Z,2026-09-04 12:08,50,5.0,30,3.0
2026-09-04T10:13:48Z,2026-09-04 12:13,50,5.0,30,3.0
2026-09-04T10:18:53Z,2026-09-04 12:18,50,5.0,30,3.0
2026-09-04T10:23:58Z,2026-09-04 12:23,50,5.0,30,3.0
2026-09-04T10:29:03Z,2026-09-04 12:29,50,5.0,30,3.0
2026-09-04T10:34:22Z,2026-09-04 12:34,60,6.0,40,4.0
2026-09-04T10:39:27Z,2026-09-04 12:39,60,6.0,40,4.0
2026-09-04T10:44:32Z,2026-09-04 12:44,60,6.0,40,4.0
2026-09-04T10:49:40Z,2026-09-04 12:49,60,6.0,40,4.0
2026-09-04T10:54:46Z,2026-09-04 12:54,70,7.0,40,4.0
2026-09-04T10:59:51Z,2026-09-04 12:59,80,8.0,40,4.0
2026-09-04T11:04:57Z,2026-09-04 13:04,80,8.0,50,5.0
2026-09-04T11:10:03Z,2026-09-04 13:10,80,8.0,50,5.0
2026-09-04T11:15:18Z,2026-09-04 13:15,80,8.0,40,4.0
2026-09-04T11:20:23Z,2026-09-04 13:20,80,8.0,40,4.0
2026-09-04T11:25:28Z,2026-09-04 13:25,70,7.0,40,4.0
2026-09-04T11:30:33Z,2026-09-04 13:30,70,7.0,40,4.0
2026-09-04T11:35:38Z,2026-09-04 13:35,70,7.0,40,4.0
2026-09-04T11:40:43Z,2026-09-04 13:40,70,7.0,40,4.0
2026-09-04T11:45:48Z,2026-09-04 13:45,70,7.0,40,4.0
2026-09-04T11:50:53Z,2026-09-04 13:50,70,7.0,40,4.0
2026-09-04T11:55:58Z,2026-09-04 13:55,70,7.0,40,4.0
2026-09-04T12:01:03Z,2026-09-04 14:01,70,7.0,40,4.0
2026-09-04T12:06:09Z,2026-09-04 14:06,70,7.0,40,4.0
2026-09-04T12:11:15Z,2026-09-04 14:11,70,7.0,40,4.0
2026-09-04T12:16:20Z,2026-09-04 14:16,70,7.0,40,4.0
2026-09-04T12:21:26Z,2026-09-04 14:21,60,6.0,40,4.0
2026-09-04T12:26:31Z,2026-09-04 14:26,60,6.0,40,4.0
2026-09-04T12:31:38Z,2026-09-04 14:31,60,6.0,40,4.0
2026-09-04T12:36:43Z,2026-09-04 14:36,60,6.0,40,4.0
2026-09-04T13:55:11Z,2026-09-04 15:55,70,7.0,40,4.0
2026-09-04T14:00:25Z,2026-09-04 16:00,70,7.0,40,4.0
2026-09-04T14:05:33Z,2026-09-04 16:05,70,7.0,40,4.0
2026-09-04T14:10:38Z,2026-09-04 16:10,70,7.0,40,4.0
2026-09-04T14:15:44Z,2026-09-04 16:15,70,7.0,40,4.0
2026-09-04T14:20:49Z,2026-09-04 16:20,70,7.0,40,4.0
2026-09-04T14:25:54Z,2026-09-04 16:25,60,6.0,40,4.0
2026-09-04T14:31:00Z,2026-09-04 16:31,60,6.0,40,4.0
2026-09-04T14:36:06Z,2026-09-04 16:36,60,6.0,40,4.0
2026-09-04T14:41:13Z,2026-09-04 16:41,60,6.0,40,4.0
2026-09-04T14:46:18Z,2026-09-04 16:46,60,6.0,40,4.0
2026-09-04T14:51:24Z,2026-09-04 16:51,60,6.0,40,4.0
2026-09-04T14:56:30Z,2026-09-04 16:56,60,6.0,40,4.0
2026-09-04T15:01:36Z,2026-09-04 17:01,60,6.0,40,4.0
2026-09-04T15:06:41Z,2026-09-04 17:06,60,6.0,40,4.0
2026-09-04T15:11:47Z,2026-09-04 17:11,60,6.0,40,4.0
2026-09-04T15:16:53Z,2026-09-04 17:16,50,5.0,40,4.0
2026-09-04T15:21:59Z,2026-09-04 17:21,50,5.0,40,4.0
2026-09-04T15:27:04Z,2026-09-04 17:27,50,5.0,30,3.0
2026-09-04T15:32:10Z,2026-09-04 17:32,50,5.0,30,3.0
2026-09-04T15:37:15Z,2026-09-04 17:37,50,5.0,30,3.0
2026-09-04T15:42:21Z,2026-09-04 17:42,50,5.0,30,3.0
2026-09-04T15:47:27Z,2026-09-04 17:47,50,5.0,30,3.0
2026-09-04T15:52:32Z,2026-09-04 17:52,50,5.0,30,3.0
2026-09-04T15:57:39Z,2026-09-04 17:57,50,5.0,30,3.0
2026-09-04T16:02:45Z,2026-09-04 18:02,50,5.0,30,3.0
2026-09-04T16:07:50Z,2026-09-04 18:07,50,5.0,30,3.0
2026-09-04T16:12:56Z,2026-09-04 18:12,50,5.0,30,3.0
2026-09-04T16:18:02Z,2026-09-04 18:18,50,5.0,20,2.0
2026-09-04T16:23:07Z,2026-09-04 18:23,40,4.0,20,2.0
2026-09-04T16:28:13Z,2026-09-04 18:28,40,4.0,20,2.0
2026-09-04T16:33:19Z,2026-09-04 18:33,40,4.0,20,2.0
2026-09-04T16:38:25Z,2026-09-04 18:38,40,4.0,20,2.0
2026-09-04T16:43:30Z,2026-09-04 18:43,40,4.0,20,2.0
2026-09-04T17:19:21Z,2026-09-04 19:19,30,3.0,10,1.0
2026-09-04T17:24:26Z,2026-09-04 19:24,30,3.0,10,1.0
2026-09-04T17:29:32Z,2026-09-04 19:29,30,3.0,10,1.0
2026-09-04T17:34:37Z,2026-09-04 19:34,30,3.0,0,
2026-09-04T17:39:43Z,2026-09-04 19:39,30,3.0,0,
2026-09-04T17:44:49Z,2026-09-04 19:44,30,3.0,0,
2026-09-04T17:49:55Z,2026-09-04 19:49,30,3.0,0,
2026-09-04T17:55:01Z,2026-09-04 19:55,30,3.0,0,
2026-09-04T18:00:20Z,2026-09-04 20:00,30,3.0,0,
2026-09-04T18:05:27Z,2026-09-04 20:05,30,3.0,0,
2026-09-04T18:10:33Z,2026-09-04 20:10,30,3.0,0,
2026-09-04T18:15:38Z,2026-09-04 20:15,30,3.0,0,
2026-09-04T18:20:44Z,2026-09-04 20:20,30,3.0,0,
2026-09-04T18:25:49Z,2026-09-04 20:25,30,3.0,0,
2026-09-04T18:31:03Z,2026-09-04 20:31,30,3.0,0,
2026-09-04T18:36:08Z,2026-09-04 20:36,30,3.0,0,
2026-09-04T18:41:14Z,2026-09-04 20:41,30,3.0,0,
2026-09-04T18:46:20Z,2026-09-04 20:46,30,3.0,0,
2026-09-04T18:51:26Z,2026-09-04 20:51,20,2.0,0,
2026-09-04T18:56:31Z,2026-09-04 20:56,20,2.0,0,
2026-09-04T19:01:37Z,2026-09-04 21:01,20,2.0,0,
2026-09-04T19:06:43Z,2026-09-04 21:06,20,2.0,0,
2026-09-04T19:11:49Z,2026-09-04 21:11,20,2.0,0,
2026-09-04T19:16:55Z,2026-09-04 21:16,20,2.0,0,
2026-09-04T19:22:01Z,2026-09-04 21:22,10,1.0,0,
2026-09-04T19:27:06Z,2026-09-04 21:27,10,1.0,0,
2026-09-04T19:32:12Z,2026-09-04 21:32,0,,0,
2026-09-04T19:37:18Z,2026-09-04 21:37,0,,0,
2026-09-04T19:42:24Z,2026-09-04 21:42,0,,0,
2026-09-04T19:47:30Z,2026-09-04 21:47,0,,0,
2026-09-04T19:52:35Z,2026-09-04 21:52,0,,0,
2026-09-04T19:57:42Z,2026-09-04 21:57,0,,0,
2026-09-04T20:02:48Z,2026-09-04 22:02,0,,0,
2026-09-04T20:07:54Z,2026-09-04 22:07,0,,0,
2026-09-04T20:08:09Z,2026-09-04 22:08,0,,0,
2026-09-04T20:13:14Z,2026-09-04 22:13,0,,0,
2026-09-04T20:18:20Z,2026-09-04 22:18,0,,0,
2026-09-04T20:23:26Z,2026-09-04 22:23,0,,0,
2026-09-04T20:28:32Z,2026-09-04 22:28,0,,0,
2026-09-04T20:33:37Z,2026-09-04 22:33,0,,0,
2026-09-04T20:38:43Z,2026-09-04 22:38,0,,0,
2026-09-04T20:43:49Z,2026-09-04 22:43,0,,0,
2026-09-04T20:48:55Z,2026-09-04 22:48,0,,0,
2026-09-04T20:54:01Z,2026-09-04 22:54,0,,0,
2026-09-04T20:59:07Z,2026-09-04 22:59,0,,0,
2026-09-04T21:04:13Z,2026-09-04 23:04,0,,0,
2026-09-04T21:09:19Z,2026-09-04 23:09,0,,0,
2026-09-04T21:14:25Z,2026-09-04 23:14,0,,0,
2026-09-04T21:19:31Z,2026-09-04 23:19,0,,0,
2026-09-04T21:24:36Z,2026-09-04 23:24,0,,0,
2026-09-04T21:29:42Z,2026-09-04 23:29,0,,0,
2026-09-04T21:34:49Z,2026-09-04 23:34,0,,0,
2026-09-04T21:39:54Z,2026-09-04 23:39,0,,0,
2026-09-04T21:45:00Z,2026-09-04 23:45,0,,0,
2026-09-04T21:50:12Z,2026-09-04 23:50,0,,0,
2026-09-04T22:00:23Z,2026-09-05 00:00,0,,0,
2026-09-04T22:05:29Z,2026-09-05 00:05,0,,0,
2026-09-04T22:10:35Z,2026-09-05 00:10,0,,0,
2026-09-04T22:15:41Z,2026-09-05 00:15,0,,0,
2026-09-04T22:20:47Z,2026-09-05 00:20,0,,0,
2026-09-04T22:25:52Z,2026-09-05 00:25,0,,0,
2026-09-04T22:30:56Z,2026-09-05 00:30,0,,0,
2026-09-04T22:36:02Z,2026-09-05 00:36,0,,0,
2026-09-04T22:41:08Z,2026-09-05 00:41,0,,0,
2026-09-04T22:46:14Z,2026-09-05 00:46,0,,0,
2026-09-04T22:51:20Z,2026-09-05 00:51,0,,0,
2026-09-04T22:56:27Z,2026-09-05 00:56,0,,0,
2026-09-04T22:56:39Z,2026-09-05 00:56,0,,0,
2026-09-04T23:01:44Z,2026-09-05 01:01,0,,0,
2026-09-04T23:06:49Z,2026-09-05 01:06,0,,0,
2026-09-04T23:11:54Z,2026-09-05 01:11,0,,0,
2026-09-04T23:17:00Z,2026-09-05 01:17,0,,0,
2026-09-04T23:22:06Z,2026-09-05 01:22,0,,0,
2026-09-04T23:27:11Z,2026-09-05 01:27,0,,0,
2026-09-04T23:32:16Z,2026-09-05 01:32,0,,0,
2026-09-04T23:37:21Z,2026-09-05 01:37,0,,0,
2026-09-04T23:42:26Z,2026-09-05 01:42,0,,0,
2026-09-04T23:47:32Z,2026-09-05 01:47,0,,0,
2026-09-04T23:52:37Z,2026-09-05 01:52,0,,0,
2026-09-04T23:57:42Z,2026-09-05 01:57,0,,0,
2026-09-05T00:02:47Z,2026-09-05 02:02,0,,0,
2026-09-05T00:07:52Z,2026-09-05 02:07,0,,0,
2026-09-05T00:12:57Z,2026-09-05 02:12,0,,0,
2026-09-05T00:18:03Z,2026-09-05 02:18,0,,0,
2026-09-05T00:23:07Z,2026-09-05 02:23,0,,0,
2026-09-05T00:28:12Z,2026-09-05 02:28,0,,0,
2026-09-05T00:33:18Z,2026-09-05 02:33,0,,0,
2026-09-05T00:38:23Z,2026-09-05 02:38,0,,0,
2026-09-05T00:43:28Z,2026-09-05 02:43,0,,0,
2026-09-05T00:48:33Z,2026-09-05 02:48,0,,0,
2026-09-05T00:53:38Z,2026-09-05 02:53,0,,0,
2026-09-05T00:58:43Z,2026-09-05 02:58,0,,0,
2026-09-05T01:03:48Z,2026-09-05 03:03,0,,0,
2026-09-05T01:08:53Z,2026-09-05 03:08,0,,0,
2026-09-05T01:13:58Z,2026-09-05 03:13,0,,0,
2026-09-05T01:19:03Z,2026-09-05 03:19,0,,0,
2026-09-05T01:24:09Z,2026-09-05 03:24,0,,0,
2026-09-05T01:29:14Z,2026-09-05 03:29,0,,0,
2026-09-05T01:34:19Z,2026-09-05 03:34,0,,0,
2026-09-05T01:39:24Z,2026-09-05 03:39,0,,0,
2026-09-05T01:44:29Z,2026-09-05 03:44,0,,0,
2026-09-05T01:44:41Z,2026-09-05 03:44,0,,0,
2026-09-05T01:49:46Z,2026-09-05 03:49,0,,0,
2026-09-05T01:54:51Z,2026-09-05 03:54,0,,0,
2026-09-05T01:59:57Z,2026-09-05 03:59,0,,0,
2026-09-05T02:05:03Z,2026-09-05 04:05,0,,0,
2026-09-05T02:10:09Z,2026-09-05 04:10,0,,0,
2026-09-05T02:15:17Z,2026-09-05 04:15,0,,0,
2026-09-05T02:20:22Z,2026-09-05 04:20,0,,0,
2026-09-05T02:25:27Z,2026-09-05 04:25,0,,0,
2026-09-05T02:30:32Z,2026-09-05 04:30,0,,0,
2026-09-05T02:35:37Z,2026-09-05 04:35,0,,0,
2026-09-05T02:40:43Z,2026-09-05 04:40,0,,0,
2026-09-05T02:45:47Z,2026-09-05 04:45,0,,0,
2026-09-05T02:50:52Z,2026-09-05 04:50,0,,0,
2026-09-05T02:55:58Z,2026-09-05 04:55,0,,0,
2026-09-05T03:01:06Z,2026-09-05 05:01,0,,0,
2026-09-05T03:06:12Z,2026-09-05 05:06,0,,0,
2026-09-05T03:11:17Z,2026-09-05 05:11,0,,0,
2026-09-05T03:16:22Z,2026-09-05 05:16,0,,0,
2026-09-05T03:21:27Z,2026-09-05 05:21,0,,0,
2026-09-05T03:26:32Z,2026-09-05 05:26,0,,0,
2026-09-05T03:31:37Z,2026-09-05 05:31,0,,0,
2026-09-05T03:36:42Z,2026-09-05 05:36,0,,0,
2026-09-05T03:41:47Z,2026-09-05 05:41,0,,0,
2026-09-05T03:46:52Z,2026-09-05 05:46,0,,0,
2026-09-05T03:51:57Z,2026-09-05 05:51,0,,0,
2026-09-05T03:57:04Z,2026-09-05 05:57,0,,0,
2026-09-05T04:02:09Z,2026-09-05 06:02,0,,0,
2026-09-05T04:07:15Z,2026-09-05 06:07,0,,0,
2026-09-05T04:12:20Z,2026-09-05 06:12,0,,0,
2026-09-05T04:17:25Z,2026-09-05 06:17,0,,0,
2026-09-05T04:22:30Z,2026-09-05 06:22,0,,0,
2026-09-05T04:27:36Z,2026-09-05 06:27,0,,0,
2026-09-05T04:32:41Z,2026-09-05 06:32,0,,0,
2026-09-05T04:44:42Z,2026-09-05 06:44,10,1.0,0,
2026-09-05T04:49:47Z,2026-09-05 06:49,10,1.0,0,
2026-09-05T04:54:52Z,2026-09-05 06:54,10,1.0,0,
2026-09-05T04:59:58Z,2026-09-05 06:59,20,2.0,0,
2026-09-05T05:05:06Z,2026-09-05 07:05,20,2.0,0,
2026-09-05T05:10:12Z,2026-09-05 07:10,20,2.0,0,
2026-09-05T05:15:17Z,2026-09-05 07:15,20,2.0,0,
2026-09-05T05:20:22Z,2026-09-05 07:20,20,2.0,0,
2026-09-05T05:25:27Z,2026-09-05 07:25,20,2.0,0,
2026-09-05T05:30:32Z,2026-09-05 07:30,20,2.0,0,
2026-09-05T05:35:37Z,2026-09-05 07:35,20,2.0,0,
2026-09-05T05:40:42Z,2026-09-05 07:40,20,2.0,0,
2026-09-05T05:45:47Z,2026-09-05 07:45,30,3.0,0,
2026-09-05T05:50:53Z,2026-09-05 07:50,30,3.0,0,
2026-09-05T05:55:58Z,2026-09-05 07:55,30,3.0,0,
2026-09-05T06:01:03Z,2026-09-05 08:01,30,3.0,0,
2026-09-05T06:06:08Z,2026-09-05 08:06,30,3.0,0,
2026-09-05T06:11:14Z,2026-09-05 08:11,30,3.0,0,
2026-09-05T06:16:19Z,2026-09-05 08:16,30,3.0,0,
2026-09-05T06:21:25Z,2026-09-05 08:21,40,4.0,0,
2026-09-05T06:26:30Z,2026-09-05 08:26,40,4.0,0,
2026-09-05T06:31:35Z,2026-09-05 08:31,40,4.0,0,
2026-09-05T06:36:40Z,2026-09-05 08:36,40,4.0,0,
2026-09-05T06:41:46Z,2026-09-05 08:41,40,4.0,0,
2026-09-05T06:46:51Z,2026-09-05 08:46,40,4.0,0,
2026-09-05T06:51:56Z,2026-09-05 08:51,40,4.0,0,
2026-09-05T06:57:00Z,2026-09-05 08:57,50,5.0,0,
2026-09-05T07:02:07Z,2026-09-05 09:02,50,5.0,0,
2026-09-05T07:07:12Z,2026-09-05 09:07,50,5.0,0,
2026-09-05T07:12:18Z,2026-09-05 09:12,50,5.0,0,
2026-09-05T07:17:23Z,2026-09-05 09:17,50,5.0,10,1.0
2026-09-05T07:22:28Z,2026-09-05 09:22,50,5.0,10,1.0
2026-09-05T07:27:33Z,2026-09-05 09:27,50,5.0,10,1.0
2026-09-05T07:32:39Z,2026-09-05 09:32,50,5.0,10,1.0
2026-09-05T08:44:28Z,2026-09-05 10:44,70,7.0,30,3.0
2026-09-05T08:49:35Z,2026-09-05 10:49,70,7.0,30,3.0
2026-09-05T08:54:41Z,2026-09-05 10:54,80,8.0,30,3.0
2026-09-05T08:59:47Z,2026-09-05 10:59,80,8.0,30,3.0
2026-09-05T09:04:52Z,2026-09-05 11:04,80,8.0,40,4.0
2026-09-05T09:09:59Z,2026-09-05 11:09,80,8.0,40,4.0
2026-09-05T09:15:06Z,2026-09-05 11:15,80,8.0,40,4.0
2026-09-05T09:20:16Z,2026-09-05 11:20,80,8.0,40,4.0
2026-09-05T09:25:22Z,2026-09-05 11:25,80,8.0,40,4.0
2026-09-05T09:30:28Z,2026-09-05 11:30,80,8.0,40,4.0
2026-09-05T09:35:34Z,2026-09-05 11:35,80,8.0,40,4.0
2026-09-05T09:40:39Z,2026-09-05 11:40,80,8.0,40,4.0
2026-09-05T09:45:45Z,2026-09-05 11:45,80,8.0,40,4.0
2026-09-05T09:50:50Z,2026-09-05 11:50,80,8.0,40,4.0
2026-09-05T09:55:56Z,2026-09-05 11:55,80,8.0,40,4.0
2026-09-05T10:01:02Z,2026-09-05 12:01,80,8.0,40,4.0
2026-09-05T10:06:13Z,2026-09-05 12:06,80,8.0,40,4.0
2026-09-05T10:11:19Z,2026-09-05 12:11,80,8.0,40,4.0
2026-09-05T10:16:25Z,2026-09-05 12:16,80,8.0,50,5.0
2026-09-05T10:21:31Z,2026-09-05 12:21,80,8.0,50,5.0
2026-09-05T10:26:37Z,2026-09-05 12:26,80,8.0,50,5.0
2026-09-05T10:31:43Z,2026-09-05 12:31,80,8.0,50,5.0
2026-09-05T10:36:48Z,2026-09-05 12:36,80,8.0,50,5.0
2026-09-05T10:41:55Z,2026-09-05 12:41,80,8.0,50,5.0
2026-09-05T10:47:01Z,2026-09-05 12:47,80,8.0,50,5.0
2026-09-05T10:52:08Z,2026-09-05 12:52,80,8.0,50,5.0
2026-09-05T10:57:14Z,2026-09-05 12:57,80,8.0,50,5.0
2026-09-05T11:02:20Z,2026-09-05 13:02,80,8.0,50,5.0
2026-09-05T11:07:27Z,2026-09-05 13:07,80,8.0,50,5.0
2026-09-05T11:12:33Z,2026-09-05 13:12,80,8.0,50,5.0
2026-09-05T11:17:38Z,2026-09-05 13:17,80,8.0,50,5.0
2026-09-05T11:22:44Z,2026-09-05 13:22,80,8.0,50,5.0
2026-09-05T11:27:49Z,2026-09-05 13:27,80,8.0,50,5.0
2026-09-05T11:32:55Z,2026-09-05 13:32,80,8.0,50,5.0
2026-09-05T12:16:03Z,2026-09-05 14:16,80,8.0,50,5.0
2026-09-05T12:21:08Z,2026-09-05 14:21,80,8.0,50,5.0
2026-09-05T12:26:15Z,2026-09-05 14:26,80,8.0,50,5.0
2026-09-05T12:31:20Z,2026-09-05 14:31,80,8.0,50,5.0
2026-09-05T12:36:26Z,2026-09-05 14:36,80,8.0,50,5.0
2026-09-05T12:41:32Z,2026-09-05 14:41,80,8.0,50,5.0
2026-09-05T12:46:37Z,2026-09-05 14:46,80,8.0,50,5.0
2026-09-05T12:51:42Z,2026-09-05 14:51,80,8.0,50,5.0
2026-09-05T12:56:48Z,2026-09-05 14:56,80,8.0,40,4.0
2026-09-05T13:01:55Z,2026-09-05 15:01,80,8.0,40,4.0
2026-09-05T13:07:01Z,2026-09-05 15:07,80,8.0,40,4.0
2026-09-05T13:12:08Z,2026-09-05 15:12,70,7.0,40,4.0
2026-09-05T13:17:14Z,2026-09-05 15:17,70,7.0,40,4.0
2026-09-05T13:27:27Z,2026-09-05 15:27,70,7.0,40,4.0
2026-09-05T13:32:35Z,2026-09-05 15:32,70,7.0,40,4.0
2026-09-05T13:37:41Z,2026-09-05 15:37,70,7.0,40,4.0
2026-09-05T13:42:47Z,2026-09-05 15:42,70,7.0,40,4.0
2026-09-05T13:47:52Z,2026-09-05 15:47,70,7.0,40,4.0
2026-09-05T13:52:58Z,2026-09-05 15:52,70,7.0,40,4.0
2026-09-05T13:58:04Z,2026-09-05 15:58,70,7.0,40,4.0
2026-09-05T14:08:15Z,2026-09-05 16:08,70,7.0,40,4.0
2026-09-05T14:13:21Z,2026-09-05 16:13,70,7.0,40,4.0
2026-09-05T14:18:27Z,2026-09-05 16:18,70,7.0,40,4.0
2026-09-05T14:23:32Z,2026-09-05 16:23,60,6.0,40,4.0
2026-09-05T14:28:38Z,2026-09-05 16:28,60,6.0,40,4.0
2026-09-05T14:33:44Z,2026-09-05 16:33,60,6.0,40,4.0
2026-09-05T14:38:49Z,2026-09-05 16:38,50,5.0,40,4.0
2026-09-05T14:43:56Z,2026-09-05 16:43,50,5.0,40,4.0
2026-09-05T14:49:01Z,2026-09-05 16:49,50,5.0,30,3.0
2026-09-05T14:54:08Z,2026-09-05 16:54,50,5.0,30,3.0
2026-09-05T14:59:13Z,2026-09-05 16:59,50,5.0,30,3.0
2026-09-05T15:04:19Z,2026-09-05 17:04,50,5.0,30,3.0
2026-09-05T15:23:32Z,2026-09-05 17:23,40,4.0,30,3.0
2026-09-05T15:28:38Z,2026-09-05 17:28,30,3.0,30,3.0
2026-09-05T15:33:43Z,2026-09-05 17:33,30,3.0,30,3.0
2026-09-05T15:38:49Z,2026-09-05 17:38,30,3.0,30,3.0
2026-09-05T15:43:54Z,2026-09-05 17:43,30,3.0,30,3.0
2026-09-05T15:49:00Z,2026-09-05 17:49,20,2.0,30,3.0
2026-09-05T15:54:09Z,2026-09-05 17:54,20,2.0,30,3.0
2026-09-05T15:59:15Z,2026-09-05 17:59,20,2.0,30,3.0
2026-09-05T16:04:21Z,2026-09-05 18:04,10,1.0,30,3.0
2026-09-05T16:09:27Z,2026-09-05 18:09,10,1.0,30,3.0
2026-09-05T16:14:32Z,2026-09-05 18:14,10,1.0,30,3.0
2026-09-05T16:19:38Z,2026-09-05 18:19,10,1.0,30,3.0
2026-09-05T16:24:44Z,2026-09-05 18:24,0,,30,3.0
2026-09-05T16:29:49Z,2026-09-05 18:29,0,,30,3.0
2026-09-05T16:34:55Z,2026-09-05 18:34,0,,30,3.0
2026-09-05T16:40:00Z,2026-09-05 18:40,0,,30,3.0
2026-09-05T16:45:16Z,2026-09-05 18:45,0,,30,3.0
2026-09-05T16:50:22Z,2026-09-05 18:50,0,,30,3.0
2026-09-05T16:55:31Z,2026-09-05 18:55,0,,30,3.0
2026-09-05T17:00:37Z,2026-09-05 19:00,0,,30,3.0
2026-09-05T17:05:42Z,2026-09-05 19:05,0,,20,2.0
2026-09-05T17:10:48Z,2026-09-05 19:10,0,,20,2.0
2026-09-05T17:15:54Z,2026-09-05 19:15,0,,20,2.0
2026-09-05T17:20:59Z,2026-09-05 19:20,0,,20,2.0
2026-09-05T17:26:06Z,2026-09-05 19:26,0,,20,2.0
2026-09-05T17:31:12Z,2026-09-05 19:31,0,,20,2.0
2026-09-05T17:36:18Z,2026-09-05 19:36,0,,20,2.0
2026-09-05T17:41:24Z,2026-09-05 19:41,0,,20,2.0
2026-09-05T17:46:30Z,2026-09-05 19:46,0,,20,2.0
2026-09-05T17:51:35Z,2026-09-05 19:51,0,,20,2.0
2026-09-05T17:56:41Z,2026-09-05 19:56,0,,20,2.0
2026-09-05T18:01:46Z,2026-09-05 20:01,0,,20,2.0
2026-09-05T18:06:52Z,2026-09-05 20:06,0,,20,2.0
2026-09-05T18:11:58Z,2026-09-05 20:11,0,,20,2.0
2026-09-05T18:12:13Z,2026-09-05 20:12,0,,20,2.0
2026-09-05T18:17:18Z,2026-09-05 20:17,0,,20,2.0
2026-09-05T18:22:23Z,2026-09-05 20:22,0,,20,2.0
2026-09-05T18:32:33Z,2026-09-05 20:32,0,,20,2.0
2026-09-05T18:37:38Z,2026-09-05 20:37,0,,20,2.0
2026-09-05T18:42:43Z,2026-09-05 20:42,0,,20,2.0
2026-09-05T18:47:49Z,2026-09-05 20:47,0,,20,2.0
2026-09-05T18:52:54Z,2026-09-05 20:52,0,,20,2.0
2026-09-05T18:57:59Z,2026-09-05 20:57,0,,20,2.0
2026-09-05T19:03:04Z,2026-09-05 21:03,0,,20,2.0
2026-09-05T19:08:10Z,2026-09-05 21:08,0,,20,2.0
2026-09-05T19:13:15Z,2026-09-05 21:13,0,,20,2.0
2026-09-05T19:18:21Z,2026-09-05 21:18,0,,20,2.0
2026-09-05T19:23:26Z,2026-09-05 21:23,0,,20,2.0
2026-09-05T19:28:32Z,2026-09-05 21:28,0,,20,2.0
2026-09-05T19:33:37Z,2026-09-05 21:33,0,,20,2.0
2026-09-05T19:38:42Z,2026-09-05 21:38,0,,20,2.0
2026-09-05T19:43:47Z,2026-09-05 21:43,0,,10,1.0
2026-09-05T19:48:52Z,2026-09-05 21:48,0,,10,1.0
2026-09-05T19:53:57Z,2026-09-05 21:53,0,,10,1.0
2026-09-05T19:59:02Z,2026-09-05 21:59,0,,10,1.0
2026-09-05T20:04:07Z,2026-09-05 22:04,0,,10,1.0
2026-09-05T20:09:13Z,2026-09-05 22:09,0,,10,1.0
2026-09-05T20:14:18Z,2026-09-05 22:14,0,,0,
2026-09-05T20:19:23Z,2026-09-05 22:19,0,,0,
2026-09-05T20:24:28Z,2026-09-05 22:24,0,,0,
2026-09-05T20:29:34Z,2026-09-05 22:29,0,,0,
2026-09-05T20:34:39Z,2026-09-05 22:34,0,,0,
2026-09-05T20:39:45Z,2026-09-05 22:39,0,,0,
2026-09-05T20:44:50Z,2026-09-05 22:44,0,,0,
2026-09-05T20:49:55Z,2026-09-05 22:49,0,,0,
2026-09-05T20:55:00Z,2026-09-05 22:55,0,,0,
2026-09-05T21:00:16Z,2026-09-05 23:00,0,,0,
2026-09-05T21:00:31Z,2026-09-05 23:00,0,,0,
2026-09-05T21:05:36Z,2026-09-05 23:05,0,,0,
2026-09-05T21:10:42Z,2026-09-05 23:10,0,,0,
2026-09-05T21:15:48Z,2026-09-05 23:15,0,,0,
2026-09-05T21:20:53Z,2026-09-05 23:20,0,,0,
2026-09-05T21:25:59Z,2026-09-05 23:25,0,,0,
2026-09-05T21:31:05Z,2026-09-05 23:31,0,,0,
2026-09-05T21:36:10Z,2026-09-05 23:36,0,,0,
2026-09-05T21:41:16Z,2026-09-05 23:41,0,,0,
2026-09-05T21:46:22Z,2026-09-05 23:46,0,,0,
2026-09-05T21:51:28Z,2026-09-05 23:51,0,,0,
2026-09-05T21:56:33Z,2026-09-05 23:56,0,,0,
2026-09-05T22:01:39Z,2026-09-06 00:01,0,,0,
2026-09-05T22:06:44Z,2026-09-06 00:06,0,,0,
2026-09-05T22:11:50Z,2026-09-06 00:11,0,,0,
2026-09-05T22:16:55Z,2026-09-06 00:16,0,,0,
2026-09-05T22:22:02Z,2026-09-06 00:22,0,,0,
2026-09-05T22:27:06Z,2026-09-06 00:27,0,,0,
2026-09-05T22:32:11Z,2026-09-06 00:32,0,,0,
2026-09-05T22:37:18Z,2026-09-06 00:37,0,,0,
2026-09-05T22:42:24Z,2026-09-06 00:42,0,,0,
2026-09-05T22:47:30Z,2026-09-06 00:47,0,,0,
2026-09-05T22:52:36Z,2026-09-06 00:52,0,,0,
2026-09-05T22:57:40Z,2026-09-06 00:57,0,,0,
2026-09-05T23:02:45Z,2026-09-06 01:02,0,,0,
2026-09-05T23:07:51Z,2026-09-06 01:07,0,,0,
2026-09-05T23:12:57Z,2026-09-06 01:12,0,,0,
2026-09-05T23:18:03Z,2026-09-06 01:18,0,,0,
2026-09-05T23:23:08Z,2026-09-06 01:23,0,,0,
2026-09-05T23:28:14Z,2026-09-06 01:28,0,,0,
2026-09-05T23:33:19Z,2026-09-06 01:33,0,,0,
2026-09-05T23:38:25Z,2026-09-06 01:38,0,,0,
2026-09-05T23:43:30Z,2026-09-06 01:43,0,,0,
2026-09-05T23:48:36Z,2026-09-06 01:48,0,,0,
2026-09-05T23:48:49Z,2026-09-06 01:48,0,,0,
2026-09-05T23:53:53Z,2026-09-06 01:53,0,,0,
2026-09-05T23:58:58Z,2026-09-06 01:58,0,,0,
2026-09-06T00:04:05Z,2026-09-06 02:04,0,,0,
2026-09-06T00:09:10Z,2026-09-06 02:09,0,,0,
2026-09-06T00:14:15Z,2026-09-06 02:14,0,,0,
2026-09-06T00:19:21Z,2026-09-06 02:19,0,,0,
2026-09-06T00:24:26Z,2026-09-06 02:24,0,,0,
2026-09-06T00:29:31Z,2026-09-06 02:29,0,,0,
2026-09-06T00:34:36Z,2026-09-06 02:34,0,,0,
2026-09-06T00:39:41Z,2026-09-06 02:39,0,,0,
2026-09-06T00:44:46Z,2026-09-06 02:44,0,,0,
2026-09-06T00:49:52Z,2026-09-06 02:49,0,,0,
2026-09-06T00:54:57Z,2026-09-06 02:54,0,,0,
2026-09-06T01:00:02Z,2026-09-06 03:00,0,,0,
2026-09-06T01:05:09Z,2026-09-06 03:05,0,,0,
2026-09-06T01:10:15Z,2026-09-06 03:10,0,,0,
2026-09-06T01:15:21Z,2026-09-06 03:15,0,,0,
2026-09-06T01:20:26Z,2026-09-06 03:20,0,,0,
2026-09-06T01:25:31Z,2026-09-06 03:25,0,,0,
2026-09-06T01:30:37Z,2026-09-06 03:30,0,,0,
2026-09-06T01:35:43Z,2026-09-06 03:35,0,,0,
2026-09-06T01:40:47Z,2026-09-06 03:40,0,,0,
2026-09-06T01:45:52Z,2026-09-06 03:45,0,,0,
2026-09-06T01:50:57Z,2026-09-06 03:50,0,,0,
2026-09-06T01:56:02Z,2026-09-06 03:56,0,,0,
2026-09-06T02:01:07Z,2026-09-06 04:01,0,,0,
2026-09-06T02:06:12Z,2026-09-06 04:06,0,,0,
2026-09-06T02:11:17Z,2026-09-06 04:11,0,,0,
2026-09-06T02:16:24Z,2026-09-06 04:16,0,,0,
2026-09-06T02:21:29Z,2026-09-06 04:21,0,,0,
2026-09-06T02:26:34Z,2026-09-06 04:26,0,,0,
2026-09-06T02:31:39Z,2026-09-06 04:31,0,,0,
2026-09-06T02:36:44Z,2026-09-06 04:36,0,,0,
2026-09-06T02:36:57Z,2026-09-06 04:36,0,,0,
2026-09-06T02:42:04Z,2026-09-06 04:42,0,,0,
2026-09-06T02:47:09Z,2026-09-06 04:47,0,,0,
2026-09-06T02:52:14Z,2026-09-06 04:52,0,,0,
2026-09-06T02:57:20Z,2026-09-06 04:57,0,,0,
2026-09-06T03:02:25Z,2026-09-06 05:02,0,,0,
2026-09-06T03:07:30Z,2026-09-06 05:07,0,,0,
2026-09-06T03:12:35Z,2026-09-06 05:12,0,,0,
2026-09-06T03:17:40Z,2026-09-06 05:17,0,,0,
2026-09-06T03:22:46Z,2026-09-06 05:22,0,,0,
2026-09-06T03:27:51Z,2026-09-06 05:27,0,,0,
2026-09-06T03:32:56Z,2026-09-06 05:32,0,,0,
2026-09-06T03:38:01Z,2026-09-06 05:38,0,,0,
2026-09-06T03:43:06Z,2026-09-06 05:43,0,,0,
2026-09-06T03:48:11Z,2026-09-06 05:48,0,,0,
2026-09-06T03:53:16Z,2026-09-06 05:53,0,,0,
2026-09-06T03:58:22Z,2026-09-06 05:58,0,,0,
2026-09-06T04:03:27Z,2026-09-06 06:03,0,,0,
2026-09-06T04:08:32Z,2026-09-06 06:08,0,,0,
2026-09-06T04:13:37Z,2026-09-06 06:13,0,,0,
2026-09-06T04:18:42Z,2026-09-06 06:18,0,,0,
2026-09-06T04:23:48Z,2026-09-06 06:23,0,,0,
2026-09-06T04:28:53Z,2026-09-06 06:28,0,,0,
2026-09-06T04:33:58Z,2026-09-06 06:33,0,,0,
2026-09-06T04:39:03Z,2026-09-06 06:39,0,,0,
2026-09-06T04:44:09Z,2026-09-06 06:44,0,,0,
2026-09-06T04:49:14Z,2026-09-06 06:49,0,,0,
2026-09-06T04:54:19Z,2026-09-06 06:54,0,,0,
2026-09-06T04:59:24Z,2026-09-06 06:59,0,,0,
2026-09-06T05:04:30Z,2026-09-06 07:04,0,,0,
2026-09-06T05:09:35Z,2026-09-06 07:09,0,,0,
2026-09-06T05:14:40Z,2026-09-06 07:14,0,,0,
2026-09-06T05:19:45Z,2026-09-06 07:19,0,,0,
2026-09-06T05:24:50Z,2026-09-06 07:24,0,,0,
2026-09-06T06:12:00Z,2026-09-06 08:12,0,,0,
2026-09-06T06:17:05Z,2026-09-06 08:17,0,,0,
2026-09-06T06:22:09Z,2026-09-06 08:22,0,,0,
2026-09-06T06:27:15Z,2026-09-06 08:27,0,,0,
2026-09-06T06:32:19Z,2026-09-06 08:32,0,,0,
2026-09-06T06:37:24Z,2026-09-06 08:37,0,,0,
2026-09-06T06:42:29Z,2026-09-06 08:42,0,,0,
2026-09-06T06:47:34Z,2026-09-06 08:47,0,,0,
2026-09-06T06:52:39Z,2026-09-06 08:52,0,,0,
2026-09-06T07:02:47Z,2026-09-06 09:02,0,,0,
2026-09-06T07:07:53Z,2026-09-06 09:07,10,1.0,0,
2026-09-06T07:12:57Z,2026-09-06 09:12,10,1.0,0,
2026-09-06T07:18:02Z,2026-09-06 09:18,10,1.0,0,
2026-09-06T07:23:07Z,2026-09-06 09:23,10,1.0,0,
2026-09-06T07:28:13Z,2026-09-06 09:28,10,1.0,0,
2026-09-06T07:33:17Z,2026-09-06 09:33,10,1.0,0,
2026-09-06T07:38:22Z,2026-09-06 09:38,10,1.0,0,
2026-09-06T07:43:27Z,2026-09-06 09:43,10,1.0,0,
2026-09-06T07:48:31Z,2026-09-06 09:48,10,1.0,0,
2026-09-06T07:53:36Z,2026-09-06 09:53,10,1.0,0,
2026-09-06T07:58:41Z,2026-09-06 09:58,10,1.0,0,
2026-09-06T08:03:45Z,2026-09-06 10:03,10,1.0,0,
2026-09-06T08:08:50Z,2026-09-06 10:08,10,1.0,0,
2026-09-06T08:13:55Z,2026-09-06 10:13,20,2.0,10,1.0
2026-09-06T08:19:00Z,2026-09-06 10:19,20,2.0,10,1.0
2026-09-06T08:24:09Z,2026-09-06 10:24,20,2.0,10,1.0
2026-09-06T08:29:15Z,2026-09-06 10:29,20,2.0,10,1.0
2026-09-06T08:34:20Z,2026-09-06 10:34,20,2.0,20,2.0
2026-09-06T08:39:26Z,2026-09-06 10:39,20,2.0,20,2.0
2026-09-06T08:44:30Z,2026-09-06 10:44,20,2.0,20,2.0
2026-09-06T08:49:35Z,2026-09-06 10:49,20,2.0,20,2.0
2026-09-06T08:54:40Z,2026-09-06 10:54,30,3.0,20,2.0
2026-09-06T08:59:45Z,2026-09-06 10:59,30,3.0,20,2.0
2026-09-06T11:10:10Z,2026-09-06 13:10,50,5.0,50,5.0
2026-09-06T11:15:16Z,2026-09-06 13:15,50,5.0,50,5.0
2026-09-06T11:20:22Z,2026-09-06 13:20,50,5.0,50,5.0
2026-09-06T11:25:26Z,2026-09-06 13:25,50,5.0,50,5.0
2026-09-06T11:30:33Z,2026-09-06 13:30,50,5.0,50,5.0
2026-09-06T11:35:38Z,2026-09-06 13:35,50,5.0,50,5.0
2026-09-06T11:40:43Z,2026-09-06 13:40,50,5.0,50,5.0
2026-09-06T11:45:48Z,2026-09-06 13:45,50,5.0,50,5.0
2026-09-06T11:50:54Z,2026-09-06 13:50,50,5.0,50,5.0
2026-09-06T11:55:59Z,2026-09-06 13:55,50,5.0,50,5.0
2026-09-06T12:01:05Z,2026-09-06 14:01,50,5.0,50,5.0
2026-09-06T12:06:10Z,2026-09-06 14:06,60,6.0,50,5.0
2026-09-06T12:11:18Z,2026-09-06 14:11,60,6.0,50,5.0
2026-09-06T12:16:24Z,2026-09-06 14:16,60,6.0,60,6.0
2026-09-06T12:21:30Z,2026-09-06 14:21,60,6.0,60,6.0
2026-09-06T12:26:35Z,2026-09-06 14:26,60,6.0,60,6.0
2026-09-06T12:31:39Z,2026-09-06 14:31,60,6.0,60,6.0
2026-09-06T12:36:44Z,2026-09-06 14:36,60,6.0,60,6.0
2026-09-06T12:41:50Z,2026-09-06 14:41,60,6.0,60,6.0
2026-09-06T12:46:55Z,2026-09-06 14:46,60,6.0,60,6.0
2026-09-06T12:52:00Z,2026-09-06 14:52,60,6.0,60,6.0
2026-09-06T12:57:05Z,2026-09-06 14:57,60,6.0,60,6.0
2026-09-06T13:02:10Z,2026-09-06 15:02,60,6.0,60,6.0
2026-09-06T13:07:14Z,2026-09-06 15:07,60,6.0,60,6.0
2026-09-06T13:12:19Z,2026-09-06 15:12,50,5.0,60,6.0
2026-09-06T13:17:25Z,2026-09-06 15:17,50,5.0,50,5.0
2026-09-06T13:22:30Z,2026-09-06 15:22,50,5.0,50,5.0
2026-09-06T13:27:34Z,2026-09-06 15:27,50,5.0,50,5.0
2026-09-06T13:32:39Z,2026-09-06 15:32,50,5.0,50,5.0
2026-09-06T13:37:44Z,2026-09-06 15:37,50,5.0,50,5.0
2026-09-06T13:42:49Z,2026-09-06 15:42,50,5.0,50,5.0
2026-09-06T13:47:55Z,2026-09-06 15:47,40,4.0,40,4.0
2026-09-06T13:53:02Z,2026-09-06 15:53,40,4.0,40,4.0
2026-09-06T13:58:07Z,2026-09-06 15:58,40,4.0,40,4.0
2026-09-06T14:17:00Z,2026-09-06 16:17,30,3.0,40,4.0
2026-09-06T14:22:05Z,2026-09-06 16:22,30,3.0,40,4.0
2026-09-06T14:27:10Z,2026-09-06 16:27,30,3.0,40,4.0
2026-09-06T14:32:17Z,2026-09-06 16:32,30,3.0,40,4.0
2026-09-06T14:37:22Z,2026-09-06 16:37,20,2.0,50,5.0
2026-09-06T14:42:27Z,2026-09-06 16:42,20,2.0,50,5.0
2026-09-06T14:47:32Z,2026-09-06 16:47,20,2.0,50,5.0
2026-09-06T14:52:37Z,2026-09-06 16:52,20,2.0,50,5.0
2026-09-06T14:57:42Z,2026-09-06 16:57,10,1.0,50,5.0
2026-09-06T15:02:47Z,2026-09-06 17:02,10,1.0,50,5.0
2026-09-06T15:07:52Z,2026-09-06 17:07,0,,50,5.0
2026-09-06T15:12:57Z,2026-09-06 17:12,0,,50,5.0
2026-09-06T15:18:02Z,2026-09-06 17:18,0,,50,5.0
2026-09-06T15:23:07Z,2026-09-06 17:23,0,,50,5.0
2026-09-06T15:28:12Z,2026-09-06 17:28,0,,50,5.0
2026-09-06T15:33:18Z,2026-09-06 17:33,0,,50,5.0
2026-09-06T15:38:24Z,2026-09-06 17:38,0,,50,5.0
2026-09-06T15:43:29Z,2026-09-06 17:43,0,,50,5.0
2026-09-06T15:48:35Z,2026-09-06 17:48,0,,50,5.0
2026-09-06T15:53:40Z,2026-09-06 17:53,0,,50,5.0
2026-09-06T15:58:45Z,2026-09-06 17:58,0,,50,5.0
2026-09-06T16:03:50Z,2026-09-06 18:03,0,,50,5.0
2026-09-06T16:08:56Z,2026-09-06 18:08,0,,50,5.0
2026-09-06T16:14:00Z,2026-09-06 18:14,0,,50,5.0
2026-09-06T16:19:06Z,2026-09-06 18:19,0,,50,5.0
2026-09-06T16:24:11Z,2026-09-06 18:24,0,,50,5.0
2026-09-06T16:29:16Z,2026-09-06 18:29,0,,40,4.0
2026-09-06T16:34:21Z,2026-09-06 18:34,0,,40,4.0
2026-09-06T16:39:26Z,2026-09-06 18:39,0,,40,4.0
2026-09-06T16:44:31Z,2026-09-06 18:44,0,,40,4.0
2026-09-06T16:49:36Z,2026-09-06 18:49,0,,30,3.0
2026-09-06T16:54:41Z,2026-09-06 18:54,0,,30,3.0
2026-09-06T16:59:47Z,2026-09-06 18:59,0,,30,3.0
2026-09-06T17:04:52Z,2026-09-06 19:04,0,,30,3.0
2026-09-06T17:12:03Z,2026-09-06 19:12,0,,30,3.0
2026-09-06T17:17:09Z,2026-09-06 19:17,0,,30,3.0
2026-09-06T17:22:14Z,2026-09-06 19:22,0,,30,3.0
2026-09-06T17:27:20Z,2026-09-06 19:27,0,,30,3.0
2026-09-06T17:32:26Z,2026-09-06 19:32,0,,30,3.0
2026-09-06T17:37:34Z,2026-09-06 19:37,0,,30,3.0
2026-09-06T17:42:39Z,2026-09-06 19:42,0,,30,3.0
2026-09-06T17:47:44Z,2026-09-06 19:47,0,,30,3.0
2026-09-06T17:52:51Z,2026-09-06 19:52,0,,30,3.0
2026-09-06T17:57:58Z,2026-09-06 19:57,0,,30,3.0
2026-09-06T18:03:04Z,2026-09-06 20:03,0,,30,3.0
2026-09-06T18:08:10Z,2026-09-06 20:08,0,,30,3.0
2026-09-06T18:13:15Z,2026-09-06 20:13,0,,30,3.0
2026-09-06T18:18:21Z,2026-09-06 20:18,0,,30,3.0
2026-09-06T18:23:26Z,2026-09-06 20:23,0,,30,3.0
2026-09-06T18:28:32Z,2026-09-06 20:28,0,,30,3.0
2026-09-06T18:33:38Z,2026-09-06 20:33,0,,30,3.0
2026-09-06T18:38:43Z,2026-09-06 20:38,0,,30,3.0
2026-09-06T18:43:49Z,2026-09-06 20:43,0,,30,3.0
2026-09-06T18:48:54Z,2026-09-06 20:48,0,,30,3.0
2026-09-06T18:53:59Z,2026-09-06 20:53,0,,40,4.0
2026-09-06T18:59:05Z,2026-09-06 20:59,0,,40,4.0
2026-09-06T19:04:11Z,2026-09-06 21:04,0,,40,4.0
2026-09-06T19:09:17Z,2026-09-06 21:09,0,,40,4.0
2026-09-06T19:14:22Z,2026-09-06 21:14,0,,40,4.0
2026-09-06T19:19:28Z,2026-09-06 21:19,0,,40,4.0
2026-09-06T19:24:34Z,2026-09-06 21:24,0,,40,4.0
2026-09-06T19:29:40Z,2026-09-06 21:29,0,,40,4.0
2026-09-06T19:34:45Z,2026-09-06 21:34,0,,40,4.0
2026-09-06T19:39:50Z,2026-09-06 21:39,0,,40,4.0
2026-09-06T19:44:56Z,2026-09-06 21:44,0,,40,4.0
2026-09-06T19:50:02Z,2026-09-06 21:50,0,,40,4.0
2026-09-06T19:55:14Z,2026-09-06 21:55,0,,40,4.0
2026-09-06T20:00:26Z,2026-09-06 22:00,0,,40,4.0
2026-09-06T20:00:38Z,2026-09-06 22:00,0,,40,4.0
2026-09-06T20:05:43Z,2026-09-06 22:05,0,,40,4.0
2026-09-06T20:10:48Z,2026-09-06 22:10,0,,40,4.0
2026-09-06T20:15:54Z,2026-09-06 22:15,0,,40,4.0
2026-09-06T20:20:59Z,2026-09-06 22:20,0,,40,4.0
2026-09-06T20:26:04Z,2026-09-06 22:26,0,,40,4.0
2026-09-06T20:31:08Z,2026-09-06 22:31,0,,40,4.0
2026-09-06T20:36:13Z,2026-09-06 22:36,0,,40,4.0
2026-09-06T20:41:18Z,2026-09-06 22:41,0,,40,4.0
2026-09-06T20:46:24Z,2026-09-06 22:46,0,,30,3.0
2026-09-06T20:51:29Z,2026-09-06 22:51,0,,30,3.0
2026-09-06T20:56:34Z,2026-09-06 22:56,0,,30,3.0
2026-09-06T21:01:39Z,2026-09-06 23:01,0,,30,3.0
2026-09-06T21:06:44Z,2026-09-06 23:06,0,,30,3.0
2026-09-06T21:11:49Z,2026-09-06 23:11,0,,20,2.0
2026-09-06T21:16:54Z,2026-09-06 23:16,0,,20,2.0
2026-09-06T21:21:58Z,2026-09-06 23:21,0,,20,2.0
2026-09-06T21:27:04Z,2026-09-06 23:27,0,,20,2.0
2026-09-06T21:32:09Z,2026-09-06 23:32,0,,20,2.0
2026-09-06T21:37:14Z,2026-09-06 23:37,0,,10,1.0
2026-09-06T21:42:19Z,2026-09-06 23:42,0,,10,1.0
2026-09-06T21:47:24Z,2026-09-06 23:47,0,,10,1.0
2026-09-06T21:52:28Z,2026-09-06 23:52,0,,0,
2026-09-06T21:57:33Z,2026-09-06 23:57,0,,0,
2026-09-06T22:02:38Z,2026-09-07 00:02,0,,0,
2026-09-06T22:07:43Z,2026-09-07 00:07,0,,0,
2026-09-06T22:12:48Z,2026-09-07 00:12,0,,0,
2026-09-06T22:17:54Z,2026-09-07 00:17,0,,0,
2026-09-06T22:22:58Z,2026-09-07 00:22,0,,0,
2026-09-06T22:28:04Z,2026-09-07 00:28,0,,0,
2026-09-06T22:33:14Z,2026-09-07 00:33,0,,0,
2026-09-06T22:38:19Z,2026-09-07 00:38,0,,0,
2026-09-06T22:43:23Z,2026-09-07 00:43,0,,0,
2026-09-06T22:48:28Z,2026-09-07 00:48,0,,0,
2026-09-06T22:48:40Z,2026-09-07 00:48,0,,0,
2026-09-06T22:53:45Z,2026-09-07 00:53,0,,0,
2026-09-06T22:58:50Z,2026-09-07 00:58,0,,0,
2026-09-06T23:03:55Z,2026-09-07 01:03,0,,0,
2026-09-06T23:09:00Z,2026-09-07 01:09,0,,0,
2026-09-06T23:14:07Z,2026-09-07 01:14,0,,0,
2026-09-06T23:24:17Z,2026-09-07 01:24,0,,0,
2026-09-06T23:29:22Z,2026-09-07 01:29,0,,0,
2026-09-06T23:34:27Z,2026-09-07 01:34,0,,0,
2026-09-06T23:39:33Z,2026-09-07 01:39,0,,0,
2026-09-06T23:44:38Z,2026-09-07 01:44,0,,0,
2026-09-06T23:49:44Z,2026-09-07 01:49,0,,0,
2026-09-06T23:54:49Z,2026-09-07 01:54,0,,0,
2026-09-06T23:59:54Z,2026-09-07 01:59,0,,0,
2026-09-07T00:04:59Z,2026-09-07 02:04,0,,0,
2026-09-07T00:10:08Z,2026-09-07 02:10,0,,0,
2026-09-07T00:15:14Z,2026-09-07 02:15,0,,0,
2026-09-07T00:20:20Z,2026-09-07 02:20,0,,0,
2026-09-07T00:25:25Z,2026-09-07 02:25,0,,0,
2026-09-07T00:30:30Z,2026-09-07 02:30,0,,0,
2026-09-07T00:35:35Z,2026-09-07 02:35,0,,0,
2026-09-07T00:40:40Z,2026-09-07 02:40,0,,0,
2026-09-07T00:45:45Z,2026-09-07 02:45,0,,0,
2026-09-07T00:50:50Z,2026-09-07 02:50,0,,0,
2026-09-07T00:55:56Z,2026-09-07 02:55,0,,0,
2026-09-07T01:01:01Z,2026-09-07 03:01,0,,0,
2026-09-07T01:06:08Z,2026-09-07 03:06,0,,0,
2026-09-07T01:11:15Z,2026-09-07 03:11,0,,0,
2026-09-07T01:16:21Z,2026-09-07 03:16,0,,0,
2026-09-07T01:21:26Z,2026-09-07 03:21,0,,0,
2026-09-07T01:26:31Z,2026-09-07 03:26,0,,0,
2026-09-07T01:31:38Z,2026-09-07 03:31,0,,0,
2026-09-07T01:36:43Z,2026-09-07 03:36,0,,0,
2026-09-07T01:36:56Z,2026-09-07 03:36,0,,0,
2026-09-07T01:42:02Z,2026-09-07 03:42,0,,0,
2026-09-07T01:47:07Z,2026-09-07 03:47,0,,0,
2026-09-07T01:52:14Z,2026-09-07 03:52,0,,0,
2026-09-07T01:57:20Z,2026-09-07 03:57,0,,0,
2026-09-07T02:02:25Z,2026-09-07 04:02,0,,0,
2026-09-07T02:07:31Z,2026-09-07 04:07,0,,0,
2026-09-07T02:12:36Z,2026-09-07 04:12,0,,0,
2026-09-07T02:17:41Z,2026-09-07 04:17,0,,0,
2026-09-07T02:22:47Z,2026-09-07 04:22,0,,0,
2026-09-07T02:27:53Z,2026-09-07 04:27,0,,0,
2026-09-07T02:32:59Z,2026-09-07 04:32,0,,0,
2026-09-07T02:38:06Z,2026-09-07 04:38,0,,0,
2026-09-07T02:43:12Z,2026-09-07 04:43,0,,0,
2026-09-07T02:48:18Z,2026-09-07 04:48,0,,0,
2026-09-07T02:53:25Z,2026-09-07 04:53,0,,0,
2026-09-07T02:58:30Z,2026-09-07 04:58,0,,0,
2026-09-07T03:03:37Z,2026-09-07 05:03,0,,0,
2026-09-07T03:08:43Z,2026-09-07 05:08,0,,0,
2026-09-07T03:13:49Z,2026-09-07 05:13,0,,0,
2026-09-07T03:18:54Z,2026-09-07 05:18,0,,0,
2026-09-07T03:24:00Z,2026-09-07 05:24,0,,0,
2026-09-07T03:29:06Z,2026-09-07 05:29,0,,0,
2026-09-07T03:34:11Z,2026-09-07 05:34,0,,0,
2026-09-07T03:39:17Z,2026-09-07 05:39,0,,0,
2026-09-07T03:44:23Z,2026-09-07 05:44,0,,0,
2026-09-07T03:49:28Z,2026-09-07 05:49,0,,0,
2026-09-07T03:54:34Z,2026-09-07 05:54,0,,0,
2026-09-07T03:59:40Z,2026-09-07 05:59,0,,0,
2026-09-07T04:04:46Z,2026-09-07 06:04,0,,0,
2026-09-07T04:09:52Z,2026-09-07 06:09,0,,0,
2026-09-07T04:14:57Z,2026-09-07 06:14,0,,0,
2026-09-07T04:20:04Z,2026-09-07 06:20,0,,0,
2026-09-07T04:25:09Z,2026-09-07 06:25,0,,0,
2026-09-07T06:20:00Z,2026-09-07 08:20,0,,0,
2026-09-07T06:25:11Z,2026-09-07 08:25,0,,0,
2026-09-07T06:30:25Z,2026-09-07 08:30,0,,0,
2026-09-07T06:35:30Z,2026-09-07 08:35,0,,0,
2026-09-07T06:40:35Z,2026-09-07 08:40,0,,0,
2026-09-07T06:45:41Z,2026-09-07 08:45,0,,0,
2026-09-07T06:50:47Z,2026-09-07 08:50,0,,0,
2026-09-07T06:55:53Z,2026-09-07 08:55,0,,0,
2026-09-07T07:00:57Z,2026-09-07 09:00,0,,0,
2026-09-07T07:06:03Z,2026-09-07 09:06,0,,0,
2026-09-07T07:11:07Z,2026-09-07 09:11,0,,0,
2026-09-07T07:16:13Z,2026-09-07 09:16,0,,0,
2026-09-07T07:21:18Z,2026-09-07 09:21,0,,0,
2026-09-07T07:26:24Z,2026-09-07 09:26,0,,0,
2026-09-07T07:31:29Z,2026-09-07 09:31,0,,0,
2026-09-07T07:36:35Z,2026-09-07 09:36,0,,0,
2026-09-07T07:41:40Z,2026-09-07 09:41,0,,0,
2026-09-07T07:46:45Z,2026-09-07 09:46,10,1.0,0,
2026-09-07T07:51:50Z,2026-09-07 09:51,10,1.0,0,
2026-09-07T07:56:55Z,2026-09-07 09:56,10,1.0,0,
2026-09-07T08:02:00Z,2026-09-07 10:02,10,1.0,0,
2026-09-07T08:07:07Z,2026-09-07 10:07,10,1.0,0,
2026-09-07T08:12:12Z,2026-09-07 10:12,10,1.0,10,1.0
2026-09-07T08:17:18Z,2026-09-07 10:17,10,1.0,10,1.0
2026-09-07T08:22:23Z,2026-09-07 10:22,10,1.0,10,1.0
2026-09-07T08:27:28Z,2026-09-07 10:27,10,1.0,10,1.0
2026-09-07T08:32:33Z,2026-09-07 10:32,30,3.0,10,1.0
2026-09-07T08:37:39Z,2026-09-07 10:37,30,3.0,10,1.0
2026-09-07T08:42:45Z,2026-09-07 10:42,30,3.0,10,1.0
2026-09-07T08:47:50Z,2026-09-07 10:47,30,3.0,20,2.0
2026-09-07T08:52:57Z,2026-09-07 10:52,30,3.0,20,2.0
2026-09-07T08:58:02Z,2026-09-07 10:58,30,3.0,20,2.0
2026-09-07T09:03:08Z,2026-09-07 11:03,30,3.0,20,2.0
2026-09-07T09:08:13Z,2026-09-07 11:08,30,3.0,20,2.0
2026-09-07T12:51:06Z,2026-09-07 14:51,60,6.0,60,6.0
2026-09-07T12:56:15Z,2026-09-07 14:56,60,6.0,60,6.0
2026-09-07T13:01:19Z,2026-09-07 15:01,60,6.0,60,6.0
2026-09-07T13:06:24Z,2026-09-07 15:06,60,6.0,60,6.0
2026-09-07T13:11:29Z,2026-09-07 15:11,60,6.0,60,6.0
2026-09-07T13:16:34Z,2026-09-07 15:16,50,5.0,60,6.0
2026-09-07T13:21:39Z,2026-09-07 15:21,50,5.0,60,6.0
2026-09-07T13:26:44Z,2026-09-07 15:26,50,5.0,60,6.0
2026-09-07T13:31:50Z,2026-09-07 15:31,50,5.0,60,6.0
2026-09-07T13:36:55Z,2026-09-07 15:36,50,5.0,60,6.0
2026-09-07T13:47:04Z,2026-09-07 15:47,50,5.0,60,6.0
2026-09-07T13:52:09Z,2026-09-07 15:52,50,5.0,60,6.0
2026-09-07T13:57:15Z,2026-09-07 15:57,50,5.0,60,6.0
2026-09-07T14:02:20Z,2026-09-07 16:02,50,5.0,60,6.0
2026-09-07T14:07:24Z,2026-09-07 16:07,40,4.0,60,6.0
2026-09-07T14:12:29Z,2026-09-07 16:12,40,4.0,60,6.0
2026-09-07T14:17:34Z,2026-09-07 16:17,40,4.0,60,6.0
2026-09-07T14:22:39Z,2026-09-07 16:22,30,3.0,60,6.0
2026-09-07T14:27:44Z,2026-09-07 16:27,30,3.0,60,6.0
2026-09-07T14:32:49Z,2026-09-07 16:32,30,3.0,60,6.0
2026-09-07T14:37:54Z,2026-09-07 16:37,30,3.0,50,5.0
2026-09-07T14:42:58Z,2026-09-07 16:42,30,3.0,50,5.0
2026-09-07T14:48:03Z,2026-09-07 16:48,30,3.0,50,5.0
2026-09-07T14:53:08Z,2026-09-07 16:53,20,2.0,50,5.0
2026-09-07T14:58:15Z,2026-09-07 16:58,20,2.0,50,5.0
2026-09-07T15:03:20Z,2026-09-07 17:03,10,1.0,50,5.0
2026-09-07T15:08:25Z,2026-09-07 17:08,10,1.0,40,4.0
2026-09-07T15:13:29Z,2026-09-07 17:13,10,1.0,40,4.0
2026-09-07T15:18:34Z,2026-09-07 17:18,0,,40,4.0
2026-09-07T15:23:39Z,2026-09-07 17:23,0,,40,4.0
2026-09-07T15:28:44Z,2026-09-07 17:28,0,,40,4.0
2026-09-07T15:33:48Z,2026-09-07 17:33,0,,40,4.0
2026-09-07T15:38:53Z,2026-09-07 17:38,0,,40,4.0
2026-09-07T18:01:56Z,2026-09-07 20:01,0,,0,
2026-09-07T18:07:02Z,2026-09-07 20:07,0,,0,
2026-09-07T18:12:08Z,2026-09-07 20:12,0,,0,
2026-09-07T18:17:13Z,2026-09-07 20:17,0,,0,
2026-09-07T18:22:18Z,2026-09-07 20:22,0,,0,
2026-09-07T18:27:24Z,2026-09-07 20:27,0,,0,
2026-09-07T18:32:28Z,2026-09-07 20:32,0,,0,
2026-09-07T18:37:36Z,2026-09-07 20:37,0,,0,
2026-09-07T18:42:40Z,2026-09-07 20:42,0,,0,
2026-09-07T18:47:45Z,2026-09-07 20:47,0,,0,
2026-09-07T18:52:50Z,2026-09-07 20:52,0,,0,
2026-09-07T18:57:55Z,2026-09-07 20:57,0,,0,
2026-09-07T19:03:00Z,2026-09-07 21:03,0,,0,
2026-09-07T19:08:05Z,2026-09-07 21:08,0,,0,
2026-09-07T19:13:10Z,2026-09-07 21:13,0,,0,
2026-09-07T19:18:14Z,2026-09-07 21:18,0,,0,
2026-09-07T19:23:20Z,2026-09-07 21:23,0,,0,
2026-09-07T19:28:24Z,2026-09-07 21:28,0,,0,
2026-09-07T19:33:29Z,2026-09-07 21:33,0,,0,
2026-09-07T19:38:34Z,2026-09-07 21:38,0,,0,
2026-09-07T19:43:39Z,2026-09-07 21:43,0,,0,
2026-09-07T19:48:44Z,2026-09-07 21:48,0,,0,
2026-09-07T19:53:49Z,2026-09-07 21:53,0,,0,
2026-09-07T19:58:53Z,2026-09-07 21:58,0,,0,
2026-09-07T20:03:58Z,2026-09-07 22:03,0,,0,
2026-09-07T20:09:03Z,2026-09-07 22:09,0,,0,
2026-09-07T20:14:08Z,2026-09-07 22:14,0,,0,
2026-09-07T20:19:16Z,2026-09-07 22:19,0,,0,
2026-09-07T20:24:20Z,2026-09-07 22:24,0,,0,
2026-09-07T20:29:25Z,2026-09-07 22:29,0,,0,
2026-09-07T20:34:30Z,2026-09-07 22:34,0,,0,
2026-09-07T20:39:35Z,2026-09-07 22:39,0,,0,
2026-09-07T20:44:40Z,2026-09-07 22:44,0,,0,
2026-09-07T20:49:45Z,2026-09-07 22:49,0,,0,
2026-09-07T21:38:44Z,2026-09-07 23:38,0,,0,
2026-09-07T21:43:49Z,2026-09-07 23:43,0,,0,
2026-09-07T21:48:55Z,2026-09-07 23:48,0,,0,
2026-09-07T21:54:00Z,2026-09-07 23:54,0,,0,
2026-09-07T21:59:06Z,2026-09-07 23:59,0,,0,
2026-09-07T22:04:12Z,2026-09-08 00:04,0,,0,
2026-09-07T22:09:18Z,2026-09-08 00:09,0,,0,
2026-09-07T22:14:23Z,2026-09-08 00:14,0,,0,
2026-09-07T22:19:29Z,2026-09-08 00:19,0,,0,
2026-09-07T22:24:34Z,2026-09-08 00:24,0,,0,
2026-09-07T22:29:40Z,2026-09-08 00:29,0,,0,
2026-09-07T22:34:46Z,2026-09-08 00:34,0,,0,
2026-09-07T22:39:54Z,2026-09-08 00:39,0,,0,
2026-09-07T22:44:59Z,2026-09-08 00:44,0,,0,
2026-09-07T22:50:12Z,2026-09-08 00:50,0,,0,
2026-09-07T22:55:16Z,2026-09-08 00:55,0,,0,
2026-09-07T23:00:22Z,2026-09-08 01:00,0,,0,
2026-09-07T23:05:27Z,2026-09-08 01:05,0,,0,
2026-09-07T23:10:33Z,2026-09-08 01:10,0,,0,
2026-09-07T23:15:39Z,2026-09-08 01:15,0,,0,
2026-09-07T23:20:45Z,2026-09-08 01:20,0,,0,
2026-09-07T23:25:51Z,2026-09-08 01:25,0,,0,
2026-09-07T23:30:57Z,2026-09-08 01:30,0,,0,
2026-09-07T23:36:05Z,2026-09-08 01:36,0,,0,
2026-09-07T23:41:10Z,2026-09-08 01:41,0,,0,
2026-09-07T23:46:17Z,2026-09-08 01:46,0,,0,
2026-09-07T23:51:22Z,2026-09-08 01:51,0,,0,
2026-09-07T23:56:30Z,2026-09-08 01:56,0,,0,
2026-09-08T00:01:36Z,2026-09-08 02:01,0,,0,
2026-09-08T00:07:20Z,2026-09-08 02:07,0,,0,
2026-09-08T00:12:27Z,2026-09-08 02:12,0,,0,
2026-09-08T00:17:33Z,2026-09-08 02:17,0,,0,
2026-09-08T00:22:39Z,2026-09-08 02:22,0,,0,
2026-09-08T00:27:45Z,2026-09-08 02:27,0,,0,
2026-09-08T00:27:57Z,2026-09-08 02:27,0,,0,
2026-09-08T00:33:02Z,2026-09-08 02:33,0,,0,
2026-09-08T00:38:06Z,2026-09-08 02:38,0,,0,
2026-09-08T00:43:11Z,2026-09-08 02:43,0,,0,
2026-09-08T00:48:16Z,2026-09-08 02:48,0,,0,
2026-09-08T00:53:21Z,2026-09-08 02:53,0,,0,
2026-09-08T00:58:27Z,2026-09-08 02:58,0,,0,
2026-09-08T01:03:32Z,2026-09-08 03:03,0,,0,
2026-09-08T01:08:37Z,2026-09-08 03:08,0,,0,
2026-09-08T01:13:42Z,2026-09-08 03:13,0,,0,
2026-09-08T01:18:47Z,2026-09-08 03:18,0,,0,
2026-09-08T01:23:52Z,2026-09-08 03:23,0,,0,
2026-09-08T01:28:57Z,2026-09-08 03:28,0,,0,
2026-09-08T01:34:02Z,2026-09-08 03:34,0,,0,
2026-09-08T01:39:06Z,2026-09-08 03:39,0,,0,
2026-09-08T01:44:11Z,2026-09-08 03:44,0,,0,
2026-09-08T01:49:16Z,2026-09-08 03:49,0,,0,
2026-09-08T01:54:23Z,2026-09-08 03:54,0,,0,
2026-09-08T01:59:28Z,2026-09-08 03:59,0,,0,
2026-09-08T02:04:32Z,2026-09-08 04:04,0,,0,
2026-09-08T02:09:37Z,2026-09-08 04:09,0,,0,
2026-09-08T02:14:42Z,2026-09-08 04:14,0,,0,
2026-09-08T02:19:47Z,2026-09-08 04:19,0,,0,
2026-09-08T02:24:51Z,2026-09-08 04:24,0,,0,
2026-09-08T02:29:56Z,2026-09-08 04:29,0,,0,
2026-09-08T02:35:02Z,2026-09-08 04:35,0,,0,
2026-09-08T02:40:09Z,2026-09-08 04:40,0,,0,
2026-09-08T02:45:15Z,2026-09-08 04:45,0,,0,
2026-09-08T02:50:21Z,2026-09-08 04:50,0,,0,
2026-09-08T02:55:28Z,2026-09-08 04:55,0,,0,
2026-09-08T03:00:33Z,2026-09-08 05:00,0,,0,
2026-09-08T03:05:37Z,2026-09-08 05:05,0,,0,
2026-09-08T03:10:42Z,2026-09-08 05:10,0,,0,
2026-09-08T03:15:48Z,2026-09-08 05:15,0,,0,
2026-09-08T03:16:00Z,2026-09-08 05:16,0,,0,
2026-09-08T03:21:05Z,2026-09-08 05:21,0,,0,
2026-09-08T03:26:12Z,2026-09-08 05:26,0,,0,
2026-09-08T03:31:17Z,2026-09-08 05:31,0,,0,
2026-09-08T03:36:22Z,2026-09-08 05:36,0,,0,
2026-09-08T03:41:27Z,2026-09-08 05:41,0,,0,
2026-09-08T03:46:31Z,2026-09-08 05:46,0,,0,
2026-09-08T03:51:36Z,2026-09-08 05:51,0,,0,
2026-09-08T03:56:41Z,2026-09-08 05:56,0,,0,
2026-09-08T04:01:45Z,2026-09-08 06:01,0,,0,
2026-09-08T04:06:50Z,2026-09-08 06:06,0,,0,
2026-09-08T04:11:55Z,2026-09-08 06:11,0,,0,
2026-09-08T04:17:00Z,2026-09-08 06:17,0,,0,
2026-09-08T04:22:05Z,2026-09-08 06:22,0,,0,
2026-09-08T04:27:10Z,2026-09-08 06:27,0,,0,
2026-09-08T04:32:16Z,2026-09-08 06:32,0,,0,
2026-09-08T04:37:21Z,2026-09-08 06:37,0,,0,
2026-09-08T04:42:26Z,2026-09-08 06:42,0,,0,
2026-09-08T04:47:31Z,2026-09-08 06:47,0,,0,
2026-09-08T04:52:36Z,2026-09-08 06:52,0,,0,
2026-09-08T04:57:41Z,2026-09-08 06:57,0,,0,
2026-09-08T05:02:46Z,2026-09-08 07:02,0,,0,
2026-09-08T05:07:52Z,2026-09-08 07:07,0,,0,
2026-09-08T05:12:57Z,2026-09-08 07:12,0,,0,
2026-09-08T05:18:02Z,2026-09-08 07:18,0,,0,
2026-09-08T05:23:07Z,2026-09-08 07:23,0,,0,
2026-09-08T05:28:12Z,2026-09-08 07:28,0,,0,
2026-09-08T05:33:17Z,2026-09-08 07:33,0,,0,
2026-09-08T05:38:22Z,2026-09-08 07:38,0,,0,
2026-09-08T05:43:27Z,2026-09-08 07:43,0,,0,
2026-09-08T05:48:32Z,2026-09-08 07:48,0,,0,
2026-09-08T05:53:38Z,2026-09-08 07:53,0,,0,
2026-09-08T05:58:43Z,2026-09-08 07:58,0,,0,
2026-09-08T06:03:48Z,2026-09-08 08:03,0,,0,
2026-09-08T07:41:32Z,2026-09-08 09:41,0,,0,
2026-09-08T07:46:37Z,2026-09-08 09:46,0,,0,
2026-09-08T07:51:42Z,2026-09-08 09:51,0,,0,
2026-09-08T07:56:47Z,2026-09-08 09:56,0,,0,
2026-09-08T08:01:52Z,2026-09-08 10:01,0,,0,
2026-09-08T08:06:58Z,2026-09-08 10:06,0,,0,
2026-09-08T08:12:03Z,2026-09-08 10:12,0,,0,
2026-09-08T08:17:08Z,2026-09-08 10:17,0,,0,
2026-09-08T08:22:13Z,2026-09-08 10:22,0,,0,
2026-09-08T08:27:18Z,2026-09-08 10:27,0,,0,
2026-09-08T08:32:24Z,2026-09-08 10:32,0,,0,
2026-09-08T08:37:29Z,2026-09-08 10:37,0,,0,
2026-09-08T08:42:34Z,2026-09-08 10:42,0,,0,
2026-09-08T08:47:39Z,2026-09-08 10:47,0,,0,
2026-09-08T08:52:44Z,2026-09-08 10:52,0,,0,
2026-09-08T08:57:49Z,2026-09-08 10:57,0,,0,
2026-09-08T09:02:54Z,2026-09-08 11:02,0,,0,
2026-09-08T09:07:59Z,2026-09-08 11:07,0,,0,
2026-09-08T09:13:05Z,2026-09-08 11:13,0,,0,
2026-09-08T09:18:10Z,2026-09-08 11:18,0,,10,1.0
2026-09-08T09:23:15Z,2026-09-08 11:23,0,,10,1.0
2026-09-08T09:28:21Z,2026-09-08 11:28,0,,10,1.0
2026-09-08T09:33:26Z,2026-09-08 11:33,0,,10,1.0
2026-09-08T09:38:31Z,2026-09-08 11:38,10,1.0,10,1.0
2026-09-08T09:43:36Z,2026-09-08 11:43,10,1.0,20,2.0
2026-09-08T09:48:42Z,2026-09-08 11:48,10,1.0,20,2.0
2026-09-08T09:53:47Z,2026-09-08 11:53,20,2.0,20,2.0
2026-09-08T09:58:52Z,2026-09-08 11:58,20,2.0,20,2.0
2026-09-08T10:03:57Z,2026-09-08 12:03,20,2.0,20,2.0
2026-09-08T10:09:03Z,2026-09-08 12:09,20,2.0,20,2.0
2026-09-08T10:14:08Z,2026-09-08 12:14,20,2.0,20,2.0
2026-09-08T10:19:14Z,2026-09-08 12:19,20,2.0,30,3.0
2026-09-08T10:24:19Z,2026-09-08 12:24,20,2.0,30,3.0
2026-09-08T10:29:25Z,2026-09-08 12:29,20,2.0,30,3.0
2026-09-08T12:29:59Z,2026-09-08 14:29,20,2.0,30,3.0
2026-09-08T12:35:12Z,2026-09-08 14:35,20,2.0,30,3.0
2026-09-08T12:40:24Z,2026-09-08 14:40,20,2.0,30,3.0
2026-09-08T12:45:30Z,2026-09-08 14:45,10,1.0,30,3.0
2026-09-08T12:50:38Z,2026-09-08 14:50,10,1.0,30,3.0
2026-09-08T12:55:45Z,2026-09-08 14:55,10,1.0,30,3.0
2026-09-08T13:00:51Z,2026-09-08 15:00,0,,30,3.0
2026-09-08T13:05:57Z,2026-09-08 15:05,0,,30,3.0
2026-09-08T13:11:04Z,2026-09-08 15:11,0,,30,3.0
2026-09-08T13:16:10Z,2026-09-08 15:16,0,,30,3.0
2026-09-08T13:21:18Z,2026-09-08 15:21,0,,30,3.0
2026-09-08T13:26:25Z,2026-09-08 15:26,0,,30,3.0
2026-09-08T13:31:32Z,2026-09-08 15:31,0,,30,3.0
2026-09-08T13:36:39Z,2026-09-08 15:36,0,,30,3.0
2026-09-08T13:41:45Z,2026-09-08 15:41,0,,30,3.0
2026-09-08T13:46:51Z,2026-09-08 15:46,0,,30,3.0
2026-09-08T13:51:58Z,2026-09-08 15:51,0,,30,3.0
2026-09-08T13:57:04Z,2026-09-08 15:57,0,,30,3.0
2026-09-08T14:02:11Z,2026-09-08 16:02,0,,30,3.0
2026-09-08T14:07:18Z,2026-09-08 16:07,0,,30,3.0
2026-09-08T14:12:26Z,2026-09-08 16:12,0,,30,3.0
2026-09-08T14:17:32Z,2026-09-08 16:17,0,,30,3.0
2026-09-08T14:22:38Z,2026-09-08 16:22,0,,30,3.0
2026-09-08T14:27:45Z,2026-09-08 16:27,0,,30,3.0
2026-09-08T14:32:51Z,2026-09-08 16:32,0,,30,3.0
2026-09-08T14:37:58Z,2026-09-08 16:37,0,,30,3.0
2026-09-08T14:43:04Z,2026-09-08 16:43,0,,30,3.0
2026-09-08T14:48:10Z,2026-09-08 16:48,0,,30,3.0
2026-09-08T14:53:17Z,2026-09-08 16:53,0,,30,3.0
2026-09-08T14:58:23Z,2026-09-08 16:58,0,,30,3.0
2026-09-08T15:03:29Z,2026-09-08 17:03,0,,30,3.0
2026-09-08T15:08:36Z,2026-09-08 17:08,0,,30,3.0
2026-09-08T15:13:42Z,2026-09-08 17:13,0,,30,3.0
2026-09-08T15:18:48Z,2026-09-08 17:18,0,,30,3.0
2026-09-08T16:48:13Z,2026-09-08 18:48,0,,0,
2026-09-08T16:53:19Z,2026-09-08 18:53,0,,0,
2026-09-08T16:58:25Z,2026-09-08 18:58,0,,0,
2026-09-08T17:03:31Z,2026-09-08 19:03,0,,0,
2026-09-08T17:08:38Z,2026-09-08 19:08,0,,0,
2026-09-08T17:13:44Z,2026-09-08 19:13,0,,0,
2026-09-08T17:18:50Z,2026-09-08 19:18,0,,0,
2026-09-08T17:23:56Z,2026-09-08 19:23,0,,0,
2026-09-08T17:29:02Z,2026-09-08 19:29,0,,0,
2026-09-08T17:34:08Z,2026-09-08 19:34,0,,0,
2026-09-08T17:39:15Z,2026-09-08 19:39,0,,0,
2026-09-08T17:44:21Z,2026-09-08 19:44,0,,0,
2026-09-08T17:49:27Z,2026-09-08 19:49,0,,0,
2026-09-08T17:54:33Z,2026-09-08 19:54,0,,0,
2026-09-08T17:59:39Z,2026-09-08 19:59,0,,0,
2026-09-08T18:04:45Z,2026-09-08 20:04,0,,0,
2026-09-08T18:09:52Z,2026-09-08 20:09,0,,0,
2026-09-08T18:14:58Z,2026-09-08 20:14,0,,0,
2026-09-08T18:20:09Z,2026-09-08 20:20,0,,0,
2026-09-08T18:25:16Z,2026-09-08 20:25,0,,0,
2026-09-08T18:30:22Z,2026-09-08 20:30,0,,0,
2026-09-08T18:35:29Z,2026-09-08 20:35,0,,0,
2026-09-08T18:40:35Z,2026-09-08 20:40,0,,0,
2026-09-08T18:45:41Z,2026-09-08 20:45,0,,0,
2026-09-08T18:50:46Z,2026-09-08 20:50,0,,0,
2026-09-08T18:55:52Z,2026-09-08 20:55,0,,0,
2026-09-08T19:00:58Z,2026-09-08 21:00,0,,0,
2026-09-08T19:06:04Z,2026-09-08 21:06,0,,0,
2026-09-08T19:11:10Z,2026-09-08 21:11,0,,0,
2026-09-08T19:16:16Z,2026-09-08 21:16,0,,0,
2026-09-08T19:21:23Z,2026-09-08 21:21,0,,0,
2026-09-08T19:26:29Z,2026-09-08 21:26,0,,0,
2026-09-08T19:31:37Z,2026-09-08 21:31,0,,0,
2026-09-08T19:36:43Z,2026-09-08 21:36,0,,0,
2026-09-08T19:41:53Z,2026-09-08 21:41,0,,0,
2026-09-08T19:46:59Z,2026-09-08 21:46,0,,0,
2026-09-08T19:52:05Z,2026-09-08 21:52,0,,0,
2026-09-08T19:57:11Z,2026-09-08 21:57,0,,0,
2026-09-08T20:02:17Z,2026-09-08 22:02,0,,0,
2026-09-08T20:07:23Z,2026-09-08 22:07,0,,0,
2026-09-08T20:12:30Z,2026-09-08 22:12,0,,0,
2026-09-08T20:17:35Z,2026-09-08 22:17,0,,0,
2026-09-08T20:22:41Z,2026-09-08 22:22,0,,0,
2026-09-08T20:27:48Z,2026-09-08 22:27,0,,0,
2026-09-08T20:32:54Z,2026-09-08 22:32,0,,0,
2026-09-08T20:38:00Z,2026-09-08 22:38,0,,0,
2026-09-08T20:43:06Z,2026-09-08 22:43,0,,0,
2026-09-08T20:48:12Z,2026-09-08 22:48,0,,0,
2026-09-08T20:53:18Z,2026-09-08 22:53,0,,0,
2026-09-08T20:58:24Z,2026-09-08 22:58,0,,0,
2026-09-08T21:03:30Z,2026-09-08 23:03,0,,0,
2026-09-08T21:08:36Z,2026-09-08 23:08,0,,0,
2026-09-08T21:18:48Z,2026-09-08 23:18,0,,0,
2026-09-08T21:23:54Z,2026-09-08 23:23,0,,0,
2026-09-08T21:29:00Z,2026-09-08 23:29,0,,0,
2026-09-08T21:34:06Z,2026-09-08 23:34,0,,0,
2026-09-08T21:39:12Z,2026-09-08 23:39,0,,0,
2026-09-08T21:44:18Z,2026-09-08 23:44,0,,0,
2026-09-08T21:49:24Z,2026-09-08 23:49,0,,0,
2026-09-08T21:54:30Z,2026-09-08 23:54,0,,0,
2026-09-08T21:59:35Z,2026-09-08 23:59,0,,0,
2026-09-08T22:04:42Z,2026-09-09 00:04,0,,0,
2026-09-08T22:09:48Z,2026-09-09 00:09,0,,0,
2026-09-08T22:14:54Z,2026-09-09 00:14,0,,0,
2026-09-08T22:20:00Z,2026-09-09 00:20,0,,0,
2026-09-08T22:25:09Z,2026-09-09 00:25,0,,0,
2026-09-08T22:30:23Z,2026-09-09 00:30,0,,0,
2026-09-08T22:30:37Z,2026-09-09 00:30,0,,0,
2026-09-08T22:35:43Z,2026-09-09 00:35,0,,0,
2026-09-08T22:40:50Z,2026-09-09 00:40,0,,0,
2026-09-08T22:45:55Z,2026-09-09 00:45,0,,0,
2026-09-08T22:51:00Z,2026-09-09 00:51,0,,0,
2026-09-08T22:56:07Z,2026-09-09 00:56,0,,0,
2026-09-08T23:01:12Z,2026-09-09 01:01,0,,0,
2026-09-08T23:06:17Z,2026-09-09 01:06,0,,0,
2026-09-08T23:11:23Z,2026-09-09 01:11,0,,0,
2026-09-08T23:16:28Z,2026-09-09 01:16,0,,0,
2026-09-08T23:21:34Z,2026-09-09 01:21,0,,0,
2026-09-08T23:26:40Z,2026-09-09 01:26,0,,0,
2026-09-08T23:31:45Z,2026-09-09 01:31,0,,0,
2026-09-08T23:36:50Z,2026-09-09 01:36,0,,0,
2026-09-08T23:41:55Z,2026-09-09 01:41,0,,0,
2026-09-08T23:47:00Z,2026-09-09 01:47,0,,0,
2026-09-08T23:52:05Z,2026-09-09 01:52,0,,0,
2026-09-08T23:57:10Z,2026-09-09 01:57,0,,0,
2026-09-09T00:02:15Z,2026-09-09 02:02,0,,0,
2026-09-09T00:07:21Z,2026-09-09 02:07,0,,0,
2026-09-09T00:12:27Z,2026-09-09 02:12,0,,0,
2026-09-09T00:17:32Z,2026-09-09 02:17,0,,0,
2026-09-09T00:22:37Z,2026-09-09 02:22,0,,0,
2026-09-09T00:27:42Z,2026-09-09 02:27,0,,0,
2026-09-09T00:32:48Z,2026-09-09 02:32,0,,0,
2026-09-09T00:37:54Z,2026-09-09 02:37,0,,0,
2026-09-09T00:42:59Z,2026-09-09 02:42,0,,0,
2026-09-09T00:48:04Z,2026-09-09 02:48,0,,0,
2026-09-09T00:53:09Z,2026-09-09 02:53,0,,0,
2026-09-09T00:58:14Z,2026-09-09 02:58,0,,0,
2026-09-09T01:03:19Z,2026-09-09 03:03,0,,0,
2026-09-09T01:08:25Z,2026-09-09 03:08,0,,0,
2026-09-09T01:13:30Z,2026-09-09 03:13,0,,0,
2026-09-09T01:18:36Z,2026-09-09 03:18,0,,0,
2026-09-09T01:18:53Z,2026-09-09 03:18,0,,0,
2026-09-09T01:24:00Z,2026-09-09 03:24,0,,0,
2026-09-09T01:29:06Z,2026-09-09 03:29,0,,0,
2026-09-09T01:34:11Z,2026-09-09 03:34,0,,0,
2026-09-09T01:39:17Z,2026-09-09 03:39,0,,0,
2026-09-09T01:44:24Z,2026-09-09 03:44,0,,0,
2026-09-09T01:49:29Z,2026-09-09 03:49,0,,0,
2026-09-09T01:54:35Z,2026-09-09 03:54,0,,0,
2026-09-09T01:59:41Z,2026-09-09 03:59,0,,0,
2026-09-09T02:04:47Z,2026-09-09 04:04,0,,0,
2026-09-09T02:09:54Z,2026-09-09 04:09,0,,0,
2026-09-09T02:14:59Z,2026-09-09 04:14,0,,0,
2026-09-09T02:20:15Z,2026-09-09 04:20,0,,0,
2026-09-09T02:25:22Z,2026-09-09 04:25,0,,0,
2026-09-09T02:30:39Z,2026-09-09 04:30,0,,0,
2026-09-09T02:35:44Z,2026-09-09 04:35,0,,0,
2026-09-09T02:40:50Z,2026-09-09 04:40,0,,0,
2026-09-09T02:45:56Z,2026-09-09 04:45,0,,0,
2026-09-09T02:51:02Z,2026-09-09 04:51,0,,0,
2026-09-09T02:56:08Z,2026-09-09 04:56,0,,0,
2026-09-09T03:01:15Z,2026-09-09 05:01,0,,0,
2026-09-09T03:06:21Z,2026-09-09 05:06,0,,0,
2026-09-09T03:11:27Z,2026-09-09 05:11,0,,0,
2026-09-09T03:16:33Z,2026-09-09 05:16,0,,0,
2026-09-09T03:21:39Z,2026-09-09 05:21,0,,0,
2026-09-09T03:26:45Z,2026-09-09 05:26,0,,0,
2026-09-09T03:31:52Z,2026-09-09 05:31,0,,0,
2026-09-09T03:36:58Z,2026-09-09 05:36,0,,0,
2026-09-09T03:42:04Z,2026-09-09 05:42,0,,0,
2026-09-09T03:47:11Z,2026-09-09 05:47,0,,0,
2026-09-09T03:52:18Z,2026-09-09 05:52,0,,0,
2026-09-09T03:57:24Z,2026-09-09 05:57,0,,0,
2026-09-09T04:02:29Z,2026-09-09 06:02,0,,0,
2026-09-09T04:07:36Z,2026-09-09 06:07,0,,0,
2026-09-09T04:56:52Z,2026-09-09 06:56,0,,0,
2026-09-09T05:01:57Z,2026-09-09 07:01,0,,0,
2026-09-09T05:07:03Z,2026-09-09 07:07,0,,0,
2026-09-09T05:12:08Z,2026-09-09 07:12,0,,0,
2026-09-09T05:17:13Z,2026-09-09 07:17,0,,0,
2026-09-09T05:22:18Z,2026-09-09 07:22,0,,0,
2026-09-09T05:27:23Z,2026-09-09 07:27,0,,0,
2026-09-09T05:32:27Z,2026-09-09 07:32,0,,0,
2026-09-09T05:37:33Z,2026-09-09 07:37,0,,0,
2026-09-09T05:42:37Z,2026-09-09 07:42,0,,0,
2026-09-09T05:47:42Z,2026-09-09 07:47,0,,0,
2026-09-09T05:52:48Z,2026-09-09 07:52,0,,0,
2026-09-09T05:57:53Z,2026-09-09 07:57,0,,0,
2026-09-09T06:02:58Z,2026-09-09 08:02,0,,0,
2026-09-09T06:08:05Z,2026-09-09 08:08,0,,0,
2026-09-09T06:13:10Z,2026-09-09 08:13,0,,0,
2026-09-09T06:18:15Z,2026-09-09 08:18,0,,0,
2026-09-09T06:23:20Z,2026-09-09 08:23,0,,0,
2026-09-09T06:28:26Z,2026-09-09 08:28,0,,0,
2026-09-09T06:33:31Z,2026-09-09 08:33,0,,0,
2026-09-09T06:38:37Z,2026-09-09 08:38,0,,0,
2026-09-09T06:43:42Z,2026-09-09 08:43,0,,0,
2026-09-09T06:48:47Z,2026-09-09 08:48,0,,0,
2026-09-09T06:53:52Z,2026-09-09 08:53,0,,0,
2026-09-09T06:58:58Z,2026-09-09 08:58,0,,0,
2026-09-09T07:04:03Z,2026-09-09 09:04,0,,0,
2026-09-09T07:09:09Z,2026-09-09 09:09,0,,0,
2026-09-09T07:14:15Z,2026-09-09 09:14,0,,0,
2026-09-09T07:19:21Z,2026-09-09 09:19,0,,0,
2026-09-09T07:24:26Z,2026-09-09 09:24,0,,0,
2026-09-09T07:29:30Z,2026-09-09 09:29,0,,0,
2026-09-09T07:34:37Z,2026-09-09 09:34,0,,0,
2026-09-09T07:39:43Z,2026-09-09 09:39,0,,0,
2026-09-09T07:44:48Z,2026-09-09 09:44,0,,0,
2026-09-09T09:23:48Z,2026-09-09 11:23,20,2.0,30,3.0
2026-09-09T09:28:55Z,2026-09-09 11:28,20,2.0,30,3.0
2026-09-09T09:34:00Z,2026-09-09 11:34,20,2.0,30,3.0
2026-09-09T09:39:05Z,2026-09-09 11:39,20,2.0,30,3.0
2026-09-09T09:44:11Z,2026-09-09 11:44,20,2.0,30,3.0
2026-09-09T09:49:19Z,2026-09-09 11:49,20,2.0,30,3.0
2026-09-09T09:54:24Z,2026-09-09 11:54,20,2.0,30,3.0
2026-09-09T09:59:29Z,2026-09-09 11:59,30,3.0,40,4.0
2026-09-09T10:04:35Z,2026-09-09 12:04,30,3.0,40,4.0
2026-09-09T10:09:41Z,2026-09-09 12:09,30,3.0,40,4.0
2026-09-09T10:14:46Z,2026-09-09 12:14,30,3.0,40,4.0
2026-09-09T10:19:52Z,2026-09-09 12:19,40,4.0,40,4.0
2026-09-09T10:24:58Z,2026-09-09 12:24,40,4.0,40,4.0
2026-09-09T10:30:06Z,2026-09-09 12:30,40,4.0,40,4.0
2026-09-09T10:35:13Z,2026-09-09 12:35,50,5.0,40,4.0
2026-09-09T10:40:18Z,2026-09-09 12:40,50,5.0,40,4.0
2026-09-09T10:45:27Z,2026-09-09 12:45,50,5.0,40,4.0
2026-09-09T10:50:33Z,2026-09-09 12:50,50,5.0,40,4.0
2026-09-09T10:55:39Z,2026-09-09 12:55,50,5.0,40,4.0
2026-09-09T11:00:47Z,2026-09-09 13:00,50,5.0,50,5.0
2026-09-09T11:05:53Z,2026-09-09 13:05,50,5.0,50,5.0
2026-09-09T11:10:58Z,2026-09-09 13:10,50,5.0,50,5.0
2026-09-09T11:16:07Z,2026-09-09 13:16,50,5.0,50,5.0
2026-09-09T11:21:13Z,2026-09-09 13:21,50,5.0,50,5.0
2026-09-09T11:26:19Z,2026-09-09 13:26,50,5.0,60,6.0
2026-09-09T11:31:25Z,2026-09-09 13:31,50,5.0,60,6.0
2026-09-09T11:36:30Z,2026-09-09 13:36,50,5.0,60,6.0
2026-09-09T11:41:36Z,2026-09-09 13:41,50,5.0,60,6.0
2026-09-09T11:46:45Z,2026-09-09 13:46,50,5.0,60,6.0
2026-09-09T11:52:03Z,2026-09-09 13:52,40,4.0,60,6.0
2026-09-09T11:57:18Z,2026-09-09 13:57,40,4.0,60,6.0
2026-09-09T12:02:24Z,2026-09-09 14:02,40,4.0,50,5.0
2026-09-09T12:07:30Z,2026-09-09 14:07,40,4.0,50,5.0
2026-09-09T12:12:35Z,2026-09-09 14:12,40,4.0,50,5.0
2026-09-09T13:48:26Z,2026-09-09 15:48,0,,60,6.0
2026-09-09T13:53:32Z,2026-09-09 15:53,0,,60,6.0
2026-09-09T13:58:38Z,2026-09-09 15:58,0,,50,5.0
2026-09-09T14:03:45Z,2026-09-09 16:03,0,,50,5.0
2026-09-09T14:08:51Z,2026-09-09 16:08,0,,50,5.0
2026-09-09T14:13:58Z,2026-09-09 16:13,0,,50,5.0
2026-09-09T14:19:04Z,2026-09-09 16:19,0,,40,4.0
2026-09-09T14:24:11Z,2026-09-09 16:24,0,,40,4.0
2026-09-09T14:29:17Z,2026-09-09 16:29,0,,40,4.0
2026-09-09T14:34:23Z,2026-09-09 16:34,0,,40,4.0
2026-09-09T14:39:29Z,2026-09-09 16:39,0,,40,4.0
2026-09-09T14:49:44Z,2026-09-09 16:49,0,,50,5.0
2026-09-09T14:54:50Z,2026-09-09 16:54,0,,50,5.0
2026-09-09T14:59:57Z,2026-09-09 16:59,0,,50,5.0
2026-09-09T15:05:04Z,2026-09-09 17:05,0,,50,5.0
2026-09-09T15:10:21Z,2026-09-09 17:10,0,,50,5.0
2026-09-09T15:15:28Z,2026-09-09 17:15,0,,50,5.0
2026-09-09T15:20:36Z,2026-09-09 17:20,0,,50,5.0
2026-09-09T15:25:43Z,2026-09-09 17:25,0,,50,5.0
2026-09-09T15:30:50Z,2026-09-09 17:30,0,,50,5.0
2026-09-09T15:35:56Z,2026-09-09 17:35,0,,50,5.0
2026-09-09T15:41:04Z,2026-09-09 17:41,0,,50,5.0
2026-09-09T15:46:12Z,2026-09-09 17:46,0,,50,5.0
2026-09-09T15:51:18Z,2026-09-09 17:51,0,,50,5.0
2026-09-09T15:56:25Z,2026-09-09 17:56,0,,50,5.0
2026-09-09T16:01:31Z,2026-09-09 18:01,0,,50,5.0
2026-09-09T16:06:37Z,2026-09-09 18:06,0,,40,4.0
2026-09-09T16:11:43Z,2026-09-09 18:11,0,,40,4.0
2026-09-09T16:16:50Z,2026-09-09 18:16,0,,40,4.0
2026-09-09T16:21:56Z,2026-09-09 18:21,0,,40,4.0
2026-09-09T16:27:02Z,2026-09-09 18:27,0,,30,3.0
2026-09-09T16:32:11Z,2026-09-09 18:32,0,,30,3.0
2026-09-09T16:37:18Z,2026-09-09 18:37,0,,30,3.0
2026-09-09T17:28:04Z,2026-09-09 19:28,0,,30,3.0
2026-09-09T17:33:10Z,2026-09-09 19:33,0,,30,3.0
2026-09-09T17:38:17Z,2026-09-09 19:38,0,,20,2.0
2026-09-09T17:43:23Z,2026-09-09 19:43,0,,20,2.0
2026-09-09T17:48:29Z,2026-09-09 19:48,0,,20,2.0
2026-09-09T17:53:35Z,2026-09-09 19:53,0,,20,2.0
2026-09-09T17:58:41Z,2026-09-09 19:58,0,,10,1.0
2026-09-09T18:03:47Z,2026-09-09 20:03,0,,10,1.0
2026-09-09T18:08:56Z,2026-09-09 20:08,0,,0,
2026-09-09T18:14:02Z,2026-09-09 20:14,0,,0,
2026-09-09T18:19:08Z,2026-09-09 20:19,0,,0,
2026-09-09T18:24:16Z,2026-09-09 20:24,0,,0,
2026-09-09T18:29:23Z,2026-09-09 20:29,0,,0,
2026-09-09T18:34:30Z,2026-09-09 20:34,0,,0,
2026-09-09T18:39:36Z,2026-09-09 20:39,0,,0,
2026-09-09T18:44:43Z,2026-09-09 20:44,0,,0,
2026-09-09T18:49:50Z,2026-09-09 20:49,0,,0,
2026-09-09T18:54:56Z,2026-09-09 20:54,0,,0,
2026-09-09T19:00:03Z,2026-09-09 21:00,0,,0,
2026-09-09T19:05:14Z,2026-09-09 21:05,0,,0,
2026-09-09T19:10:20Z,2026-09-09 21:10,0,,0,
2026-09-09T19:15:27Z,2026-09-09 21:15,0,,0,
2026-09-09T19:20:33Z,2026-09-09 21:20,0,,0,
2026-09-09T19:25:39Z,2026-09-09 21:25,0,,0,
2026-09-09T19:30:45Z,2026-09-09 21:30,0,,0,
2026-09-09T19:35:52Z,2026-09-09 21:35,0,,0,
2026-09-09T19:40:58Z,2026-09-09 21:40,0,,0,
2026-09-09T19:46:04Z,2026-09-09 21:46,0,,0,
2026-09-09T19:51:10Z,2026-09-09 21:51,0,,0,
2026-09-09T19:56:16Z,2026-09-09 21:56,0,,0,
2026-09-09T20:01:22Z,2026-09-09 22:01,0,,0,
2026-09-09T20:06:28Z,2026-09-09 22:06,0,,0,
2026-09-09T20:11:36Z,2026-09-09 22:11,0,,0,
2026-09-09T20:16:42Z,2026-09-09 22:16,0,,0,
2026-09-09T20:16:57Z,2026-09-09 22:16,0,,0,
2026-09-09T20:22:02Z,2026-09-09 22:22,0,,0,
2026-09-09T20:27:08Z,2026-09-09 22:27,0,,0,
2026-09-09T20:32:15Z,2026-09-09 22:32,0,,0,
2026-09-09T20:37:21Z,2026-09-09 22:37,0,,0,
2026-09-09T20:47:31Z,2026-09-09 22:47,0,,0,
2026-09-09T20:52:36Z,2026-09-09 22:52,0,,0,
2026-09-09T20:57:42Z,2026-09-09 22:57,0,,0,
2026-09-09T21:02:46Z,2026-09-09 23:02,0,,0,
2026-09-09T21:07:52Z,2026-09-09 23:07,0,,0,
2026-09-09T21:12:57Z,2026-09-09 23:12,0,,0,
2026-09-09T21:18:02Z,2026-09-09 23:18,0,,0,
2026-09-09T21:23:08Z,2026-09-09 23:23,0,,0,
2026-09-09T21:28:15Z,2026-09-09 23:28,0,,0,
2026-09-09T21:33:21Z,2026-09-09 23:33,0,,0,
2026-09-09T21:38:27Z,2026-09-09 23:38,0,,0,
2026-09-09T21:43:32Z,2026-09-09 23:43,0,,0,
2026-09-09T21:48:39Z,2026-09-09 23:48,0,,0,
2026-09-09T21:53:44Z,2026-09-09 23:53,0,,0,
2026-09-09T21:58:49Z,2026-09-09 23:58,0,,0,
2026-09-09T22:03:54Z,2026-09-10 00:03,0,,0,
2026-09-09T22:08:59Z,2026-09-10 00:08,0,,0,
2026-09-09T22:14:04Z,2026-09-10 00:14,0,,0,
2026-09-09T22:19:09Z,2026-09-10 00:19,0,,0,
2026-09-09T22:24:13Z,2026-09-10 00:24,0,,0,
2026-09-09T22:29:21Z,2026-09-10 00:29,0,,0,
2026-09-09T22:34:26Z,2026-09-10 00:34,0,,0,
2026-09-09T22:39:31Z,2026-09-10 00:39,0,,0,
2026-09-09T22:44:36Z,2026-09-10 00:44,0,,0,
2026-09-09T22:49:41Z,2026-09-10 00:49,0,,0,
2026-09-09T22:54:46Z,2026-09-10 00:54,0,,0,
2026-09-09T22:59:50Z,2026-09-10 00:59,0,,0,
2026-09-09T23:04:55Z,2026-09-10 01:04,0,,0,
2026-09-09T23:05:10Z,2026-09-10 01:05,0,,0,
2026-09-09T23:10:15Z,2026-09-10 01:10,0,,0,
2026-09-09T23:15:22Z,2026-09-10 01:15,0,,0,
2026-09-09T23:20:27Z,2026-09-10 01:20,0,,0,
2026-09-09T23:25:33Z,2026-09-10 01:25,0,,0,
2026-09-09T23:30:39Z,2026-09-10 01:30,0,,0,
2026-09-09T23:35:44Z,2026-09-10 01:35,0,,0,
2026-09-09T23:40:49Z,2026-09-10 01:40,0,,0,
2026-09-09T23:45:53Z,2026-09-10 01:45,0,,0,
2026-09-09T23:50:58Z,2026-09-10 01:50,0,,0,
2026-09-09T23:56:03Z,2026-09-10 01:56,0,,0,
2026-09-10T00:01:08Z,2026-09-10 02:01,0,,0,
2026-09-10T00:06:12Z,2026-09-10 02:06,0,,0,
2026-09-10T00:11:17Z,2026-09-10 02:11,0,,0,
2026-09-10T00:16:25Z,2026-09-10 02:16,0,,0,
2026-09-10T00:21:30Z,2026-09-10 02:21,0,,0,
2026-09-10T00:26:35Z,2026-09-10 02:26,0,,0,
2026-09-10T00:31:40Z,2026-09-10 02:31,0,,0,
2026-09-10T00:36:46Z,2026-09-10 02:36,0,,0,
2026-09-10T00:41:52Z,2026-09-10 02:41,0,,0,
2026-09-10T00:46:56Z,2026-09-10 02:46,0,,0,
2026-09-10T00:52:01Z,2026-09-10 02:52,0,,0,
2026-09-10T00:57:07Z,2026-09-10 02:57,0,,0,
2026-09-10T01:02:12Z,2026-09-10 03:02,0,,0,
2026-09-10T01:07:17Z,2026-09-10 03:07,0,,0,
2026-09-10T01:12:22Z,2026-09-10 03:12,0,,0,
2026-09-10T01:17:27Z,2026-09-10 03:17,0,,0,
2026-09-10T01:22:32Z,2026-09-10 03:22,0,,0,
2026-09-10T01:27:36Z,2026-09-10 03:27,0,,0,
2026-09-10T01:32:41Z,2026-09-10 03:32,0,,0,
2026-09-10T01:37:46Z,2026-09-10 03:37,0,,0,
2026-09-10T01:42:51Z,2026-09-10 03:42,0,,0,
2026-09-10T01:47:56Z,2026-09-10 03:47,0,,0,
2026-09-10T01:53:01Z,2026-09-10 03:53,0,,0,
2026-09-10T01:53:12Z,2026-09-10 03:53,0,,0,
2026-09-10T01:58:18Z,2026-09-10 03:58,0,,0,
2026-09-10T02:03:23Z,2026-09-10 04:03,0,,0,
2026-09-10T02:08:28Z,2026-09-10 04:08,0,,0,
2026-09-10T02:13:34Z,2026-09-10 04:13,0,,0,
2026-09-10T02:18:39Z,2026-09-10 04:18,0,,0,
2026-09-10T02:23:44Z,2026-09-10 04:23,0,,0,
2026-09-10T02:28:50Z,2026-09-10 04:28,0,,0,
2026-09-10T02:33:55Z,2026-09-10 04:33,0,,0,
2026-09-10T02:39:00Z,2026-09-10 04:39,0,,0,
2026-09-10T02:44:06Z,2026-09-10 04:44,0,,0,
2026-09-10T02:49:11Z,2026-09-10 04:49,0,,0,
2026-09-10T02:54:17Z,2026-09-10 04:54,0,,0,
2026-09-10T02:59:22Z,2026-09-10 04:59,0,,0,
2026-09-10T03:04:28Z,2026-09-10 05:04,0,,0,
2026-09-10T03:09:34Z,2026-09-10 05:09,0,,0,
2026-09-10T03:14:39Z,2026-09-10 05:14,0,,0,
2026-09-10T03:19:44Z,2026-09-10 05:19,0,,0,
2026-09-10T03:24:50Z,2026-09-10 05:24,0,,0,
2026-09-10T03:29:56Z,2026-09-10 05:29,0,,0,
2026-09-10T03:35:01Z,2026-09-10 05:35,0,,0,
2026-09-10T03:40:09Z,2026-09-10 05:40,0,,0,
2026-09-10T03:45:17Z,2026-09-10 05:45,0,,0,
2026-09-10T03:50:25Z,2026-09-10 05:50,0,,0,
2026-09-10T03:55:30Z,2026-09-10 05:55,0,,0,
2026-09-10T04:00:36Z,2026-09-10 06:00,0,,0,
2026-09-10T04:05:42Z,2026-09-10 06:05,0,,0,
2026-09-10T04:10:47Z,2026-09-10 06:10,0,,0,
2026-09-10T04:15:53Z,2026-09-10 06:15,0,,0,
2026-09-10T04:20:58Z,2026-09-10 06:20,0,,0,
2026-09-10T04:26:04Z,2026-09-10 06:26,0,,0,
2026-09-10T04:31:09Z,2026-09-10 06:31,0,,0,
2026-09-10T04:36:15Z,2026-09-10 06:36,0,,0,
2026-09-10T04:41:20Z,2026-09-10 06:41,0,,0,
2026-09-10T04:59:27Z,2026-09-10 06:59,0,,0,
2026-09-10T05:04:34Z,2026-09-10 07:04,0,,0,
2026-09-10T05:09:40Z,2026-09-10 07:09,0,,0,
2026-09-10T05:14:46Z,2026-09-10 07:14,0,,0,
2026-09-10T05:19:51Z,2026-09-10 07:19,0,,0,
2026-09-10T05:24:57Z,2026-09-10 07:24,0,,0,
2026-09-10T05:30:03Z,2026-09-10 07:30,0,,0,
2026-09-10T05:35:09Z,2026-09-10 07:35,0,,0,
2026-09-10T05:40:19Z,2026-09-10 07:40,0,,0,
2026-09-10T05:45:27Z,2026-09-10 07:45,0,,0,
2026-09-10T05:50:32Z,2026-09-10 07:50,0,,0,
2026-09-10T05:55:38Z,2026-09-10 07:55,0,,0,
2026-09-10T06:00:43Z,2026-09-10 08:00,0,,0,
2026-09-10T06:05:49Z,2026-09-10 08:05,0,,0,
2026-09-10T06:10:56Z,2026-09-10 08:10,0,,0,
2026-09-10T06:16:02Z,2026-09-10 08:16,0,,0,
2026-09-10T06:21:08Z,2026-09-10 08:21,0,,0,
2026-09-10T06:26:14Z,2026-09-10 08:26,0,,0,
2026-09-10T06:31:20Z,2026-09-10 08:31,0,,0,
2026-09-10T06:36:26Z,2026-09-10 08:36,0,,0,
2026-09-10T06:41:32Z,2026-09-10 08:41,0,,0,
2026-09-10T06:46:37Z,2026-09-10 08:46,0,,0,
2026-09-10T06:51:43Z,2026-09-10 08:51,0,,0,
2026-09-10T06:56:49Z,2026-09-10 08:56,0,,0,
2026-09-10T07:01:56Z,2026-09-10 09:01,0,,0,
2026-09-10T07:07:03Z,2026-09-10 09:07,0,,0,
2026-09-10T07:12:09Z,2026-09-10 09:12,0,,0,
2026-09-10T07:17:15Z,2026-09-10 09:17,0,,0,
2026-09-10T07:22:20Z,2026-09-10 09:22,0,,0,
2026-09-10T07:27:27Z,2026-09-10 09:27,0,,0,
2026-09-10T07:32:33Z,2026-09-10 09:32,0,,0,
2026-09-10T07:37:39Z,2026-09-10 09:37,0,,0,
2026-09-10T07:42:45Z,2026-09-10 09:42,0,,0,
2026-09-10T07:47:50Z,2026-09-10 09:47,0,,0,
2026-09-10T09:28:36Z,2026-09-10 11:28,30,3.0,20,2.0
2026-09-10T09:33:43Z,2026-09-10 11:33,30,3.0,20,2.0
2026-09-10T09:38:49Z,2026-09-10 11:38,30,3.0,20,2.0
2026-09-10T09:43:55Z,2026-09-10 11:43,30,3.0,20,2.0
2026-09-10T09:49:02Z,2026-09-10 11:49,30,3.0,30,3.0
2026-09-10T09:54:09Z,2026-09-10 11:54,30,3.0,30,3.0
2026-09-10T09:59:16Z,2026-09-10 11:59,30,3.0,30,3.0
2026-09-10T10:04:21Z,2026-09-10 12:04,30,3.0,30,3.0
2026-09-10T10:09:28Z,2026-09-10 12:09,30,3.0,30,3.0
2026-09-10T10:14:34Z,2026-09-10 12:14,30,3.0,30,3.0
2026-09-10T10:19:40Z,2026-09-10 12:19,30,3.0,40,4.0
2026-09-10T10:24:47Z,2026-09-10 12:24,30,3.0,40,4.0
2026-09-10T10:29:53Z,2026-09-10 12:29,30,3.0,40,4.0
2026-09-10T10:35:00Z,2026-09-10 12:35,30,3.0,40,4.0
2026-09-10T10:40:12Z,2026-09-10 12:40,30,3.0,40,4.0
2026-09-10T10:45:18Z,2026-09-10 12:45,30,3.0,40,4.0
2026-09-10T10:50:26Z,2026-09-10 12:50,40,4.0,40,4.0
2026-09-10T10:55:33Z,2026-09-10 12:55,40,4.0,40,4.0
2026-09-10T11:00:42Z,2026-09-10 13:00,40,4.0,40,4.0
2026-09-10T11:05:49Z,2026-09-10 13:05,40,4.0,50,5.0
2026-09-10T11:10:56Z,2026-09-10 13:10,50,5.0,50,5.0
2026-09-10T11:16:03Z,2026-09-10 13:16,50,5.0,50,5.0
2026-09-10T11:21:09Z,2026-09-10 13:21,50,5.0,50,5.0
2026-09-10T11:26:16Z,2026-09-10 13:26,50,5.0,50,5.0
2026-09-10T11:31:22Z,2026-09-10 13:31,50,5.0,50,5.0
2026-09-10T11:36:28Z,2026-09-10 13:36,50,5.0,50,5.0
2026-09-10T11:41:34Z,2026-09-10 13:41,50,5.0,50,5.0
2026-09-10T11:46:40Z,2026-09-10 13:46,50,5.0,50,5.0
2026-09-10T11:51:46Z,2026-09-10 13:51,50,5.0,50,5.0
2026-09-10T11:56:52Z,2026-09-10 13:56,50,5.0,50,5.0
2026-09-10T12:01:58Z,2026-09-10 14:01,50,5.0,50,5.0
2026-09-10T12:07:05Z,2026-09-10 14:07,50,5.0,50,5.0
2026-09-10T12:17:18Z,2026-09-10 14:17,50,5.0,50,5.0
2026-09-10T13:45:01Z,2026-09-10 15:45,50,5.0,50,5.0
2026-09-10T13:50:15Z,2026-09-10 15:50,50,5.0,50,5.0
2026-09-10T13:55:22Z,2026-09-10 15:55,50,5.0,50,5.0
2026-09-10T14:00:30Z,2026-09-10 16:00,40,4.0,50,5.0
2026-09-10T14:05:37Z,2026-09-10 16:05,40,4.0,50,5.0
2026-09-10T14:10:46Z,2026-09-10 16:10,40,4.0,50,5.0
2026-09-10T14:15:52Z,2026-09-10 16:15,40,4.0,50,5.0
2026-09-10T14:20:59Z,2026-09-10 16:20,40,4.0,50,5.0
2026-09-10T14:26:05Z,2026-09-10 16:26,40,4.0,50,5.0
2026-09-10T14:31:12Z,2026-09-10 16:31,30,3.0,50,5.0
2026-09-10T14:36:21Z,2026-09-10 16:36,30,3.0,50,5.0
2026-09-10T14:41:28Z,2026-09-10 16:41,30,3.0,50,5.0
2026-09-10T14:46:34Z,2026-09-10 16:46,30,3.0,50,5.0
2026-09-10T14:51:40Z,2026-09-10 16:51,30,3.0,50,5.0
2026-09-10T14:56:47Z,2026-09-10 16:56,30,3.0,50,5.0
2026-09-10T15:01:53Z,2026-09-10 17:01,30,3.0,50,5.0
2026-09-10T15:07:01Z,2026-09-10 17:07,30,3.0,50,5.0
2026-09-10T15:12:08Z,2026-09-10 17:12,30,3.0,50,5.0
2026-09-10T15:17:16Z,2026-09-10 17:17,30,3.0,50,5.0
2026-09-10T15:22:22Z,2026-09-10 17:22,30,3.0,50,5.0
2026-09-10T15:27:28Z,2026-09-10 17:27,30,3.0,50,5.0
2026-09-10T15:32:34Z,2026-09-10 17:32,20,2.0,50,5.0
2026-09-10T15:37:41Z,2026-09-10 17:37,20,2.0,50,5.0
2026-09-10T15:42:47Z,2026-09-10 17:42,20,2.0,50,5.0
2026-09-10T15:47:53Z,2026-09-10 17:47,20,2.0,50,5.0
2026-09-10T15:52:59Z,2026-09-10 17:52,20,2.0,50,5.0
2026-09-10T15:58:06Z,2026-09-10 17:58,20,2.0,50,5.0
2026-09-10T16:03:13Z,2026-09-10 18:03,20,2.0,40,4.0
2026-09-10T16:08:19Z,2026-09-10 18:08,10,1.0,40,4.0
2026-09-10T16:13:26Z,2026-09-10 18:13,10,1.0,40,4.0
2026-09-10T16:18:32Z,2026-09-10 18:18,10,1.0,40,4.0
2026-09-10T16:23:38Z,2026-09-10 18:23,0,,40,4.0
2026-09-10T16:28:44Z,2026-09-10 18:28,0,,30,3.0
2026-09-10T16:33:52Z,2026-09-10 18:33,0,,30,3.0
2026-09-10T17:25:54Z,2026-09-10 19:25,0,,20,2.0
2026-09-10T17:31:00Z,2026-09-10 19:31,0,,20,2.0
2026-09-10T17:36:06Z,2026-09-10 19:36,0,,10,1.0
2026-09-10T17:41:12Z,2026-09-10 19:41,0,,10,1.0
2026-09-10T17:46:18Z,2026-09-10 19:46,0,,10,1.0
2026-09-10T17:51:24Z,2026-09-10 19:51,0,,0,
2026-09-10T17:56:29Z,2026-09-10 19:56,0,,0,
2026-09-10T18:01:35Z,2026-09-10 20:01,0,,0,
2026-09-10T18:06:41Z,2026-09-10 20:06,0,,0,
2026-09-10T18:11:48Z,2026-09-10 20:11,0,,0,
2026-09-10T18:16:55Z,2026-09-10 20:16,0,,0,
2026-09-10T18:22:00Z,2026-09-10 20:22,0,,0,
2026-09-10T18:27:06Z,2026-09-10 20:27,0,,0,
2026-09-10T18:32:12Z,2026-09-10 20:32,0,,0,
2026-09-10T18:37:17Z,2026-09-10 20:37,0,,0,
2026-09-10T18:42:23Z,2026-09-10 20:42,0,,0,
2026-09-10T18:47:29Z,2026-09-10 20:47,0,,0,
2026-09-10T18:52:35Z,2026-09-10 20:52,0,,0,
2026-09-10T18:57:42Z,2026-09-10 20:57,0,,0,
2026-09-10T19:02:48Z,2026-09-10 21:02,0,,0,
2026-09-10T19:07:55Z,2026-09-10 21:07,0,,0,
2026-09-10T19:13:00Z,2026-09-10 21:13,0,,0,
2026-09-10T19:18:06Z,2026-09-10 21:18,0,,0,
2026-09-10T19:23:12Z,2026-09-10 21:23,0,,0,
2026-09-10T19:28:17Z,2026-09-10 21:28,0,,0,
2026-09-10T19:33:23Z,2026-09-10 21:33,0,,0,
2026-09-10T19:38:28Z,2026-09-10 21:38,0,,0,
2026-09-10T19:43:34Z,2026-09-10 21:43,0,,0,
2026-09-10T19:48:40Z,2026-09-10 21:48,0,,0,
2026-09-10T19:53:46Z,2026-09-10 21:53,0,,0,
2026-09-10T19:58:52Z,2026-09-10 21:58,0,,0,
2026-09-10T20:03:57Z,2026-09-10 22:03,0,,0,
2026-09-10T20:09:04Z,2026-09-10 22:09,0,,0,
2026-09-10T20:14:09Z,2026-09-10 22:14,0,,0,
2026-09-10T20:14:22Z,2026-09-10 22:14,0,,0,
2026-09-10T20:19:27Z,2026-09-10 22:19,0,,0,
2026-09-10T20:24:32Z,2026-09-10 22:24,0,,0,
2026-09-10T20:29:37Z,2026-09-10 22:29,0,,0,
2026-09-10T20:34:42Z,2026-09-10 22:34,0,,0,
2026-09-10T20:39:47Z,2026-09-10 22:39,0,,0,
2026-09-10T20:44:52Z,2026-09-10 22:44,0,,0,
2026-09-10T20:49:58Z,2026-09-10 22:49,0,,0,
2026-09-10T20:55:03Z,2026-09-10 22:55,0,,0,
2026-09-10T21:00:24Z,2026-09-10 23:00,0,,0,
2026-09-10T21:05:29Z,2026-09-10 23:05,0,,0,
2026-09-10T21:10:34Z,2026-09-10 23:10,0,,0,
2026-09-10T21:15:39Z,2026-09-10 23:15,0,,0,
2026-09-10T21:20:44Z,2026-09-10 23:20,0,,0,
2026-09-10T21:25:49Z,2026-09-10 23:25,0,,0,
2026-09-10T21:30:54Z,2026-09-10 23:30,0,,0,
2026-09-10T21:36:00Z,2026-09-10 23:36,0,,0,
2026-09-10T21:41:05Z,2026-09-10 23:41,0,,0,
2026-09-10T21:46:10Z,2026-09-10 23:46,0,,0,
2026-09-10T21:51:15Z,2026-09-10 23:51,0,,0,
2026-09-10T21:56:20Z,2026-09-10 23:56,0,,0,
2026-09-10T22:01:25Z,2026-09-11 00:01,0,,0,
2026-09-10T22:06:30Z,2026-09-11 00:06,0,,0,
2026-09-10T22:11:35Z,2026-09-11 00:11,0,,0,
2026-09-10T22:16:40Z,2026-09-11 00:16,0,,0,
2026-09-10T22:21:45Z,2026-09-11 00:21,0,,0,
2026-09-10T22:26:50Z,2026-09-11 00:26,0,,0,
2026-09-10T22:31:54Z,2026-09-11 00:31,0,,0,
2026-09-10T22:36:59Z,2026-09-11 00:36,0,,0,
2026-09-10T22:42:05Z,2026-09-11 00:42,0,,0,
2026-09-10T22:47:11Z,2026-09-11 00:47,0,,0,
2026-09-10T22:52:16Z,2026-09-11 00:52,0,,0,
2026-09-10T22:57:23Z,2026-09-11 00:57,0,,0,
2026-09-10T23:02:28Z,2026-09-11 01:02,0,,0,
2026-09-10T23:02:39Z,2026-09-11 01:02,0,,0,
2026-09-10T23:07:44Z,2026-09-11 01:07,0,,0,
2026-09-10T23:12:48Z,2026-09-11 01:12,0,,0,
2026-09-10T23:17:54Z,2026-09-11 01:17,0,,0,
2026-09-10T23:22:59Z,2026-09-11 01:22,0,,0,
2026-09-10T23:28:04Z,2026-09-11 01:28,0,,0,
2026-09-10T23:33:09Z,2026-09-11 01:33,0,,0,
2026-09-10T23:38:14Z,2026-09-11 01:38,0,,0,
2026-09-10T23:43:18Z,2026-09-11 01:43,0,,0,
2026-09-10T23:48:23Z,2026-09-11 01:48,0,,0,
2026-09-10T23:53:28Z,2026-09-11 01:53,0,,0,
2026-09-10T23:58:34Z,2026-09-11 01:58,0,,0,
2026-09-11T00:03:39Z,2026-09-11 02:03,0,,0,
2026-09-11T00:08:45Z,2026-09-11 02:08,0,,0,
2026-09-11T00:13:51Z,2026-09-11 02:13,0,,0,
2026-09-11T00:18:56Z,2026-09-11 02:18,0,,0,
2026-09-11T00:24:02Z,2026-09-11 02:24,0,,0,
2026-09-11T00:29:07Z,2026-09-11 02:29,0,,0,
2026-09-11T00:34:14Z,2026-09-11 02:34,0,,0,
2026-09-11T00:39:19Z,2026-09-11 02:39,0,,0,
2026-09-11T00:44:24Z,2026-09-11 02:44,0,,0,
2026-09-11T00:49:31Z,2026-09-11 02:49,0,,0,
2026-09-11T00:54:36Z,2026-09-11 02:54,0,,0,
2026-09-11T00:59:41Z,2026-09-11 02:59,0,,0,
2026-09-11T01:04:46Z,2026-09-11 03:04,0,,0,
2026-09-11T01:09:52Z,2026-09-11 03:09,0,,0,
2026-09-11T01:14:57Z,2026-09-11 03:14,0,,0,
2026-09-11T01:20:03Z,2026-09-11 03:20,0,,0,
2026-09-11T01:25:12Z,2026-09-11 03:25,0,,0,
2026-09-11T01:35:32Z,2026-09-11 03:35,0,,0,
2026-09-11T01:40:38Z,2026-09-11 03:40,0,,0,
2026-09-11T01:45:43Z,2026-09-11 03:45,0,,0,
2026-09-11T01:50:47Z,2026-09-11 03:50,0,,0,
2026-09-11T01:51:01Z,2026-09-11 03:51,0,,0,
2026-09-11T01:56:06Z,2026-09-11 03:56,0,,0,
2026-09-11T02:01:12Z,2026-09-11 04:01,0,,0,
2026-09-11T02:06:18Z,2026-09-11 04:06,0,,0,
2026-09-11T02:11:24Z,2026-09-11 04:11,0,,0,
2026-09-11T02:16:31Z,2026-09-11 04:16,0,,0,
2026-09-11T02:21:37Z,2026-09-11 04:21,0,,0,
2026-09-11T02:26:44Z,2026-09-11 04:26,0,,0,
2026-09-11T02:31:49Z,2026-09-11 04:31,0,,0,
2026-09-11T02:36:55Z,2026-09-11 04:36,0,,0,
2026-09-11T02:42:03Z,2026-09-11 04:42,0,,0,
2026-09-11T02:47:12Z,2026-09-11 04:47,0,,0,
2026-09-11T02:52:18Z,2026-09-11 04:52,0,,0,
2026-09-11T02:57:23Z,2026-09-11 04:57,0,,0,
2026-09-11T03:02:29Z,2026-09-11 05:02,0,,0,
2026-09-11T03:07:35Z,2026-09-11 05:07,0,,0,
2026-09-11T03:12:41Z,2026-09-11 05:12,0,,0,
2026-09-11T03:17:46Z,2026-09-11 05:17,0,,0,
2026-09-11T03:22:52Z,2026-09-11 05:22,0,,0,
2026-09-11T03:27:58Z,2026-09-11 05:27,0,,0,
2026-09-11T03:33:03Z,2026-09-11 05:33,0,,0,
2026-09-11T03:38:10Z,2026-09-11 05:38,0,,0,
2026-09-11T03:43:15Z,2026-09-11 05:43,0,,0,
2026-09-11T03:48:21Z,2026-09-11 05:48,0,,0,
2026-09-11T03:53:27Z,2026-09-11 05:53,0,,0,
2026-09-11T03:58:33Z,2026-09-11 05:58,0,,0,
2026-09-11T04:03:38Z,2026-09-11 06:03,0,,0,
2026-09-11T04:08:46Z,2026-09-11 06:08,0,,0,
2026-09-11T04:13:52Z,2026-09-11 06:13,0,,0,
2026-09-11T04:18:57Z,2026-09-11 06:18,0,,0,
2026-09-11T04:24:04Z,2026-09-11 06:24,0,,0,
2026-09-11T04:29:09Z,2026-09-11 06:29,0,,0,
2026-09-11T04:34:15Z,2026-09-11 06:34,0,,0,
2026-09-11T04:39:21Z,2026-09-11 06:39,0,,0,
2026-09-11T04:56:56Z,2026-09-11 06:56,0,,0,
2026-09-11T05:02:01Z,2026-09-11 07:02,0,,0,
2026-09-11T05:07:07Z,2026-09-11 07:07,0,,0,
2026-09-11T05:12:12Z,2026-09-11 07:12,0,,0,
2026-09-11T05:17:18Z,2026-09-11 07:17,0,,0,
2026-09-11T05:22:23Z,2026-09-11 07:22,0,,0,
2026-09-11T05:27:28Z,2026-09-11 07:27,0,,0,
2026-09-11T05:32:33Z,2026-09-11 07:32,0,,0,
2026-09-11T05:37:38Z,2026-09-11 07:37,0,,0,
2026-09-11T05:42:43Z,2026-09-11 07:42,0,,0,
2026-09-11T05:47:49Z,2026-09-11 07:47,0,,0,
2026-09-11T05:52:54Z,2026-09-11 07:52,0,,0,
2026-09-11T05:57:59Z,2026-09-11 07:57,0,,0,
2026-09-11T06:03:05Z,2026-09-11 08:03,0,,0,
2026-09-11T06:08:11Z,2026-09-11 08:08,0,,0,
2026-09-11T06:13:16Z,2026-09-11 08:13,0,,0,
2026-09-11T06:18:22Z,2026-09-11 08:18,0,,0,
2026-09-11T06:23:27Z,2026-09-11 08:23,0,,0,
2026-09-11T06:28:32Z,2026-09-11 08:28,0,,0,
2026-09-11T06:33:38Z,2026-09-11 08:33,0,,0,
2026-09-11T06:38:43Z,2026-09-11 08:38,0,,0,
2026-09-11T06:43:48Z,2026-09-11 08:43,0,,0,
2026-09-11T06:48:54Z,2026-09-11 08:48,0,,0,
2026-09-11T06:53:59Z,2026-09-11 08:53,0,,0,
2026-09-11T06:59:06Z,2026-09-11 08:59,0,,0,
2026-09-11T07:04:12Z,2026-09-11 09:04,0,,0,
2026-09-11T07:09:17Z,2026-09-11 09:09,0,,0,
2026-09-11T07:14:22Z,2026-09-11 09:14,0,,0,
2026-09-11T07:19:30Z,2026-09-11 09:19,0,,0,
2026-09-11T07:24:36Z,2026-09-11 09:24,0,,0,
2026-09-11T07:29:41Z,2026-09-11 09:29,0,,0,
2026-09-11T07:34:46Z,2026-09-11 09:34,0,,0,
2026-09-11T07:39:51Z,2026-09-11 09:39,0,,0,
2026-09-11T07:44:56Z,2026-09-11 09:44,0,,0,
2026-09-11T09:21:43Z,2026-09-11 11:21,40,4.0,30,3.0
2026-09-11T09:26:50Z,2026-09-11 11:26,40,4.0,30,3.0
2026-09-11T09:31:57Z,2026-09-11 11:31,40,4.0,30,3.0
2026-09-11T09:37:05Z,2026-09-11 11:37,40,4.0,30,3.0
2026-09-11T09:42:10Z,2026-09-11 11:42,50,5.0,30,3.0
2026-09-11T09:47:16Z,2026-09-11 11:47,50,5.0,30,3.0
2026-09-11T09:52:22Z,2026-09-11 11:52,50,5.0,40,4.0
2026-09-11T09:57:30Z,2026-09-11 11:57,50,5.0,40,4.0
2026-09-11T10:02:36Z,2026-09-11 12:02,50,5.0,40,4.0
2026-09-11T10:07:42Z,2026-09-11 12:07,60,6.0,40,4.0
2026-09-11T10:12:49Z,2026-09-11 12:12,60,6.0,40,4.0
2026-09-11T10:17:55Z,2026-09-11 12:17,60,6.0,40,4.0
2026-09-11T10:23:01Z,2026-09-11 12:23,70,7.0,40,4.0
2026-09-11T10:28:08Z,2026-09-11 12:28,70,7.0,40,4.0
2026-09-11T10:33:15Z,2026-09-11 12:33,70,7.0,40,4.0
2026-09-11T10:38:21Z,2026-09-11 12:38,70,7.0,40,4.0
2026-09-11T10:43:27Z,2026-09-11 12:43,70,7.0,40,4.0
2026-09-11T10:48:35Z,2026-09-11 12:48,70,7.0,50,5.0
2026-09-11T10:53:41Z,2026-09-11 12:53,70,7.0,50,5.0
2026-09-11T10:58:47Z,2026-09-11 12:58,70,7.0,50,5.0
2026-09-11T11:03:53Z,2026-09-11 13:03,70,7.0,50,5.0
2026-09-11T11:08:59Z,2026-09-11 13:08,70,7.0,50,5.0
2026-09-11T11:14:05Z,2026-09-11 13:14,70,7.0,50,5.0
2026-09-11T11:19:10Z,2026-09-11 13:19,70,7.0,50,5.0
2026-09-11T11:24:16Z,2026-09-11 13:24,70,7.0,50,5.0
2026-09-11T11:29:23Z,2026-09-11 13:29,70,7.0,50,5.0
2026-09-11T11:34:29Z,2026-09-11 13:34,60,6.0,50,5.0
2026-09-11T11:39:35Z,2026-09-11 13:39,60,6.0,50,5.0
2026-09-11T11:44:40Z,2026-09-11 13:44,60,6.0,50,5.0
2026-09-11T11:49:46Z,2026-09-11 13:49,60,6.0,50,5.0
2026-09-11T11:54:52Z,2026-09-11 13:54,60,6.0,50,5.0
2026-09-11T11:59:57Z,2026-09-11 13:59,60,6.0,50,5.0
2026-09-11T12:05:03Z,2026-09-11 14:05,60,6.0,50,5.0
2026-09-11T12:10:21Z,2026-09-11 14:10,70,,50,5.0
2026-09-11T13:41:48Z,2026-09-11 15:41,50,5.0,50,5.0
2026-09-11T13:46:55Z,2026-09-11 15:46,50,5.0,50,5.0
2026-09-11T13:52:01Z,2026-09-11 15:52,50,5.0,50,5.0
2026-09-11T13:57:06Z,2026-09-11 15:57,50,5.0,50,5.0
2026-09-11T14:02:12Z,2026-09-11 16:02,50,5.0,50,5.0
2026-09-11T14:07:17Z,2026-09-11 16:07,50,5.0,50,5.0
2026-09-11T14:12:24Z,2026-09-11 16:12,50,5.0,50,5.0
2026-09-11T14:17:29Z,2026-09-11 16:17,40,4.0,40,4.0
2026-09-11T14:22:33Z,2026-09-11 16:22,40,4.0,40,4.0
2026-09-11T14:27:38Z,2026-09-11 16:27,40,4.0,40,4.0
2026-09-11T14:32:42Z,2026-09-11 16:32,40,4.0,40,4.0
2026-09-11T14:37:47Z,2026-09-11 16:37,40,4.0,40,4.0
2026-09-11T14:42:52Z,2026-09-11 16:42,40,4.0,40,4.0
2026-09-11T14:47:57Z,2026-09-11 16:47,40,4.0,40,4.0
2026-09-11T14:53:01Z,2026-09-11 16:53,40,4.0,40,4.0
2026-09-11T14:58:05Z,2026-09-11 16:58,40,4.0,40,4.0
2026-09-11T15:03:10Z,2026-09-11 17:03,40,4.0,40,4.0
2026-09-11T15:08:14Z,2026-09-11 17:08,40,4.0,40,4.0
2026-09-11T15:13:22Z,2026-09-11 17:13,40,4.0,40,4.0
2026-09-11T15:18:26Z,2026-09-11 17:18,40,4.0,40,4.0
2026-09-11T15:23:31Z,2026-09-11 17:23,40,4.0,40,4.0
2026-09-11T15:28:35Z,2026-09-11 17:28,30,3.0,40,4.0
2026-09-11T15:33:40Z,2026-09-11 17:33,30,3.0,30,3.0
2026-09-11T15:38:45Z,2026-09-11 17:38,30,3.0,30,3.0
2026-09-11T15:43:49Z,2026-09-11 17:43,30,3.0,30,3.0
2026-09-11T15:48:53Z,2026-09-11 17:48,30,3.0,30,3.0
2026-09-11T15:53:58Z,2026-09-11 17:53,30,3.0,30,3.0
2026-09-11T15:59:02Z,2026-09-11 17:59,30,3.0,30,3.0
2026-09-11T16:04:07Z,2026-09-11 18:04,30,3.0,30,3.0
2026-09-11T16:09:12Z,2026-09-11 18:09,30,3.0,30,3.0
2026-09-11T16:14:17Z,2026-09-11 18:14,30,3.0,30,3.0
2026-09-11T16:19:21Z,2026-09-11 18:19,30,3.0,30,3.0
2026-09-11T16:24:25Z,2026-09-11 18:24,30,3.0,30,3.0
2026-09-11T16:29:30Z,2026-09-11 18:29,30,3.0,30,3.0
2026-09-11T17:27:18Z,2026-09-11 19:27,30,3.0,20,2.0
2026-09-11T17:32:23Z,2026-09-11 19:32,30,3.0,20,2.0
2026-09-11T17:37:28Z,2026-09-11 19:37,30,3.0,20,2.0
2026-09-11T17:42:32Z,2026-09-11 19:42,30,3.0,20,2.0
2026-09-11T17:47:37Z,2026-09-11 19:47,30,3.0,20,2.0
2026-09-11T17:52:42Z,2026-09-11 19:52,30,3.0,20,2.0
2026-09-11T17:57:46Z,2026-09-11 19:57,30,3.0,20,2.0
2026-09-11T18:02:50Z,2026-09-11 20:02,30,3.0,20,2.0
2026-09-11T18:07:55Z,2026-09-11 20:07,30,3.0,10,1.0
2026-09-11T18:13:00Z,2026-09-11 20:13,20,2.0,10,1.0
2026-09-11T18:18:04Z,2026-09-11 20:18,20,2.0,10,1.0
2026-09-11T18:23:08Z,2026-09-11 20:23,20,2.0,10,1.0
2026-09-11T18:28:13Z,2026-09-11 20:28,20,2.0,10,1.0
2026-09-11T18:33:17Z,2026-09-11 20:33,20,2.0,0,
2026-09-11T18:38:22Z,2026-09-11 20:38,20,2.0,0,
2026-09-11T18:43:26Z,2026-09-11 20:43,20,2.0,0,
2026-09-11T18:48:30Z,2026-09-11 20:48,20,2.0,0,
2026-09-11T18:53:35Z,2026-09-11 20:53,20,2.0,0,
2026-09-11T18:58:39Z,2026-09-11 20:58,20,2.0,0,
2026-09-11T19:03:43Z,2026-09-11 21:03,10,1.0,0,
2026-09-11T19:08:48Z,2026-09-11 21:08,10,1.0,0,
2026-09-11T19:13:52Z,2026-09-11 21:13,10,1.0,0,
2026-09-11T19:18:56Z,2026-09-11 21:18,0,,0,
2026-09-11T19:24:00Z,2026-09-11 21:24,0,,0,
2026-09-11T19:29:05Z,2026-09-11 21:29,0,,0,
2026-09-11T19:34:09Z,2026-09-11 21:34,0,,0,
2026-09-11T19:39:13Z,2026-09-11 21:39,0,,0,
2026-09-11T19:44:18Z,2026-09-11 21:44,0,,0,
2026-09-11T19:49:23Z,2026-09-11 21:49,0,,0,
2026-09-11T19:54:27Z,2026-09-11 21:54,0,,0,
2026-09-11T19:59:31Z,2026-09-11 21:59,0,,0,
2026-09-11T20:04:35Z,2026-09-11 22:04,0,,0,
2026-09-11T20:09:40Z,2026-09-11 22:09,0,,0,
2026-09-11T20:14:44Z,2026-09-11 22:14,0,,0,
2026-09-11T20:14:54Z,2026-09-11 22:14,0,,0,
2026-09-11T20:19:58Z,2026-09-11 22:19,0,,0,
2026-09-11T20:25:02Z,2026-09-11 22:25,0,,0,
2026-09-11T20:30:10Z,2026-09-11 22:30,0,,0,
2026-09-11T20:35:14Z,2026-09-11 22:35,0,,0,
2026-09-11T20:40:19Z,2026-09-11 22:40,0,,0,
2026-09-11T20:45:23Z,2026-09-11 22:45,0,,0,
2026-09-11T20:50:27Z,2026-09-11 22:50,0,,0,
2026-09-11T20:55:31Z,2026-09-11 22:55,0,,0,
2026-09-11T21:00:36Z,2026-09-11 23:00,0,,0,
2026-09-11T21:05:40Z,2026-09-11 23:05,0,,0,
2026-09-11T21:10:43Z,2026-09-11 23:10,0,,0,
2026-09-11T21:15:47Z,2026-09-11 23:15,0,,0,
2026-09-11T21:20:51Z,2026-09-11 23:20,0,,0,
2026-09-11T21:25:55Z,2026-09-11 23:25,0,,0,
2026-09-11T21:30:59Z,2026-09-11 23:30,0,,0,
2026-09-11T21:36:02Z,2026-09-11 23:36,0,,0,
2026-09-11T21:41:06Z,2026-09-11 23:41,0,,0,
2026-09-11T21:46:10Z,2026-09-11 23:46,0,,0,
2026-09-11T21:51:14Z,2026-09-11 23:51,0,,0,
2026-09-11T21:56:17Z,2026-09-11 23:56,0,,0,
2026-09-11T22:01:21Z,2026-09-12 00:01,0,,0,
2026-09-11T22:06:25Z,2026-09-12 00:06,0,,0,
2026-09-11T22:11:29Z,2026-09-12 00:11,0,,0,
2026-09-11T22:16:32Z,2026-09-12 00:16,0,,0,
2026-09-11T22:21:37Z,2026-09-12 00:21,0,,0,
2026-09-11T22:26:41Z,2026-09-12 00:26,0,,0,
2026-09-11T22:31:44Z,2026-09-12 00:31,0,,0,
2026-09-11T22:36:48Z,2026-09-12 00:36,0,,0,
2026-09-11T22:41:52Z,2026-09-12 00:41,0,,0,
2026-09-11T22:46:56Z,2026-09-12 00:46,0,,0,
2026-09-11T22:52:00Z,2026-09-12 00:52,0,,0,
2026-09-11T22:57:04Z,2026-09-12 00:57,0,,0,
2026-09-11T23:02:08Z,2026-09-12 01:02,0,,0,
2026-09-11T23:02:18Z,2026-09-12 01:02,0,,0,
2026-09-11T23:07:21Z,2026-09-12 01:07,0,,0,
2026-09-11T23:12:27Z,2026-09-12 01:12,0,,0,
2026-09-11T23:17:31Z,2026-09-12 01:17,0,,0,
2026-09-11T23:22:34Z,2026-09-12 01:22,0,,0,
2026-09-11T23:27:38Z,2026-09-12 01:27,0,,0,
2026-09-11T23:32:42Z,2026-09-12 01:32,0,,0,
2026-09-11T23:37:45Z,2026-09-12 01:37,0,,0,
2026-09-11T23:42:49Z,2026-09-12 01:42,0,,0,
2026-09-11T23:47:52Z,2026-09-12 01:47,0,,0,
2026-09-11T23:52:56Z,2026-09-12 01:52,0,,0,
2026-09-11T23:58:00Z,2026-09-12 01:58,0,,0,
2026-09-12T00:03:03Z,2026-09-12 02:03,0,,0,
2026-09-12T00:08:07Z,2026-09-12 02:08,0,,0,
2026-09-12T00:13:11Z,2026-09-12 02:13,0,,0,
2026-09-12T00:18:14Z,2026-09-12 02:18,0,,0,
2026-09-12T00:23:18Z,2026-09-12 02:23,0,,0,
2026-09-12T00:28:22Z,2026-09-12 02:28,0,,0,
2026-09-12T00:33:26Z,2026-09-12 02:33,0,,0,
2026-09-12T00:38:30Z,2026-09-12 02:38,0,,0,
2026-09-12T00:43:34Z,2026-09-12 02:43,0,,0,
2026-09-12T00:48:37Z,2026-09-12 02:48,0,,0,
2026-09-12T00:53:41Z,2026-09-12 02:53,0,,0,
2026-09-12T00:58:44Z,2026-09-12 02:58,0,,0,
2026-09-12T01:03:48Z,2026-09-12 03:03,0,,0,
2026-09-12T01:08:52Z,2026-09-12 03:08,0,,0,
2026-09-12T01:13:56Z,2026-09-12 03:13,0,,0,
2026-09-12T01:19:00Z,2026-09-12 03:19,0,,0,
2026-09-12T01:24:04Z,2026-09-12 03:24,0,,0,
2026-09-12T01:29:07Z,2026-09-12 03:29,0,,0,
2026-09-12T01:34:11Z,2026-09-12 03:34,0,,0,
2026-09-12T01:39:16Z,2026-09-12 03:39,0,,0,
2026-09-12T01:44:20Z,2026-09-12 03:44,0,,0,
2026-09-12T01:49:23Z,2026-09-12 03:49,0,,0,
2026-09-12T01:49:35Z,2026-09-12 03:49,0,,0,
2026-09-12T01:54:39Z,2026-09-12 03:54,0,,0,
2026-09-12T01:59:43Z,2026-09-12 03:59,0,,0,
2026-09-12T02:04:48Z,2026-09-12 04:04,0,,0,
2026-09-12T02:09:52Z,2026-09-12 04:09,0,,0,
2026-09-12T02:14:56Z,2026-09-12 04:14,0,,0,
2026-09-12T02:20:01Z,2026-09-12 04:20,0,,0,
2026-09-12T02:25:06Z,2026-09-12 04:25,0,,0,
2026-09-12T02:30:13Z,2026-09-12 04:30,0,,0,
2026-09-12T02:35:17Z,2026-09-12 04:35,0,,0,
2026-09-12T02:40:21Z,2026-09-12 04:40,0,,0,
2026-09-12T02:45:26Z,2026-09-12 04:45,0,,0,
2026-09-12T02:50:30Z,2026-09-12 04:50,0,,0,
2026-09-12T02:55:35Z,2026-09-12 04:55,0,,0,
2026-09-12T03:00:40Z,2026-09-12 05:00,0,,0,
2026-09-12T03:05:45Z,2026-09-12 05:05,0,,0,
2026-09-12T03:10:49Z,2026-09-12 05:10,0,,0,
2026-09-12T03:15:54Z,2026-09-12 05:15,0,,0,
2026-09-12T03:20:59Z,2026-09-12 05:20,0,,0,
2026-09-12T03:26:04Z,2026-09-12 05:26,0,,0,
2026-09-12T03:31:08Z,2026-09-12 05:31,0,,0,
2026-09-12T03:36:13Z,2026-09-12 05:36,0,,0,
2026-09-12T03:41:17Z,2026-09-12 05:41,0,,0,
2026-09-12T03:46:22Z,2026-09-12 05:46,0,,0,
2026-09-12T03:51:26Z,2026-09-12 05:51,0,,0,
2026-09-12T03:56:31Z,2026-09-12 05:56,0,,0,
2026-09-12T04:01:35Z,2026-09-12 06:01,0,,0,
2026-09-12T04:06:39Z,2026-09-12 06:06,0,,0,
2026-09-12T04:11:43Z,2026-09-12 06:11,0,,0,
2026-09-12T04:16:47Z,2026-09-12 06:16,0,,0,
2026-09-12T04:21:51Z,2026-09-12 06:21,0,,0,
2026-09-12T04:26:55Z,2026-09-12 06:26,0,,0,
2026-09-12T04:31:59Z,2026-09-12 06:31,0,,0,
2026-09-12T04:37:03Z,2026-09-12 06:37,0,,0,
2026-09-12T04:50:07Z,2026-09-12 06:50,0,,0,
2026-09-12T04:55:11Z,2026-09-12 06:55,0,,0,
2026-09-12T05:00:17Z,2026-09-12 07:00,0,,0,
2026-09-12T05:05:21Z,2026-09-12 07:05,0,,0,
2026-09-12T05:10:25Z,2026-09-12 07:10,0,,0,
2026-09-12T05:15:28Z,2026-09-12 07:15,0,,0,
2026-09-12T05:20:32Z,2026-09-12 07:20,0,,0,
2026-09-12T05:25:37Z,2026-09-12 07:25,0,,0,
2026-09-12T05:30:41Z,2026-09-12 07:30,0,,0,
2026-09-12T05:35:45Z,2026-09-12 07:35,10,1.0,0,
2026-09-12T05:40:49Z,2026-09-12 07:40,10,1.0,0,
2026-09-12T05:45:53Z,2026-09-12 07:45,10,1.0,0,
2026-09-12T05:50:57Z,2026-09-12 07:50,20,2.0,0,
2026-09-12T05:56:01Z,2026-09-12 07:56,20,2.0,0,
2026-09-12T06:01:05Z,2026-09-12 08:01,20,2.0,0,
2026-09-12T06:06:08Z,2026-09-12 08:06,20,2.0,0,
2026-09-12T06:11:12Z,2026-09-12 08:11,20,2.0,0,
2026-09-12T06:16:16Z,2026-09-12 08:16,20,2.0,0,
2026-09-12T06:21:20Z,2026-09-12 08:21,20,2.0,0,
2026-09-12T06:26:24Z,2026-09-12 08:26,20,2.0,0,
2026-09-12T06:31:28Z,2026-09-12 08:31,20,2.0,0,
2026-09-12T06:36:32Z,2026-09-12 08:36,20,2.0,10,1.0
2026-09-12T06:41:36Z,2026-09-12 08:41,30,3.0,20,2.0
2026-09-12T06:46:41Z,2026-09-12 08:46,30,3.0,20,2.0
2026-09-12T06:51:46Z,2026-09-12 08:51,40,4.0,20,2.0
2026-09-12T06:56:50Z,2026-09-12 08:56,40,4.0,20,2.0
2026-09-12T07:01:54Z,2026-09-12 09:01,40,4.0,20,2.0
2026-09-12T07:06:58Z,2026-09-12 09:06,40,4.0,20,2.0
2026-09-12T07:12:02Z,2026-09-12 09:12,40,4.0,20,2.0
2026-09-12T07:17:05Z,2026-09-12 09:17,40,4.0,20,2.0
2026-09-12T07:22:09Z,2026-09-12 09:22,40,4.0,20,2.0
2026-09-12T07:27:13Z,2026-09-12 09:27,40,4.0,20,2.0
2026-09-12T07:32:16Z,2026-09-12 09:32,40,4.0,20,2.0
2026-09-12T07:37:20Z,2026-09-12 09:37,40,4.0,20,2.0
2026-09-12T08:57:57Z,2026-09-12 10:57,50,5.0,40,4.0
2026-09-12T09:03:07Z,2026-09-12 11:03,50,5.0,40,4.0
2026-09-12T09:08:12Z,2026-09-12 11:08,50,5.0,40,4.0
2026-09-12T09:13:16Z,2026-09-12 11:13,50,5.0,40,4.0
2026-09-12T09:18:21Z,2026-09-12 11:18,50,5.0,40,4.0
2026-09-12T09:23:26Z,2026-09-12 11:23,50,5.0,40,4.0
2026-09-12T09:28:30Z,2026-09-12 11:28,50,5.0,40,4.0
2026-09-12T09:33:34Z,2026-09-12 11:33,50,5.0,40,4.0
2026-09-12T09:38:39Z,2026-09-12 11:38,50,5.0,40,4.0
2026-09-12T09:43:43Z,2026-09-12 11:43,50,5.0,40,4.0
2026-09-12T09:48:48Z,2026-09-12 11:48,50,5.0,40,4.0
2026-09-12T09:53:52Z,2026-09-12 11:53,50,5.0,40,4.0
2026-09-12T09:58:57Z,2026-09-12 11:58,50,5.0,40,4.0
2026-09-12T10:04:01Z,2026-09-12 12:04,50,5.0,40,4.0
2026-09-12T10:09:06Z,2026-09-12 12:09,50,5.0,40,4.0
2026-09-12T10:14:10Z,2026-09-12 12:14,50,5.0,40,4.0
2026-09-12T10:19:15Z,2026-09-12 12:19,50,5.0,40,4.0
2026-09-12T10:24:19Z,2026-09-12 12:24,50,5.0,40,4.0
2026-09-12T10:29:25Z,2026-09-12 12:29,50,5.0,40,4.0
2026-09-12T10:34:29Z,2026-09-12 12:34,50,5.0,40,4.0
2026-09-12T10:39:34Z,2026-09-12 12:39,50,5.0,40,4.0
2026-09-12T10:44:38Z,2026-09-12 12:44,50,5.0,40,4.0
2026-09-12T10:49:43Z,2026-09-12 12:49,50,5.0,40,4.0
2026-09-12T10:54:47Z,2026-09-12 12:54,50,5.0,40,4.0
2026-09-12T10:59:52Z,2026-09-12 12:59,50,5.0,40,4.0
2026-09-12T11:04:56Z,2026-09-12 13:04,50,5.0,40,4.0
2026-09-12T11:10:01Z,2026-09-12 13:10,50,5.0,40,4.0
2026-09-12T11:15:08Z,2026-09-12 13:15,50,5.0,40,4.0
2026-09-12T11:20:13Z,2026-09-12 13:20,50,5.0,40,4.0
2026-09-12T11:25:17Z,2026-09-12 13:25,50,5.0,40,4.0
2026-09-12T11:30:24Z,2026-09-12 13:30,50,5.0,40,4.0
2026-09-12T11:35:28Z,2026-09-12 13:35,50,5.0,40,4.0
2026-09-12T11:40:33Z,2026-09-12 13:40,50,5.0,40,4.0
2026-09-12T11:45:37Z,2026-09-12 13:45,50,5.0,40,4.0
2026-09-12T12:40:49Z,2026-09-12 14:40,50,5.0,40,4.0
2026-09-12T12:45:53Z,2026-09-12 14:45,50,5.0,40,4.0
2026-09-12T12:50:56Z,2026-09-12 14:50,50,5.0,40,4.0
2026-09-12T12:56:01Z,2026-09-12 14:56,50,5.0,40,4.0
2026-09-12T13:06:09Z,2026-09-12 15:06,50,5.0,40,4.0
2026-09-12T13:16:17Z,2026-09-12 15:16,50,5.0,40,4.0
2026-09-12T13:26:25Z,2026-09-12 15:26,50,5.0,40,4.0
2026-09-12T13:36:33Z,2026-09-12 15:36,50,5.0,40,4.0
2026-09-12T13:46:40Z,2026-09-12 15:46,50,5.0,40,4.0
2026-09-12T13:51:44Z,2026-09-12 15:51,40,4.0,40,4.0
2026-09-12T13:56:48Z,2026-09-12 15:56,40,4.0,40,4.0
2026-09-12T14:01:52Z,2026-09-12 16:01,40,4.0,40,4.0
2026-09-12T14:06:55Z,2026-09-12 16:06,30,3.0,40,4.0
2026-09-12T14:11:59Z,2026-09-12 16:11,30,3.0,40,4.0
2026-09-12T14:17:03Z,2026-09-12 16:17,30,3.0,40,4.0
2026-09-12T14:27:12Z,2026-09-12 16:27,30,3.0,40,4.0
2026-09-12T14:37:20Z,2026-09-12 16:37,30,3.0,40,4.0
2026-09-12T14:47:28Z,2026-09-12 16:47,20,2.0,40,4.0
2026-09-12T14:52:32Z,2026-09-12 16:52,20,2.0,40,4.0
2026-09-12T14:57:36Z,2026-09-12 16:57,20,2.0,40,4.0
2026-09-12T15:07:44Z,2026-09-12 17:07,20,2.0,40,4.0
2026-09-12T15:12:48Z,2026-09-12 17:12,10,1.0,40,4.0
2026-09-12T15:17:52Z,2026-09-12 17:17,10,1.0,40,4.0
2026-09-12T15:22:56Z,2026-09-12 17:22,10,1.0,40,4.0
2026-09-12T15:28:00Z,2026-09-12 17:28,10,1.0,40,4.0
2026-09-12T15:57:10Z,2026-09-12 17:57,0,,40,4.0
2026-09-12T16:02:14Z,2026-09-12 18:02,0,,40,4.0
2026-09-12T16:07:18Z,2026-09-12 18:07,0,,30,3.0
2026-09-12T16:12:23Z,2026-09-12 18:12,0,,30,3.0
2026-09-12T16:17:27Z,2026-09-12 18:17,0,,30,3.0
2026-09-12T16:22:32Z,2026-09-12 18:22,0,,30,3.0
2026-09-12T16:27:36Z,2026-09-12 18:27,0,,30,3.0
2026-09-12T16:32:41Z,2026-09-12 18:32,0,,30,3.0
2026-09-12T16:37:46Z,2026-09-12 18:37,0,,30,3.0
2026-09-12T16:42:50Z,2026-09-12 18:42,0,,30,3.0
2026-09-12T16:47:55Z,2026-09-12 18:47,0,,30,3.0
2026-09-12T16:52:59Z,2026-09-12 18:52,0,,30,3.0
2026-09-12T16:58:03Z,2026-09-12 18:58,0,,20,2.0
2026-09-12T17:03:08Z,2026-09-12 19:03,0,,20,2.0
2026-09-12T17:08:12Z,2026-09-12 19:08,0,,20,2.0
2026-09-12T17:13:18Z,2026-09-12 19:13,0,,20,2.0
2026-09-12T17:18:22Z,2026-09-12 19:18,0,,10,1.0
2026-09-12T17:23:27Z,2026-09-12 19:23,0,,10,1.0
2026-09-12T17:28:31Z,2026-09-12 19:28,0,,10,1.0
2026-09-12T17:33:36Z,2026-09-12 19:33,0,,0,
2026-09-12T17:38:40Z,2026-09-12 19:38,0,,0,
2026-09-12T17:43:44Z,2026-09-12 19:43,0,,0,
2026-09-12T17:48:49Z,2026-09-12 19:48,0,,0,
2026-09-12T17:53:53Z,2026-09-12 19:53,0,,0,
2026-09-12T17:58:58Z,2026-09-12 19:58,0,,0,
2026-09-12T18:04:02Z,2026-09-12 20:04,0,,0,
2026-09-12T18:09:07Z,2026-09-12 20:09,0,,0,
2026-09-12T18:14:11Z,2026-09-12 20:14,0,,0,
2026-09-12T18:19:16Z,2026-09-12 20:19,0,,0,
2026-09-12T18:24:21Z,2026-09-12 20:24,0,,0,
2026-09-12T18:29:25Z,2026-09-12 20:29,0,,0,
2026-09-12T18:34:30Z,2026-09-12 20:34,0,,0,
2026-09-12T18:39:34Z,2026-09-12 20:39,0,,0,
2026-09-12T18:44:39Z,2026-09-12 20:44,0,,0,
2026-09-12T18:44:49Z,2026-09-12 20:44,0,,0,
2026-09-12T18:49:52Z,2026-09-12 20:49,0,,0,
2026-09-12T18:54:56Z,2026-09-12 20:54,0,,0,
2026-09-12T19:00:00Z,2026-09-12 21:00,0,,0,
2026-09-12T19:05:05Z,2026-09-12 21:05,0,,0,
2026-09-12T19:10:08Z,2026-09-12 21:10,0,,0,
2026-09-12T19:15:12Z,2026-09-12 21:15,0,,0,
2026-09-12T19:20:16Z,2026-09-12 21:20,0,,0,
2026-09-12T19:25:20Z,2026-09-12 21:25,0,,0,
2026-09-12T19:30:24Z,2026-09-12 21:30,0,,0,
2026-09-12T19:35:28Z,2026-09-12 21:35,0,,0,
2026-09-12T19:40:31Z,2026-09-12 21:40,0,,0,
2026-09-12T19:45:35Z,2026-09-12 21:45,0,,0,
2026-09-12T19:50:38Z,2026-09-12 21:50,0,,0,
2026-09-12T19:55:42Z,2026-09-12 21:55,0,,0,
2026-09-12T20:00:45Z,2026-09-12 22:00,0,,0,
2026-09-12T20:05:49Z,2026-09-12 22:05,0,,0,
2026-09-12T20:10:52Z,2026-09-12 22:10,0,,0,
2026-09-12T20:15:56Z,2026-09-12 22:15,0,,0,
2026-09-12T20:21:00Z,2026-09-12 22:21,0,,0,
2026-09-12T20:26:03Z,2026-09-12 22:26,0,,0,
2026-09-12T20:31:07Z,2026-09-12 22:31,0,,0,
2026-09-12T20:36:10Z,2026-09-12 22:36,0,,0,
2026-09-12T20:41:14Z,2026-09-12 22:41,0,,0,
2026-09-12T20:46:17Z,2026-09-12 22:46,0,,0,
2026-09-12T20:51:21Z,2026-09-12 22:51,0,,0,
2026-09-12T20:56:24Z,2026-09-12 22:56,0,,0,
2026-09-12T21:01:28Z,2026-09-12 23:01,0,,0,
2026-09-12T21:06:31Z,2026-09-12 23:06,0,,0,
2026-09-12T21:11:35Z,2026-09-12 23:11,0,,0,
2026-09-12T21:16:39Z,2026-09-12 23:16,0,,0,
2026-09-12T21:21:42Z,2026-09-12 23:21,0,,0,
2026-09-12T21:26:46Z,2026-09-12 23:26,0,,0,
2026-09-12T21:31:49Z,2026-09-12 23:31,0,,0,
2026-09-12T21:31:59Z,2026-09-12 23:31,0,,0,
2026-09-12T21:37:03Z,2026-09-12 23:37,0,,0,
2026-09-12T21:42:06Z,2026-09-12 23:42,0,,0,
2026-09-12T21:47:10Z,2026-09-12 23:47,0,,0,
2026-09-12T21:52:14Z,2026-09-12 23:52,0,,0,
2026-09-12T21:57:17Z,2026-09-12 23:57,0,,0,
2026-09-12T22:02:21Z,2026-09-13 00:02,0,,0,
2026-09-12T22:07:25Z,2026-09-13 00:07,0,,0,
2026-09-12T22:12:28Z,2026-09-13 00:12,0,,0,
2026-09-12T22:17:34Z,2026-09-13 00:17,0,,0,
2026-09-12T22:22:38Z,2026-09-13 00:22,0,,0,
2026-09-12T22:27:41Z,2026-09-13 00:27,0,,0,
2026-09-12T22:32:45Z,2026-09-13 00:32,0,,0,
2026-09-12T22:37:50Z,2026-09-13 00:37,0,,0,
2026-09-12T22:42:53Z,2026-09-13 00:42,0,,0,
2026-09-12T22:47:57Z,2026-09-13 00:47,0,,0,
2026-09-12T22:53:00Z,2026-09-13 00:53,0,,0,
2026-09-12T22:58:04Z,2026-09-13 00:58,0,,0,
2026-09-12T23:03:07Z,2026-09-13 01:03,0,,0,
2026-09-12T23:08:11Z,2026-09-13 01:08,0,,0,
2026-09-12T23:13:15Z,2026-09-13 01:13,0,,0,
2026-09-12T23:18:18Z,2026-09-13 01:18,0,,0,
2026-09-12T23:23:22Z,2026-09-13 01:23,0,,0,
2026-09-12T23:28:25Z,2026-09-13 01:28,0,,0,
2026-09-12T23:33:29Z,2026-09-13 01:33,0,,0,
2026-09-12T23:38:33Z,2026-09-13 01:38,0,,0,
2026-09-12T23:43:36Z,2026-09-13 01:43,0,,0,
2026-09-12T23:48:41Z,2026-09-13 01:48,0,,0,
2026-09-12T23:53:45Z,2026-09-13 01:53,0,,0,
2026-09-12T23:58:48Z,2026-09-13 01:58,0,,0,
2026-09-13T00:03:52Z,2026-09-13 02:03,0,,0,
2026-09-13T00:08:56Z,2026-09-13 02:08,0,,0,
2026-09-13T00:14:00Z,2026-09-13 02:14,0,,0,
2026-09-13T00:19:03Z,2026-09-13 02:19,0,,0,
2026-09-13T00:19:17Z,2026-09-13 02:19,0,,0,
2026-09-13T00:24:21Z,2026-09-13 02:24,0,,0,
2026-09-13T00:29:25Z,2026-09-13 02:29,0,,0,
2026-09-13T00:34:30Z,2026-09-13 02:34,0,,0,
2026-09-13T00:39:34Z,2026-09-13 02:39,0,,0,
2026-09-13T00:44:39Z,2026-09-13 02:44,0,,0,
2026-09-13T00:49:43Z,2026-09-13 02:49,0,,0,
2026-09-13T00:54:48Z,2026-09-13 02:54,0,,0,
2026-09-13T00:59:52Z,2026-09-13 02:59,0,,0,
2026-09-13T01:04:57Z,2026-09-13 03:04,0,,0,
2026-09-13T01:10:01Z,2026-09-13 03:10,0,,0,
2026-09-13T01:15:08Z,2026-09-13 03:15,0,,0,
2026-09-13T01:20:13Z,2026-09-13 03:20,0,,0,
2026-09-13T01:25:17Z,2026-09-13 03:25,0,,0,
2026-09-13T01:30:22Z,2026-09-13 03:30,0,,0,
2026-09-13T01:35:27Z,2026-09-13 03:35,0,,0,
2026-09-13T01:40:32Z,2026-09-13 03:40,0,,0,
2026-09-13T01:45:36Z,2026-09-13 03:45,0,,0,
2026-09-13T01:50:40Z,2026-09-13 03:50,0,,0,
2026-09-13T01:55:45Z,2026-09-13 03:55,0,,0,
2026-09-13T02:00:49Z,2026-09-13 04:00,0,,0,
2026-09-13T02:05:54Z,2026-09-13 04:05,0,,0,
2026-09-13T02:10:58Z,2026-09-13 04:10,0,,0,
2026-09-13T02:16:03Z,2026-09-13 04:16,0,,0,
2026-09-13T02:21:07Z,2026-09-13 04:21,0,,0,
2026-09-13T02:26:12Z,2026-09-13 04:26,0,,0,
2026-09-13T02:31:16Z,2026-09-13 04:31,0,,0,
2026-09-13T02:36:20Z,2026-09-13 04:36,0,,0,
2026-09-13T02:41:25Z,2026-09-13 04:41,0,,0,
2026-09-13T02:46:29Z,2026-09-13 04:46,0,,0,
2026-09-13T02:51:34Z,2026-09-13 04:51,0,,0,
2026-09-13T02:56:38Z,2026-09-13 04:56,0,,0,
2026-09-13T03:01:42Z,2026-09-13 05:01,0,,0,
2026-09-13T03:06:47Z,2026-09-13 05:06,0,,0,
2026-09-13T03:07:00Z,2026-09-13 05:07,0,,0,
2026-09-13T03:12:04Z,2026-09-13 05:12,0,,0,
2026-09-13T03:17:08Z,2026-09-13 05:17,0,,0,
2026-09-13T03:22:12Z,2026-09-13 05:22,0,,0,
2026-09-13T03:27:16Z,2026-09-13 05:27,0,,0,
2026-09-13T03:32:19Z,2026-09-13 05:32,0,,0,
2026-09-13T03:37:23Z,2026-09-13 05:37,0,,0,
2026-09-13T03:42:27Z,2026-09-13 05:42,0,,0,
2026-09-13T03:47:31Z,2026-09-13 05:47,0,,0,
2026-09-13T03:52:34Z,2026-09-13 05:52,0,,0,
2026-09-13T03:57:38Z,2026-09-13 05:57,0,,0,
2026-09-13T04:02:42Z,2026-09-13 06:02,0,,0,
2026-09-13T04:07:45Z,2026-09-13 06:07,0,,0,
2026-09-13T04:12:49Z,2026-09-13 06:12,0,,0,
2026-09-13T04:17:53Z,2026-09-13 06:17,0,,0,
2026-09-13T04:22:56Z,2026-09-13 06:22,0,,0,
2026-09-13T04:28:00Z,2026-09-13 06:28,0,,0,
2026-09-13T04:33:04Z,2026-09-13 06:33,0,,0,
2026-09-13T04:38:07Z,2026-09-13 06:38,0,,0,
2026-09-13T04:43:12Z,2026-09-13 06:43,0,,0,
2026-09-13T04:48:16Z,2026-09-13 06:48,0,,0,
2026-09-13T04:53:20Z,2026-09-13 06:53,0,,0,
2026-09-13T04:58:24Z,2026-09-13 06:58,0,,0,
2026-09-13T05:03:28Z,2026-09-13 07:03,0,,0,
2026-09-13T05:08:32Z,2026-09-13 07:08,0,,0,
2026-09-13T05:13:35Z,2026-09-13 07:13,0,,0,
2026-09-13T05:18:39Z,2026-09-13 07:18,0,,0,
2026-09-13T05:23:43Z,2026-09-13 07:23,0,,0,
2026-09-13T05:28:47Z,2026-09-13 07:28,0,,0,
2026-09-13T05:33:52Z,2026-09-13 07:33,0,,0,
2026-09-13T05:38:56Z,2026-09-13 07:38,0,,0,
2026-09-13T05:44:00Z,2026-09-13 07:44,0,,0,
2026-09-13T05:49:04Z,2026-09-13 07:49,0,,0,
2026-09-13T05:54:08Z,2026-09-13 07:54,0,,0,
2026-09-13T05:54:21Z,2026-09-13 07:54,0,,0,
2026-09-13T05:59:25Z,2026-09-13 07:59,0,,0,
2026-09-13T06:04:29Z,2026-09-13 08:04,0,,0,
2026-09-13T06:09:33Z,2026-09-13 08:09,0,,0,
2026-09-13T06:14:40Z,2026-09-13 08:14,0,,0,
2026-09-13T06:19:44Z,2026-09-13 08:19,0,,0,
2026-09-13T06:24:48Z,2026-09-13 08:24,0,,0,
2026-09-13T06:29:52Z,2026-09-13 08:29,0,,0,
2026-09-13T06:34:56Z,2026-09-13 08:34,0,,0,
2026-09-13T06:40:00Z,2026-09-13 08:40,0,,0,
2026-09-13T06:45:07Z,2026-09-13 08:45,0,,0,
2026-09-13T06:50:11Z,2026-09-13 08:50,0,,0,
2026-09-13T06:55:15Z,2026-09-13 08:55,0,,0,
2026-09-13T07:00:19Z,2026-09-13 09:00,0,,0,
2026-09-13T07:05:23Z,2026-09-13 09:05,10,1.0,0,
2026-09-13T07:10:27Z,2026-09-13 09:10,10,1.0,0,
2026-09-13T07:15:31Z,2026-09-13 09:15,10,1.0,0,
2026-09-13T07:20:35Z,2026-09-13 09:20,10,1.0,0,
2026-09-13T07:25:38Z,2026-09-13 09:25,10,1.0,0,
2026-09-13T07:30:42Z,2026-09-13 09:30,10,1.0,10,1.0
2026-09-13T07:35:46Z,2026-09-13 09:35,10,1.0,10,1.0
2026-09-13T07:40:50Z,2026-09-13 09:40,10,1.0,10,1.0
2026-09-13T07:45:53Z,2026-09-13 09:45,10,1.0,10,1.0
2026-09-13T07:50:57Z,2026-09-13 09:50,10,1.0,10,1.0
2026-09-13T07:56:01Z,2026-09-13 09:56,20,2.0,20,2.0
2026-09-13T08:01:06Z,2026-09-13 10:01,20,2.0,20,2.0
2026-09-13T08:06:10Z,2026-09-13 10:06,20,2.0,20,2.0
2026-09-13T08:11:15Z,2026-09-13 10:11,20,2.0,20,2.0
2026-09-13T08:16:18Z,2026-09-13 10:16,20,2.0,20,2.0
2026-09-13T08:21:23Z,2026-09-13 10:21,20,2.0,20,2.0
2026-09-13T08:26:26Z,2026-09-13 10:26,20,2.0,20,2.0
2026-09-13T08:31:30Z,2026-09-13 10:31,20,2.0,20,2.0
2026-09-13T08:36:34Z,2026-09-13 10:36,20,2.0,20,2.0
2026-09-13T08:41:38Z,2026-09-13 10:41,20,2.0,20,2.0
2026-09-13T10:46:47Z,2026-09-13 12:46,40,4.0,50,5.0
2026-09-13T10:51:52Z,2026-09-13 12:51,40,4.0,50,5.0
2026-09-13T10:56:56Z,2026-09-13 12:56,40,4.0,50,5.0
2026-09-13T11:02:00Z,2026-09-13 13:02,40,4.0,50,5.0
2026-09-13T11:07:04Z,2026-09-13 13:07,40,4.0,50,5.0
2026-09-13T11:12:10Z,2026-09-13 13:12,40,4.0,50,5.0
2026-09-13T11:17:13Z,2026-09-13 13:17,40,4.0,50,5.0
2026-09-13T11:22:18Z,2026-09-13 13:22,40,4.0,50,5.0
2026-09-13T11:27:22Z,2026-09-13 13:27,40,4.0,50,5.0
2026-09-13T11:32:26Z,2026-09-13 13:32,40,4.0,50,5.0
2026-09-13T11:37:29Z,2026-09-13 13:37,40,4.0,50,5.0
2026-09-13T11:42:33Z,2026-09-13 13:42,40,4.0,50,5.0
2026-09-13T11:47:38Z,2026-09-13 13:47,40,4.0,50,5.0
2026-09-13T11:52:42Z,2026-09-13 13:52,40,4.0,50,5.0
2026-09-13T11:57:47Z,2026-09-13 13:57,40,4.0,50,5.0
2026-09-13T12:02:50Z,2026-09-13 14:02,40,4.0,50,5.0
2026-09-13T12:07:54Z,2026-09-13 14:07,40,4.0,50,5.0
2026-09-13T12:12:58Z,2026-09-13 14:12,40,4.0,50,5.0
2026-09-13T12:18:03Z,2026-09-13 14:18,40,4.0,50,5.0
2026-09-13T12:23:07Z,2026-09-13 14:23,40,4.0,50,5.0
2026-09-13T12:28:11Z,2026-09-13 14:28,40,4.0,50,5.0
2026-09-13T12:33:15Z,2026-09-13 14:33,40,4.0,50,5.0
2026-09-13T12:38:19Z,2026-09-13 14:38,40,4.0,50,5.0
2026-09-13T12:43:24Z,2026-09-13 14:43,40,4.0,50,5.0
2026-09-13T12:48:28Z,2026-09-13 14:48,40,4.0,50,5.0
2026-09-13T12:53:31Z,2026-09-13 14:53,40,4.0,50,5.0
2026-09-13T12:58:36Z,2026-09-13 14:58,40,4.0,50,5.0
2026-09-13T13:03:40Z,2026-09-13 15:03,40,4.0,50,5.0
2026-09-13T13:08:44Z,2026-09-13 15:08,40,4.0,50,5.0
2026-09-13T13:13:48Z,2026-09-13 15:13,30,3.0,50,5.0
2026-09-13T13:18:52Z,2026-09-13 15:18,30,3.0,50,5.0
2026-09-13T13:23:56Z,2026-09-13 15:23,30,3.0,50,5.0
2026-09-13T13:29:00Z,2026-09-13 15:29,30,3.0,50,5.0
2026-09-13T13:34:04Z,2026-09-13 15:34,30,3.0,50,5.0
2026-09-13T13:34:14Z,2026-09-13 15:34,30,3.0,50,5.0
2026-09-13T13:39:18Z,2026-09-13 15:39,30,3.0,50,5.0
2026-09-13T13:44:23Z,2026-09-13 15:44,30,3.0,50,5.0
2026-09-13T13:49:27Z,2026-09-13 15:49,30,3.0,50,5.0
2026-09-13T13:54:30Z,2026-09-13 15:54,30,3.0,50,5.0
2026-09-13T13:59:34Z,2026-09-13 15:59,30,3.0,50,5.0
2026-09-13T14:04:37Z,2026-09-13 16:04,30,3.0,50,5.0
2026-09-13T14:09:41Z,2026-09-13 16:09,30,3.0,50,5.0
2026-09-13T14:14:46Z,2026-09-13 16:14,30,3.0,50,5.0
2026-09-13T14:19:50Z,2026-09-13 16:19,30,3.0,50,5.0
2026-09-13T14:24:54Z,2026-09-13 16:24,30,3.0,50,5.0
2026-09-13T14:29:58Z,2026-09-13 16:29,30,3.0,50,5.0
2026-09-13T14:35:01Z,2026-09-13 16:35,30,3.0,50,5.0
2026-09-13T14:40:07Z,2026-09-13 16:40,20,2.0,50,5.0
2026-09-13T14:45:11Z,2026-09-13 16:45,20,2.0,50,5.0
2026-09-13T14:50:15Z,2026-09-13 16:50,20,2.0,50,5.0
2026-09-13T14:55:20Z,2026-09-13 16:55,20,2.0,50,5.0
2026-09-13T15:00:24Z,2026-09-13 17:00,10,1.0,50,5.0
2026-09-13T15:05:28Z,2026-09-13 17:05,10,1.0,50,5.0
2026-09-13T15:10:31Z,2026-09-13 17:10,10,1.0,50,5.0
2026-09-13T15:15:35Z,2026-09-13 17:15,10,1.0,50,5.0
2026-09-13T15:20:39Z,2026-09-13 17:20,10,1.0,50,5.0
2026-09-13T15:25:43Z,2026-09-13 17:25,10,1.0,40,4.0
2026-09-13T15:30:46Z,2026-09-13 17:30,10,1.0,40,4.0
2026-09-13T15:35:50Z,2026-09-13 17:35,0,,40,4.0
2026-09-13T15:40:55Z,2026-09-13 17:40,0,,40,4.0
2026-09-13T15:46:00Z,2026-09-13 17:46,0,,40,4.0
2026-09-13T15:51:03Z,2026-09-13 17:51,0,,40,4.0
2026-09-13T15:56:07Z,2026-09-13 17:56,0,,40,4.0
2026-09-13T16:01:12Z,2026-09-13 18:01,0,,40,4.0
2026-09-13T16:06:15Z,2026-09-13 18:06,0,,40,4.0
2026-09-13T16:11:20Z,2026-09-13 18:11,0,,40,4.0
2026-09-13T16:16:24Z,2026-09-13 18:16,0,,40,4.0
2026-09-13T16:21:27Z,2026-09-13 18:21,0,,40,4.0
2026-09-13T16:21:37Z,2026-09-13 18:21,0,,40,4.0
2026-09-13T16:26:40Z,2026-09-13 18:26,0,,40,4.0
2026-09-13T16:31:44Z,2026-09-13 18:31,0,,40,4.0
2026-09-13T16:36:47Z,2026-09-13 18:36,0,,40,4.0
2026-09-13T16:41:50Z,2026-09-13 18:41,0,,40,4.0
2026-09-13T16:46:54Z,2026-09-13 18:46,0,,40,4.0
2026-09-13T16:51:57Z,2026-09-13 18:51,0,,30,3.0
2026-09-13T16:57:01Z,2026-09-13 18:57,0,,30,3.0
2026-09-13T17:02:04Z,2026-09-13 19:02,0,,30,3.0
2026-09-13T17:07:08Z,2026-09-13 19:07,0,,30,3.0
2026-09-13T17:12:11Z,2026-09-13 19:12,0,,30,3.0
2026-09-13T17:17:15Z,2026-09-13 19:17,0,,30,3.0
2026-09-13T17:22:18Z,2026-09-13 19:22,0,,30,3.0
2026-09-13T17:27:22Z,2026-09-13 19:27,0,,20,2.0
2026-09-13T17:32:25Z,2026-09-13 19:32,0,,20,2.0
2026-09-13T17:37:29Z,2026-09-13 19:37,0,,20,2.0
2026-09-13T17:42:32Z,2026-09-13 19:42,0,,20,2.0
2026-09-13T17:47:36Z,2026-09-13 19:47,0,,20,2.0
2026-09-13T17:52:40Z,2026-09-13 19:52,0,,20,2.0
2026-09-13T17:57:43Z,2026-09-13 19:57,0,,20,2.0
2026-09-13T18:02:48Z,2026-09-13 20:02,0,,20,2.0
2026-09-13T18:07:52Z,2026-09-13 20:07,0,,20,2.0
2026-09-13T18:12:55Z,2026-09-13 20:12,0,,20,2.0
2026-09-13T18:17:59Z,2026-09-13 20:17,0,,20,2.0
2026-09-13T18:23:03Z,2026-09-13 20:23,0,,20,2.0
2026-09-13T18:28:06Z,2026-09-13 20:28,0,,20,2.0
2026-09-13T18:33:10Z,2026-09-13 20:33,0,,20,2.0
2026-09-13T18:38:13Z,2026-09-13 20:38,0,,20,2.0
2026-09-13T18:43:17Z,2026-09-13 20:43,0,,20,2.0
2026-09-13T18:48:20Z,2026-09-13 20:48,0,,20,2.0
2026-09-13T18:53:23Z,2026-09-13 20:53,0,,20,2.0
2026-09-13T18:58:27Z,2026-09-13 20:58,0,,20,2.0
2026-09-13T19:03:30Z,2026-09-13 21:03,0,,20,2.0
2026-09-13T19:08:34Z,2026-09-13 21:08,0,,20,2.0
2026-09-13T19:08:43Z,2026-09-13 21:08,0,,20,2.0
2026-09-13T19:13:47Z,2026-09-13 21:13,0,,20,2.0
2026-09-13T19:18:50Z,2026-09-13 21:18,0,,20,2.0
2026-09-13T19:23:54Z,2026-09-13 21:23,0,,20,2.0
2026-09-13T19:28:57Z,2026-09-13 21:28,0,,20,2.0
2026-09-13T19:34:01Z,2026-09-13 21:34,0,,20,1.0
2026-09-13T19:39:05Z,2026-09-13 21:39,0,,20,1.0
2026-09-13T19:44:08Z,2026-09-13 21:44,0,,0,
2026-09-13T19:49:12Z,2026-09-13 21:49,0,,0,
2026-09-13T19:54:17Z,2026-09-13 21:54,0,,0,
2026-09-13T19:59:20Z,2026-09-13 21:59,0,,0,
2026-09-13T20:04:24Z,2026-09-13 22:04,0,,0,
2026-09-13T20:09:28Z,2026-09-13 22:09,0,,0,
2026-09-13T20:14:32Z,2026-09-13 22:14,0,,0,
2026-09-13T20:19:35Z,2026-09-13 22:19,0,,0,
2026-09-13T20:24:39Z,2026-09-13 22:24,0,,0,
2026-09-13T20:29:42Z,2026-09-13 22:29,0,,0,
2026-09-13T20:34:46Z,2026-09-13 22:34,0,,0,
2026-09-13T20:39:49Z,2026-09-13 22:39,0,,0,
2026-09-13T20:44:53Z,2026-09-13 22:44,0,,0,
2026-09-13T20:49:57Z,2026-09-13 22:49,0,,0,
2026-09-13T20:55:00Z,2026-09-13 22:55,0,,0,
2026-09-13T21:00:07Z,2026-09-13 23:00,0,,0,
2026-09-13T21:05:11Z,2026-09-13 23:05,0,,0,
2026-09-13T21:10:15Z,2026-09-13 23:10,0,,0,
2026-09-13T21:15:18Z,2026-09-13 23:15,0,,0,
2026-09-13T21:20:22Z,2026-09-13 23:20,0,,0,
2026-09-13T21:25:25Z,2026-09-13 23:25,0,,0,
2026-09-13T21:30:30Z,2026-09-13 23:30,0,,0,
2026-09-13T21:35:33Z,2026-09-13 23:35,0,,0,
2026-09-13T21:40:37Z,2026-09-13 23:40,0,,0,
2026-09-13T21:45:41Z,2026-09-13 23:45,0,,0,
2026-09-13T21:50:44Z,2026-09-13 23:50,0,,0,
2026-09-13T21:55:48Z,2026-09-13 23:55,0,,0,
2026-09-13T21:55:59Z,2026-09-13 23:55,0,,0,
2026-09-13T22:01:05Z,2026-09-14 00:01,0,,0,
2026-09-13T22:06:09Z,2026-09-14 00:06,0,,0,
2026-09-13T22:11:13Z,2026-09-14 00:11,0,,0,
2026-09-13T22:16:17Z,2026-09-14 00:16,0,,0,
2026-09-13T22:21:22Z,2026-09-14 00:21,0,,0,
2026-09-13T22:26:27Z,2026-09-14 00:26,0,,0,
2026-09-13T22:31:32Z,2026-09-14 00:31,0,,0,
2026-09-13T22:36:38Z,2026-09-14 00:36,0,,0,
2026-09-13T22:41:42Z,2026-09-14 00:41,0,,0,
2026-09-13T22:46:46Z,2026-09-14 00:46,0,,0,
2026-09-13T22:51:53Z,2026-09-14 00:51,0,,0,
2026-09-13T22:56:58Z,2026-09-14 00:56,0,,0,
2026-09-13T23:02:03Z,2026-09-14 01:02,0,,0,
2026-09-13T23:07:09Z,2026-09-14 01:07,0,,0,
2026-09-13T23:12:15Z,2026-09-14 01:12,0,,0,
2026-09-13T23:17:19Z,2026-09-14 01:17,0,,0,
2026-09-13T23:22:23Z,2026-09-14 01:22,0,,0,
2026-09-13T23:27:27Z,2026-09-14 01:27,0,,0,
2026-09-13T23:32:33Z,2026-09-14 01:32,0,,0,
2026-09-13T23:37:38Z,2026-09-14 01:37,0,,0,
2026-09-13T23:42:42Z,2026-09-14 01:42,0,,0,
2026-09-13T23:47:46Z,2026-09-14 01:47,0,,0,
2026-09-13T23:52:50Z,2026-09-14 01:52,0,,0,
2026-09-13T23:57:54Z,2026-09-14 01:57,0,,0,
2026-09-14T00:02:59Z,2026-09-14 02:02,0,,0,
2026-09-14T00:08:03Z,2026-09-14 02:08,0,,0,
2026-09-14T00:13:07Z,2026-09-14 02:13,0,,0,
2026-09-14T00:18:12Z,2026-09-14 02:18,0,,0,
2026-09-14T00:23:16Z,2026-09-14 02:23,0,,0,
2026-09-14T00:28:20Z,2026-09-14 02:28,0,,0,
2026-09-14T00:33:24Z,2026-09-14 02:33,0,,0,
2026-09-14T00:43:33Z,2026-09-14 02:43,0,,0,
2026-09-14T00:43:45Z,2026-09-14 02:43,0,,0,
2026-09-14T00:48:50Z,2026-09-14 02:48,0,,0,
2026-09-14T00:53:54Z,2026-09-14 02:53,0,,0,
2026-09-14T00:58:58Z,2026-09-14 02:58,0,,0,
2026-09-14T01:04:02Z,2026-09-14 03:04,0,,0,
2026-09-14T01:09:07Z,2026-09-14 03:09,0,,0,
2026-09-14T01:14:11Z,2026-09-14 03:14,0,,0,
2026-09-14T01:19:15Z,2026-09-14 03:19,0,,0,
2026-09-14T01:24:20Z,2026-09-14 03:24,0,,0,
2026-09-14T01:29:25Z,2026-09-14 03:29,0,,0,
2026-09-14T01:34:29Z,2026-09-14 03:34,0,,0,
2026-09-14T01:39:33Z,2026-09-14 03:39,0,,0,
2026-09-14T01:44:37Z,2026-09-14 03:44,0,,0,
2026-09-14T01:49:41Z,2026-09-14 03:49,0,,0,
2026-09-14T01:54:46Z,2026-09-14 03:54,0,,0,
2026-09-14T01:59:50Z,2026-09-14 03:59,0,,0,
2026-09-14T02:04:54Z,2026-09-14 04:04,0,,0,
2026-09-14T02:09:58Z,2026-09-14 04:09,0,,0,
2026-09-14T02:15:04Z,2026-09-14 04:15,0,,0,
2026-09-14T02:20:09Z,2026-09-14 04:20,0,,0,
2026-09-14T02:25:13Z,2026-09-14 04:25,0,,0,
2026-09-14T02:30:18Z,2026-09-14 04:30,0,,0,
2026-09-14T02:35:22Z,2026-09-14 04:35,0,,0,
2026-09-14T02:40:27Z,2026-09-14 04:40,0,,0,
2026-09-14T02:45:31Z,2026-09-14 04:45,0,,0,
2026-09-14T02:50:36Z,2026-09-14 04:50,0,,0,
2026-09-14T02:55:40Z,2026-09-14 04:55,0,,0,
2026-09-14T03:00:44Z,2026-09-14 05:00,0,,0,
2026-09-14T03:05:48Z,2026-09-14 05:05,0,,0,
2026-09-14T03:10:52Z,2026-09-14 05:10,0,,0,
2026-09-14T03:16:01Z,2026-09-14 05:16,0,,0,
2026-09-14T03:21:06Z,2026-09-14 05:21,0,,0,
2026-09-14T03:26:10Z,2026-09-14 05:26,0,,0,
2026-09-14T05:38:17Z,2026-09-14 07:38,0,,0,
2026-09-14T05:43:22Z,2026-09-14 07:43,0,,0,
2026-09-14T05:48:26Z,2026-09-14 07:48,0,,0,
2026-09-14T05:53:30Z,2026-09-14 07:53,0,,0,
2026-09-14T05:58:34Z,2026-09-14 07:58,0,,0,
2026-09-14T06:03:39Z,2026-09-14 08:03,0,,0,
2026-09-14T06:08:43Z,2026-09-14 08:08,0,,0,
2026-09-14T06:13:48Z,2026-09-14 08:13,0,,0,
2026-09-14T06:18:52Z,2026-09-14 08:18,0,,0,
2026-09-14T06:23:57Z,2026-09-14 08:23,0,,0,
2026-09-14T06:29:01Z,2026-09-14 08:29,0,,0,
2026-09-14T06:34:08Z,2026-09-14 08:34,0,,0,
2026-09-14T06:39:13Z,2026-09-14 08:39,0,,0,
2026-09-14T06:44:18Z,2026-09-14 08:44,0,,0,
2026-09-14T06:49:24Z,2026-09-14 08:49,0,,0,
2026-09-14T06:54:29Z,2026-09-14 08:54,0,,0,
2026-09-14T06:59:34Z,2026-09-14 08:59,0,,0,
2026-09-14T07:04:38Z,2026-09-14 09:04,0,,0,
2026-09-14T07:09:42Z,2026-09-14 09:09,0,,0,
2026-09-14T07:14:46Z,2026-09-14 09:14,0,,0,
2026-09-14T07:19:50Z,2026-09-14 09:19,0,,0,
2026-09-14T07:24:55Z,2026-09-14 09:24,0,,0,
2026-09-14T07:29:59Z,2026-09-14 09:29,0,,0,
2026-09-14T07:35:05Z,2026-09-14 09:35,0,,0,
2026-09-14T07:40:11Z,2026-09-14 09:40,0,,0,
2026-09-14T07:45:16Z,2026-09-14 09:45,0,,0,
2026-09-14T07:50:20Z,2026-09-14 09:50,0,,0,
2026-09-14T07:55:24Z,2026-09-14 09:55,10,1.0,0,
2026-09-14T08:00:29Z,2026-09-14 10:00,10,1.0,0,
2026-09-14T08:05:33Z,2026-09-14 10:05,10,1.0,0,
2026-09-14T08:10:37Z,2026-09-14 10:10,10,1.0,0,
2026-09-14T08:15:42Z,2026-09-14 10:15,10,1.0,0,
2026-09-14T08:20:46Z,2026-09-14 10:20,20,2.0,0,
2026-09-14T08:25:51Z,2026-09-14 10:25,20,2.0,10,1.0
2026-09-14T11:27:37Z,2026-09-14 13:27,50,5.0,40,4.0
2026-09-14T11:32:44Z,2026-09-14 13:32,50,5.0,40,4.0
2026-09-14T11:37:48Z,2026-09-14 13:37,50,5.0,40,4.0
2026-09-14T11:42:52Z,2026-09-14 13:42,50,5.0,40,4.0
2026-09-14T11:47:56Z,2026-09-14 13:47,50,5.0,40,4.0
2026-09-14T11:53:00Z,2026-09-14 13:53,50,5.0,40,4.0
2026-09-14T11:58:04Z,2026-09-14 13:58,50,5.0,40,4.0
2026-09-14T12:03:08Z,2026-09-14 14:03,50,5.0,40,4.0
2026-09-14T12:08:13Z,2026-09-14 14:08,50,5.0,40,4.0
2026-09-14T12:13:18Z,2026-09-14 14:13,50,5.0,40,4.0
2026-09-14T12:18:22Z,2026-09-14 14:18,40,4.0,40,4.0
2026-09-14T12:23:26Z,2026-09-14 14:23,40,4.0,40,4.0
2026-09-14T12:28:31Z,2026-09-14 14:28,40,4.0,40,4.0
2026-09-14T12:33:35Z,2026-09-14 14:33,40,4.0,40,4.0
2026-09-14T12:38:40Z,2026-09-14 14:38,40,4.0,40,4.0
2026-09-14T12:43:44Z,2026-09-14 14:43,40,4.0,40,4.0
2026-09-14T12:48:48Z,2026-09-14 14:48,40,4.0,40,4.0
2026-09-14T12:53:52Z,2026-09-14 14:53,40,4.0,40,4.0
2026-09-14T12:58:57Z,2026-09-14 14:58,30,3.0,40,4.0
2026-09-14T13:04:01Z,2026-09-14 15:04,30,3.0,40,4.0
2026-09-14T13:09:05Z,2026-09-14 15:09,30,3.0,40,4.0
2026-09-14T13:14:09Z,2026-09-14 15:14,30,3.0,40,4.0
2026-09-14T13:19:14Z,2026-09-14 15:19,30,3.0,40,4.0
2026-09-14T13:24:18Z,2026-09-14 15:24,30,3.0,40,4.0
2026-09-14T13:29:23Z,2026-09-14 15:29,30,3.0,40,4.0
2026-09-14T13:34:27Z,2026-09-14 15:34,30,3.0,40,4.0
2026-09-14T13:39:31Z,2026-09-14 15:39,30,3.0,40,4.0
2026-09-14T13:44:35Z,2026-09-14 15:44,30,3.0,40,4.0
2026-09-14T13:49:39Z,2026-09-14 15:49,20,2.0,40,4.0
2026-09-14T13:54:44Z,2026-09-14 15:54,20,2.0,40,4.0
2026-09-14T13:59:48Z,2026-09-14 15:59,10,1.0,40,4.0
2026-09-14T14:04:53Z,2026-09-14 16:04,10,1.0,40,4.0
2026-09-14T14:09:58Z,2026-09-14 16:09,0,,40,4.0
2026-09-14T14:15:03Z,2026-09-14 16:15,0,,40,4.0
2026-09-14T17:00:47Z,2026-09-14 19:00,0,,20,2.0
2026-09-14T17:05:52Z,2026-09-14 19:05,0,,20,2.0
2026-09-14T17:10:56Z,2026-09-14 19:10,0,,20,2.0
2026-09-14T17:16:01Z,2026-09-14 19:16,0,,20,2.0
2026-09-14T17:21:05Z,2026-09-14 19:21,0,,20,2.0
2026-09-14T17:26:10Z,2026-09-14 19:26,0,,20,2.0
2026-09-14T17:31:15Z,2026-09-14 19:31,0,,10,1.0
2026-09-14T17:36:19Z,2026-09-14 19:36,0,,10,1.0
2026-09-14T17:41:24Z,2026-09-14 19:41,0,,10,1.0
2026-09-14T17:46:28Z,2026-09-14 19:46,0,,10,1.0
2026-09-14T17:51:32Z,2026-09-14 19:51,0,,0,
2026-09-14T17:56:36Z,2026-09-14 19:56,0,,0,
2026-09-14T18:01:40Z,2026-09-14 20:01,0,,0,
2026-09-14T18:06:45Z,2026-09-14 20:06,0,,0,
2026-09-14T18:11:49Z,2026-09-14 20:11,0,,0,
2026-09-14T18:16:55Z,2026-09-14 20:16,0,,0,
2026-09-14T18:22:00Z,2026-09-14 20:22,0,,0,
2026-09-14T18:27:05Z,2026-09-14 20:27,0,,0,
2026-09-14T18:32:09Z,2026-09-14 20:32,0,,0,
2026-09-14T18:37:14Z,2026-09-14 20:37,0,,0,
2026-09-14T18:42:18Z,2026-09-14 20:42,0,,0,
2026-09-14T18:47:22Z,2026-09-14 20:47,0,,0,
2026-09-14T18:52:27Z,2026-09-14 20:52,0,,0,
2026-09-14T18:57:31Z,2026-09-14 20:57,0,,0,
2026-09-14T19:02:35Z,2026-09-14 21:02,0,,0,
2026-09-14T19:07:39Z,2026-09-14 21:07,0,,0,
2026-09-14T19:12:43Z,2026-09-14 21:12,0,,0,
2026-09-14T19:17:50Z,2026-09-14 21:17,0,,0,
2026-09-14T19:22:54Z,2026-09-14 21:22,0,,0,
2026-09-14T19:27:59Z,2026-09-14 21:27,0,,0,
2026-09-14T19:33:03Z,2026-09-14 21:33,0,,0,
2026-09-14T19:38:07Z,2026-09-14 21:38,0,,0,
2026-09-14T19:43:11Z,2026-09-14 21:43,0,,0,
2026-09-14T19:48:16Z,2026-09-14 21:48,0,,0,
2026-09-14T20:59:33Z,2026-09-14 22:59,0,,0,
2026-09-14T21:04:37Z,2026-09-14 23:04,0,,0,
2026-09-14T21:09:41Z,2026-09-14 23:09,0,,0,
2026-09-14T21:14:45Z,2026-09-14 23:14,0,,0,
2026-09-14T21:19:49Z,2026-09-14 23:19,0,,0,
2026-09-14T21:24:54Z,2026-09-14 23:24,0,,0,
2026-09-14T21:29:58Z,2026-09-14 23:29,0,,0,
2026-09-14T21:35:02Z,2026-09-14 23:35,0,,0,
2026-09-14T21:40:08Z,2026-09-14 23:40,0,,0,
2026-09-14T21:45:14Z,2026-09-14 23:45,0,,0,
2026-09-14T21:50:18Z,2026-09-14 23:50,0,,0,
2026-09-14T21:55:23Z,2026-09-14 23:55,0,,0,
2026-09-14T22:00:28Z,2026-09-15 00:00,0,,0,
2026-09-14T22:05:33Z,2026-09-15 00:05,0,,0,
2026-09-14T22:10:38Z,2026-09-15 00:10,0,,0,
2026-09-14T22:15:43Z,2026-09-15 00:15,0,,0,
2026-09-14T22:20:48Z,2026-09-15 00:20,0,,0,
2026-09-14T22:25:51Z,2026-09-15 00:25,0,,0,
2026-09-14T22:30:56Z,2026-09-15 00:30,0,,0,
2026-09-14T22:36:01Z,2026-09-15 00:36,0,,0,
2026-09-14T22:41:06Z,2026-09-15 00:41,0,,0,
2026-09-14T22:46:10Z,2026-09-15 00:46,0,,0,
2026-09-14T22:51:14Z,2026-09-15 00:51,0,,0,
2026-09-14T22:56:18Z,2026-09-15 00:56,0,,0,
2026-09-14T23:01:22Z,2026-09-15 01:01,0,,0,
2026-09-14T23:06:26Z,2026-09-15 01:06,0,,0,
2026-09-14T23:11:29Z,2026-09-15 01:11,0,,0,
2026-09-14T23:16:33Z,2026-09-15 01:16,0,,0,
2026-09-14T23:21:38Z,2026-09-15 01:21,0,,0,
2026-09-14T23:26:41Z,2026-09-15 01:26,0,,0,
2026-09-14T23:31:45Z,2026-09-15 01:31,0,,0,
2026-09-14T23:36:49Z,2026-09-15 01:36,0,,0,
2026-09-14T23:41:54Z,2026-09-15 01:41,0,,0,
2026-09-14T23:46:58Z,2026-09-15 01:46,0,,0,
2026-09-14T23:47:18Z,2026-09-15 01:47,0,,0,
2026-09-14T23:52:22Z,2026-09-15 01:52,0,,0,
2026-09-14T23:57:25Z,2026-09-15 01:57,0,,0,
2026-09-15T00:02:29Z,2026-09-15 02:02,0,,0,
2026-09-15T00:07:33Z,2026-09-15 02:07,0,,0,
2026-09-15T00:12:36Z,2026-09-15 02:12,0,,0,
2026-09-15T00:17:40Z,2026-09-15 02:17,0,,0,
2026-09-15T00:22:44Z,2026-09-15 02:22,0,,0,
2026-09-15T00:27:48Z,2026-09-15 02:27,0,,0,
2026-09-15T00:32:54Z,2026-09-15 02:32,0,,0,
2026-09-15T00:37:58Z,2026-09-15 02:37,0,,0,
2026-09-15T00:43:02Z,2026-09-15 02:43,0,,0,
2026-09-15T00:48:05Z,2026-09-15 02:48,0,,0,
2026-09-15T00:53:09Z,2026-09-15 02:53,0,,0,
2026-09-15T00:58:13Z,2026-09-15 02:58,0,,0,
2026-09-15T01:03:17Z,2026-09-15 03:03,0,,0,
2026-09-15T01:08:20Z,2026-09-15 03:08,0,,0,
2026-09-15T01:13:24Z,2026-09-15 03:13,0,,0,
2026-09-15T01:18:28Z,2026-09-15 03:18,0,,0,
2026-09-15T01:23:32Z,2026-09-15 03:23,0,,0,
2026-09-15T01:28:35Z,2026-09-15 03:28,0,,0,
2026-09-15T01:33:39Z,2026-09-15 03:33,0,,0,
2026-09-15T01:38:43Z,2026-09-15 03:38,0,,0,
2026-09-15T01:43:46Z,2026-09-15 03:43,0,,0,
2026-09-15T01:48:50Z,2026-09-15 03:48,0,,0,
2026-09-15T01:53:54Z,2026-09-15 03:53,0,,0,
2026-09-15T01:58:57Z,2026-09-15 03:58,0,,0,
2026-09-15T02:04:01Z,2026-09-15 04:04,0,,0,
2026-09-15T02:09:05Z,2026-09-15 04:09,0,,0,
2026-09-15T02:14:08Z,2026-09-15 04:14,0,,0,
2026-09-15T02:19:12Z,2026-09-15 04:19,0,,0,
2026-09-15T02:24:18Z,2026-09-15 04:24,0,,0,
2026-09-15T02:29:22Z,2026-09-15 04:29,0,,0,
2026-09-15T02:34:25Z,2026-09-15 04:34,0,,0,
2026-09-15T02:54:14Z,2026-09-15 04:54,0,,0,
2026-09-15T02:59:18Z,2026-09-15 04:59,0,,0,
2026-09-15T03:04:22Z,2026-09-15 05:04,0,,0,
2026-09-15T03:09:25Z,2026-09-15 05:09,0,,0,
2026-09-15T03:14:30Z,2026-09-15 05:14,0,,0,
2026-09-15T03:19:33Z,2026-09-15 05:19,0,,0,
2026-09-15T03:24:37Z,2026-09-15 05:24,0,,0,
2026-09-15T03:29:42Z,2026-09-15 05:29,0,,0,
2026-09-15T03:34:46Z,2026-09-15 05:34,0,,0,
2026-09-15T03:39:50Z,2026-09-15 05:39,0,,0,
2026-09-15T03:44:54Z,2026-09-15 05:44,0,,0,
2026-09-15T03:49:57Z,2026-09-15 05:49,0,,0,
2026-09-15T03:55:01Z,2026-09-15 05:55,0,,0,
2026-09-15T04:00:09Z,2026-09-15 06:00,0,,0,
2026-09-15T04:05:13Z,2026-09-15 06:05,0,,0,
2026-09-15T04:10:18Z,2026-09-15 06:10,0,,0,
2026-09-15T04:15:22Z,2026-09-15 06:15,0,,0,
2026-09-15T04:20:26Z,2026-09-15 06:20,0,,0,
2026-09-15T04:25:30Z,2026-09-15 06:25,0,,0,
2026-09-15T04:30:34Z,2026-09-15 06:30,0,,0,
2026-09-15T04:35:42Z,2026-09-15 06:35,0,,0,
2026-09-15T04:40:46Z,2026-09-15 06:40,0,,0,
2026-09-15T04:45:50Z,2026-09-15 06:45,0,,0,
2026-09-15T04:50:54Z,2026-09-15 06:50,0,,0,
2026-09-15T04:55:58Z,2026-09-15 06:55,0,,0,
2026-09-15T05:01:02Z,2026-09-15 07:01,0,,0,
2026-09-15T05:06:06Z,2026-09-15 07:06,0,,0,
2026-09-15T05:11:10Z,2026-09-15 07:11,0,,0,
2026-09-15T05:16:14Z,2026-09-15 07:16,0,,0,
2026-09-15T05:21:17Z,2026-09-15 07:21,0,,0,
2026-09-15T05:26:22Z,2026-09-15 07:26,0,,0,
2026-09-15T05:31:26Z,2026-09-15 07:31,0,,0,
2026-09-15T05:36:29Z,2026-09-15 07:36,0,,10,1.0
2026-09-15T05:41:33Z,2026-09-15 07:41,0,,10,1.0
2026-09-15T07:49:20Z,2026-09-15 09:49,0,,0,
2026-09-15T07:54:24Z,2026-09-15 09:54,0,,0,
2026-09-15T07:59:28Z,2026-09-15 09:59,0,,0,
2026-09-15T08:04:32Z,2026-09-15 10:04,0,,0,
2026-09-15T08:09:36Z,2026-09-15 10:09,0,,0,
2026-09-15T08:14:40Z,2026-09-15 10:14,0,,0,
2026-09-15T08:19:44Z,2026-09-15 10:19,0,,0,
2026-09-15T08:24:48Z,2026-09-15 10:24,0,,0,
2026-09-15T08:29:52Z,2026-09-15 10:29,0,,0,
2026-09-15T08:34:56Z,2026-09-15 10:34,0,,0,
2026-09-15T08:40:00Z,2026-09-15 10:40,0,,0,
2026-09-15T08:45:07Z,2026-09-15 10:45,0,,0,
2026-09-15T08:50:11Z,2026-09-15 10:50,0,,0,
2026-09-15T08:55:15Z,2026-09-15 10:55,0,,0,
2026-09-15T09:00:20Z,2026-09-15 11:00,0,,0,
2026-09-15T09:05:26Z,2026-09-15 11:05,0,,0,
2026-09-15T09:10:30Z,2026-09-15 11:10,0,,0,
2026-09-15T09:15:34Z,2026-09-15 11:15,0,,0,
2026-09-15T09:20:38Z,2026-09-15 11:20,0,,10,1.0
2026-09-15T09:25:42Z,2026-09-15 11:25,0,,10,1.0
2026-09-15T09:32:33Z,2026-09-15 11:32,0,,10,1.0
2026-09-15T09:37:37Z,2026-09-15 11:37,0,,10,1.0
2026-09-15T09:42:41Z,2026-09-15 11:42,0,,10,1.0
2026-09-15T09:47:45Z,2026-09-15 11:47,0,,10,1.0
2026-09-15T09:52:48Z,2026-09-15 11:52,0,,10,1.0
2026-09-15T09:57:56Z,2026-09-15 11:57,0,,10,1.0
2026-09-15T10:03:01Z,2026-09-15 12:03,0,,10,1.0
2026-09-15T10:08:06Z,2026-09-15 12:08,0,,10,1.0
2026-09-15T10:13:10Z,2026-09-15 12:13,0,,10,1.0
2026-09-15T10:18:14Z,2026-09-15 12:18,0,,10,1.0
2026-09-15T10:23:18Z,2026-09-15 12:23,0,,10,1.0
2026-09-15T10:28:22Z,2026-09-15 12:28,0,,20,2.0
2026-09-15T10:33:26Z,2026-09-15 12:33,0,,20,2.0
2026-09-15T10:38:30Z,2026-09-15 12:38,0,,20,2.0
2026-09-15T10:38:48Z,2026-09-15 12:38,0,,20,2.0
2026-09-15T10:43:53Z,2026-09-15 12:43,0,,20,2.0
2026-09-15T10:48:59Z,2026-09-15 12:48,0,,20,2.0
2026-09-15T10:54:04Z,2026-09-15 12:54,0,,20,2.0
2026-09-15T10:59:09Z,2026-09-15 12:59,0,,20,2.0
2026-09-15T11:04:15Z,2026-09-15 13:04,0,,20,2.0
2026-09-15T11:09:21Z,2026-09-15 13:09,0,,20,2.0
2026-09-15T11:14:25Z,2026-09-15 13:14,0,,20,2.0
2026-09-15T11:19:31Z,2026-09-15 13:19,0,,20,2.0
2026-09-15T11:24:36Z,2026-09-15 13:24,0,,20,2.0
2026-09-15T11:29:40Z,2026-09-15 13:29,0,,20,2.0
2026-09-15T11:34:45Z,2026-09-15 13:34,0,,20,2.0
2026-09-15T11:39:49Z,2026-09-15 13:39,0,,20,2.0
2026-09-15T11:44:54Z,2026-09-15 13:44,0,,20,2.0
2026-09-15T11:49:59Z,2026-09-15 13:49,0,,30,3.0
2026-09-15T11:55:04Z,2026-09-15 13:55,0,,30,3.0
2026-09-15T12:00:17Z,2026-09-15 14:00,0,,30,3.0
2026-09-15T12:05:22Z,2026-09-15 14:05,0,,30,3.0
2026-09-15T12:10:27Z,2026-09-15 14:10,0,,30,3.0
2026-09-15T12:15:31Z,2026-09-15 14:15,0,,30,3.0
2026-09-15T12:20:36Z,2026-09-15 14:20,0,,30,3.0
2026-09-15T12:25:40Z,2026-09-15 14:25,0,,30,3.0
2026-09-15T12:30:45Z,2026-09-15 14:30,0,,30,3.0
2026-09-15T12:35:51Z,2026-09-15 14:35,0,,30,3.0
2026-09-15T12:40:55Z,2026-09-15 14:40,0,,30,3.0
2026-09-15T12:46:00Z,2026-09-15 14:46,0,,30,3.0
2026-09-15T12:51:05Z,2026-09-15 14:51,0,,30,3.0
2026-09-15T12:56:10Z,2026-09-15 14:56,0,,30,3.0
2026-09-15T13:01:20Z,2026-09-15 15:01,0,,30,3.0
2026-09-15T13:06:25Z,2026-09-15 15:06,0,,30,3.0
2026-09-15T13:11:30Z,2026-09-15 15:11,0,,30,3.0
2026-09-15T13:16:34Z,2026-09-15 15:16,0,,30,3.0
2026-09-15T13:21:40Z,2026-09-15 15:21,0,,30,3.0
2026-09-15T13:26:45Z,2026-09-15 15:26,0,,30,3.0
2026-09-15T13:27:04Z,2026-09-15 15:27,0,,30,3.0
2026-09-15T13:32:09Z,2026-09-15 15:32,0,,30,3.0
2026-09-15T13:37:13Z,2026-09-15 15:37,0,,30,3.0
2026-09-15T13:42:17Z,2026-09-15 15:42,0,,30,3.0
2026-09-15T13:47:22Z,2026-09-15 15:47,0,,30,3.0
2026-09-15T13:52:27Z,2026-09-15 15:52,0,,30,3.0
2026-09-15T13:57:31Z,2026-09-15 15:57,0,,30,3.0
2026-09-15T14:02:36Z,2026-09-15 16:02,0,,30,3.0
2026-09-15T14:07:41Z,2026-09-15 16:07,0,,30,3.0
2026-09-15T14:12:47Z,2026-09-15 16:12,0,,30,3.0
2026-09-15T14:17:51Z,2026-09-15 16:17,0,,30,3.0
2026-09-15T14:22:56Z,2026-09-15 16:22,0,,20,2.0
2026-09-15T14:28:02Z,2026-09-15 16:28,0,,20,2.0
2026-09-15T14:33:06Z,2026-09-15 16:33,0,,20,2.0
2026-09-15T14:38:11Z,2026-09-15 16:38,0,,20,2.0
2026-09-15T14:43:16Z,2026-09-15 16:43,0,,20,2.0
2026-09-15T14:48:21Z,2026-09-15 16:48,0,,20,2.0
2026-09-15T14:53:26Z,2026-09-15 16:53,0,,20,2.0
2026-09-15T14:58:30Z,2026-09-15 16:58,0,,20,2.0
2026-09-15T15:03:34Z,2026-09-15 17:03,0,,20,2.0
2026-09-15T15:08:39Z,2026-09-15 17:08,0,,20,2.0
2026-09-15T15:13:43Z,2026-09-15 17:13,0,,10,1.0
2026-09-15T15:18:48Z,2026-09-15 17:18,0,,10,1.0
2026-09-15T15:23:53Z,2026-09-15 17:23,0,,10,1.0
2026-09-15T15:28:57Z,2026-09-15 17:28,0,,10,1.0
2026-09-15T15:34:02Z,2026-09-15 17:34,0,,10,1.0
2026-09-15T15:39:07Z,2026-09-15 17:39,0,,10,1.0
2026-09-15T15:44:11Z,2026-09-15 17:44,0,,10,1.0
2026-09-15T15:49:15Z,2026-09-15 17:49,0,,10,1.0
2026-09-15T15:54:20Z,2026-09-15 17:54,0,,10,1.0
2026-09-15T15:59:24Z,2026-09-15 17:59,0,,10,1.0
2026-09-15T16:04:28Z,2026-09-15 18:04,0,,10,1.0
2026-09-15T16:09:32Z,2026-09-15 18:09,0,,10,1.0
2026-09-15T16:14:37Z,2026-09-15 18:14,0,,0,
2026-09-15T16:15:05Z,2026-09-15 18:15,0,,0,
2026-09-15T16:20:12Z,2026-09-15 18:20,0,,0,
2026-09-15T16:25:18Z,2026-09-15 18:25,0,,0,
2026-09-15T16:30:26Z,2026-09-15 18:30,0,,0,
2026-09-15T16:35:33Z,2026-09-15 18:35,0,,0,
2026-09-15T16:40:40Z,2026-09-15 18:40,0,,0,
2026-09-15T16:45:46Z,2026-09-15 18:45,0,,0,
2026-09-15T16:50:52Z,2026-09-15 18:50,0,,0,
2026-09-15T16:56:00Z,2026-09-15 18:56,0,,0,
2026-09-15T17:01:06Z,2026-09-15 19:01,0,,0,
2026-09-15T17:06:13Z,2026-09-15 19:06,0,,0,
2026-09-15T17:11:20Z,2026-09-15 19:11,0,,0,
2026-09-15T17:16:28Z,2026-09-15 19:16,0,,0,
2026-09-15T17:21:35Z,2026-09-15 19:21,0,,0,
2026-09-15T17:26:41Z,2026-09-15 19:26,0,,0,
2026-09-15T17:31:49Z,2026-09-15 19:31,0,,0,
2026-09-15T17:36:57Z,2026-09-15 19:36,0,,0,
2026-09-15T17:42:05Z,2026-09-15 19:42,0,,0,
2026-09-15T17:47:10Z,2026-09-15 19:47,0,,0,
2026-09-15T17:52:16Z,2026-09-15 19:52,0,,0,
2026-09-15T17:57:22Z,2026-09-15 19:57,0,,0,
2026-09-15T18:02:30Z,2026-09-15 20:02,0,,0,
2026-09-15T18:07:37Z,2026-09-15 20:07,0,,0,
2026-09-15T18:12:42Z,2026-09-15 20:12,0,,0,
2026-09-15T18:17:50Z,2026-09-15 20:17,0,,0,
2026-09-15T18:22:57Z,2026-09-15 20:22,0,,0,
2026-09-15T18:28:03Z,2026-09-15 20:28,0,,0,
2026-09-15T18:33:09Z,2026-09-15 20:33,0,,0,
2026-09-15T18:38:15Z,2026-09-15 20:38,0,,0,
2026-09-15T18:43:22Z,2026-09-15 20:43,0,,0,
2026-09-15T18:48:29Z,2026-09-15 20:48,0,,0,
2026-09-15T18:53:36Z,2026-09-15 20:53,0,,0,
2026-09-15T18:58:42Z,2026-09-15 20:58,0,,0,
2026-09-15T19:03:48Z,2026-09-15 21:03,0,,0,
2026-09-15T19:04:06Z,2026-09-15 21:04,0,,0,
2026-09-15T19:09:10Z,2026-09-15 21:09,0,,0,
2026-09-15T19:14:14Z,2026-09-15 21:14,0,,0,
2026-09-15T19:19:18Z,2026-09-15 21:19,0,,0,
2026-09-15T19:24:22Z,2026-09-15 21:24,0,,0,
2026-09-15T19:29:25Z,2026-09-15 21:29,0,,0,
2026-09-15T19:34:29Z,2026-09-15 21:34,0,,0,
2026-09-15T19:39:33Z,2026-09-15 21:39,0,,0,
2026-09-15T19:44:37Z,2026-09-15 21:44,0,,0,
2026-09-15T19:49:41Z,2026-09-15 21:49,0,,0,
2026-09-15T19:54:45Z,2026-09-15 21:54,0,,0,
2026-09-15T19:59:50Z,2026-09-15 21:59,0,,0,
2026-09-15T20:04:53Z,2026-09-15 22:04,0,,0,
2026-09-15T20:09:57Z,2026-09-15 22:09,0,,0,
2026-09-15T20:15:01Z,2026-09-15 22:15,0,,0,
2026-09-15T20:20:06Z,2026-09-15 22:20,0,,0,
2026-09-15T20:25:10Z,2026-09-15 22:25,0,,0,
2026-09-15T20:30:14Z,2026-09-15 22:30,0,,0,
2026-09-15T20:35:18Z,2026-09-15 22:35,0,,0,
2026-09-15T20:40:22Z,2026-09-15 22:40,0,,0,
2026-09-15T20:45:26Z,2026-09-15 22:45,0,,0,
2026-09-15T20:50:30Z,2026-09-15 22:50,0,,0,
2026-09-15T20:55:34Z,2026-09-15 22:55,0,,0,
2026-09-15T21:00:38Z,2026-09-15 23:00,0,,0,
2026-09-15T21:05:41Z,2026-09-15 23:05,0,,0,
2026-09-15T21:10:45Z,2026-09-15 23:10,0,,0,
2026-09-15T21:15:49Z,2026-09-15 23:15,0,,0,
2026-09-15T21:20:53Z,2026-09-15 23:20,0,,0,
2026-09-15T21:25:57Z,2026-09-15 23:25,0,,0,
2026-09-15T21:31:00Z,2026-09-15 23:31,0,,0,
2026-09-15T21:36:04Z,2026-09-15 23:36,0,,0,
2026-09-15T21:41:08Z,2026-09-15 23:41,0,,0,
2026-09-15T21:46:12Z,2026-09-15 23:46,0,,0,
2026-09-15T21:51:16Z,2026-09-15 23:51,0,,0,
2026-09-15T21:51:33Z,2026-09-15 23:51,0,,0,
2026-09-15T21:56:37Z,2026-09-15 23:56,0,,0,
2026-09-15T22:01:42Z,2026-09-16 00:01,0,,0,
2026-09-15T22:06:46Z,2026-09-16 00:06,0,,0,
2026-09-15T22:11:51Z,2026-09-16 00:11,0,,0,
2026-09-15T22:16:55Z,2026-09-16 00:16,0,,0,
2026-09-15T22:22:00Z,2026-09-16 00:22,0,,0,
2026-09-15T22:27:05Z,2026-09-16 00:27,0,,0,
2026-09-15T22:32:11Z,2026-09-16 00:32,0,,0,
2026-09-15T22:37:17Z,2026-09-16 00:37,0,,0,
2026-09-15T22:42:21Z,2026-09-16 00:42,0,,0,
2026-09-15T22:47:26Z,2026-09-16 00:47,0,,0,
2026-09-15T22:52:31Z,2026-09-16 00:52,0,,0,
2026-09-15T22:57:36Z,2026-09-16 00:57,0,,0,
2026-09-15T23:02:41Z,2026-09-16 01:02,0,,0,
2026-09-15T23:07:47Z,2026-09-16 01:07,0,,0,
2026-09-15T23:12:52Z,2026-09-16 01:12,0,,0,
2026-09-15T23:17:57Z,2026-09-16 01:17,0,,0,
2026-09-15T23:23:01Z,2026-09-16 01:23,0,,0,
2026-09-15T23:28:06Z,2026-09-16 01:28,0,,0,
2026-09-15T23:33:10Z,2026-09-16 01:33,0,,0,
2026-09-15T23:38:15Z,2026-09-16 01:38,0,,0,
2026-09-15T23:43:20Z,2026-09-16 01:43,0,,0,
2026-09-15T23:48:24Z,2026-09-16 01:48,0,,0,
2026-09-15T23:53:29Z,2026-09-16 01:53,0,,0,
2026-09-15T23:58:33Z,2026-09-16 01:58,0,,0,
2026-09-16T00:03:38Z,2026-09-16 02:03,0,,0,
2026-09-16T00:08:42Z,2026-09-16 02:08,0,,0,
2026-09-16T00:13:47Z,2026-09-16 02:13,0,,0,
2026-09-16T00:18:51Z,2026-09-16 02:18,0,,0,
2026-09-16T00:23:55Z,2026-09-16 02:23,0,,0,
2026-09-16T00:29:00Z,2026-09-16 02:29,0,,0,
2026-09-16T00:34:04Z,2026-09-16 02:34,0,,0,
2026-09-16T00:39:08Z,2026-09-16 02:39,0,,0,
2026-09-16T00:39:27Z,2026-09-16 02:39,0,,0,
2026-09-16T00:44:32Z,2026-09-16 02:44,0,,0,
2026-09-16T00:49:36Z,2026-09-16 02:49,0,,0,
2026-09-16T00:54:40Z,2026-09-16 02:54,0,,0,
2026-09-16T00:59:44Z,2026-09-16 02:59,0,,0,
2026-09-16T01:04:48Z,2026-09-16 03:04,0,,0,
2026-09-16T01:09:53Z,2026-09-16 03:09,0,,0,
2026-09-16T01:14:56Z,2026-09-16 03:14,0,,0,
2026-09-16T01:20:00Z,2026-09-16 03:20,0,,0,
2026-09-16T01:25:05Z,2026-09-16 03:25,0,,0,
2026-09-16T01:30:12Z,2026-09-16 03:30,0,,0,
2026-09-16T01:35:16Z,2026-09-16 03:35,0,,0,
2026-09-16T01:40:20Z,2026-09-16 03:40,0,,0,
2026-09-16T01:45:24Z,2026-09-16 03:45,0,,0,
2026-09-16T01:50:28Z,2026-09-16 03:50,0,,0,
2026-09-16T01:55:33Z,2026-09-16 03:55,0,,0,
2026-09-16T02:00:37Z,2026-09-16 04:00,0,,0,
2026-09-16T02:05:41Z,2026-09-16 04:05,0,,0,
2026-09-16T02:10:45Z,2026-09-16 04:10,0,,0,
2026-09-16T02:15:49Z,2026-09-16 04:15,0,,0,
2026-09-16T02:20:53Z,2026-09-16 04:20,0,,0,
2026-09-16T02:25:57Z,2026-09-16 04:25,0,,0,
2026-09-16T02:31:03Z,2026-09-16 04:31,0,,0,
2026-09-16T02:36:07Z,2026-09-16 04:36,0,,0,
2026-09-16T02:41:12Z,2026-09-16 04:41,0,,0,
2026-09-16T02:46:15Z,2026-09-16 04:46,0,,0,
2026-09-16T02:51:20Z,2026-09-16 04:51,0,,0,
2026-09-16T02:56:24Z,2026-09-16 04:56,0,,0,
2026-09-16T03:01:28Z,2026-09-16 05:01,0,,0,
2026-09-16T03:06:33Z,2026-09-16 05:06,0,,0,
2026-09-16T03:11:37Z,2026-09-16 05:11,0,,0,
2026-09-16T03:16:41Z,2026-09-16 05:16,0,,0,
2026-09-16T03:21:45Z,2026-09-16 05:21,0,,0,
2026-09-16T03:26:49Z,2026-09-16 05:26,0,,0,
2026-09-16T03:27:05Z,2026-09-16 05:27,0,,0,
2026-09-16T03:32:09Z,2026-09-16 05:32,0,,0,
2026-09-16T03:37:12Z,2026-09-16 05:37,0,,0,
2026-09-16T03:42:16Z,2026-09-16 05:42,0,,0,
2026-09-16T03:47:20Z,2026-09-16 05:47,0,,0,
2026-09-16T03:52:24Z,2026-09-16 05:52,0,,0,
2026-09-16T03:57:27Z,2026-09-16 05:57,0,,0,
2026-09-16T04:02:31Z,2026-09-16 06:02,0,,0,
2026-09-16T04:07:34Z,2026-09-16 06:07,0,,0,
2026-09-16T04:12:38Z,2026-09-16 06:12,0,,0,
2026-09-16T04:17:41Z,2026-09-16 06:17,0,,0,
2026-09-16T04:22:46Z,2026-09-16 06:22,0,,0,
2026-09-16T04:27:49Z,2026-09-16 06:27,0,,0,
2026-09-16T04:32:53Z,2026-09-16 06:32,0,,0,
2026-09-16T04:37:57Z,2026-09-16 06:37,0,,0,
2026-09-16T04:43:02Z,2026-09-16 06:43,0,,0,
2026-09-16T04:48:05Z,2026-09-16 06:48,0,,0,
2026-09-16T04:53:09Z,2026-09-16 06:53,0,,0,
2026-09-16T04:58:13Z,2026-09-16 06:58,0,,0,
2026-09-16T05:03:17Z,2026-09-16 07:03,0,,0,
2026-09-16T05:08:20Z,2026-09-16 07:08,0,,0,
2026-09-16T05:13:24Z,2026-09-16 07:13,0,,0,
2026-09-16T05:18:28Z,2026-09-16 07:18,0,,0,
2026-09-16T05:23:32Z,2026-09-16 07:23,0,,0,
2026-09-16T05:28:36Z,2026-09-16 07:28,0,,0,
2026-09-16T05:33:40Z,2026-09-16 07:33,0,,0,
2026-09-16T05:38:43Z,2026-09-16 07:38,0,,0,
2026-09-16T05:43:47Z,2026-09-16 07:43,0,,0,
2026-09-16T05:48:51Z,2026-09-16 07:48,0,,0,
2026-09-16T05:53:54Z,2026-09-16 07:53,0,,0,
2026-09-16T05:58:58Z,2026-09-16 07:58,0,,0,
2026-09-16T06:04:02Z,2026-09-16 08:04,0,,0,
2026-09-16T06:09:06Z,2026-09-16 08:09,0,,0,
2026-09-16T06:14:09Z,2026-09-16 08:14,0,,0,
2026-09-16T06:14:29Z,2026-09-16 08:14,0,,0,
2026-09-16T06:19:35Z,2026-09-16 08:19,0,,0,
2026-09-16T06:24:39Z,2026-09-16 08:24,0,,0,
2026-09-16T06:29:44Z,2026-09-16 08:29,0,,0,
2026-09-16T06:34:49Z,2026-09-16 08:34,0,,0,
2026-09-16T06:39:53Z,2026-09-16 08:39,0,,0,
2026-09-16T06:44:58Z,2026-09-16 08:44,0,,0,
2026-09-16T06:50:03Z,2026-09-16 08:50,0,,0,
2026-09-16T06:55:08Z,2026-09-16 08:55,0,,0,
2026-09-16T07:00:18Z,2026-09-16 09:00,0,,0,
2026-09-16T07:05:23Z,2026-09-16 09:05,0,,0,
2026-09-16T07:10:28Z,2026-09-16 09:10,0,,0,
2026-09-16T07:15:33Z,2026-09-16 09:15,0,,0,
2026-09-16T07:20:37Z,2026-09-16 09:20,0,,0,
2026-09-16T07:25:43Z,2026-09-16 09:25,0,,0,
2026-09-16T07:30:49Z,2026-09-16 09:30,0,,0,
2026-09-16T07:35:54Z,2026-09-16 09:35,0,,0,
2026-09-16T07:40:59Z,2026-09-16 09:40,0,,0,
2026-09-16T07:46:05Z,2026-09-16 09:46,0,,0,
2026-09-16T07:51:09Z,2026-09-16 09:51,0,,0,
2026-09-16T07:56:14Z,2026-09-16 09:56,0,,0,
2026-09-16T08:01:18Z,2026-09-16 10:01,0,,0,
2026-09-16T08:06:23Z,2026-09-16 10:06,0,,0,
2026-09-16T08:11:28Z,2026-09-16 10:11,0,,0,
2026-09-16T08:16:34Z,2026-09-16 10:16,0,,0,
2026-09-16T08:21:39Z,2026-09-16 10:21,0,,0,
2026-09-16T08:26:43Z,2026-09-16 10:26,0,,0,
2026-09-16T08:31:48Z,2026-09-16 10:31,0,,0,
2026-09-16T08:36:53Z,2026-09-16 10:36,0,,0,
2026-09-16T08:41:58Z,2026-09-16 10:41,0,,10,1.0
2026-09-16T08:47:02Z,2026-09-16 10:47,0,,10,1.0
2026-09-16T08:52:08Z,2026-09-16 10:52,0,,10,1.0
2026-09-16T08:57:13Z,2026-09-16 10:57,0,,10,1.0
2026-09-16T09:02:17Z,2026-09-16 11:02,0,,10,1.0
2026-09-16T09:02:35Z,2026-09-16 11:02,0,,10,1.0
2026-09-16T09:07:39Z,2026-09-16 11:07,0,,20,2.0
2026-09-16T09:12:44Z,2026-09-16 11:12,0,,20,2.0
2026-09-16T09:17:48Z,2026-09-16 11:17,0,,20,2.0
2026-09-16T09:22:53Z,2026-09-16 11:22,0,,20,2.0
2026-09-16T09:27:57Z,2026-09-16 11:27,0,,20,2.0
2026-09-16T09:33:02Z,2026-09-16 11:33,10,1.0,20,2.0
2026-09-16T09:38:06Z,2026-09-16 11:38,10,1.0,20,2.0
2026-09-16T09:43:10Z,2026-09-16 11:43,10,1.0,20,2.0
2026-09-16T09:48:15Z,2026-09-16 11:48,10,1.0,20,2.0
2026-09-16T09:53:19Z,2026-09-16 11:53,20,2.0,20,2.0
2026-09-16T09:58:24Z,2026-09-16 11:58,20,2.0,20,2.0
2026-09-16T10:03:29Z,2026-09-16 12:03,20,2.0,30,3.0
2026-09-16T10:08:33Z,2026-09-16 12:08,20,2.0,30,3.0
2026-09-16T10:13:37Z,2026-09-16 12:13,20,2.0,30,3.0
2026-09-16T10:18:41Z,2026-09-16 12:18,20,2.0,30,3.0
2026-09-16T10:23:45Z,2026-09-16 12:23,20,2.0,30,3.0
2026-09-16T10:28:50Z,2026-09-16 12:28,20,2.0,30,3.0
2026-09-16T10:33:54Z,2026-09-16 12:33,20,2.0,30,3.0
2026-09-16T10:38:58Z,2026-09-16 12:38,20,2.0,30,3.0
2026-09-16T10:44:03Z,2026-09-16 12:44,20,2.0,40,4.0
2026-09-16T10:49:08Z,2026-09-16 12:49,20,2.0,40,4.0
2026-09-16T10:54:13Z,2026-09-16 12:54,20,2.0,40,4.0
2026-09-16T10:59:17Z,2026-09-16 12:59,20,2.0,40,4.0
2026-09-16T11:04:22Z,2026-09-16 13:04,20,2.0,40,4.0
2026-09-16T11:09:26Z,2026-09-16 13:09,20,2.0,40,4.0
2026-09-16T11:14:31Z,2026-09-16 13:14,20,2.0,40,4.0
2026-09-16T11:19:35Z,2026-09-16 13:19,20,2.0,40,4.0
2026-09-16T11:24:39Z,2026-09-16 13:24,20,2.0,40,4.0
2026-09-16T11:29:43Z,2026-09-16 13:29,20,2.0,40,4.0
2026-09-16T11:34:47Z,2026-09-16 13:34,20,2.0,40,4.0
2026-09-16T11:39:52Z,2026-09-16 13:39,20,2.0,40,4.0
2026-09-16T11:44:56Z,2026-09-16 13:44,20,2.0,40,4.0
2026-09-16T11:50:00Z,2026-09-16 13:50,20,2.0,40,4.0
2026-09-16T11:50:19Z,2026-09-16 13:50,20,2.0,40,4.0
2026-09-16T11:55:23Z,2026-09-16 13:55,20,2.0,40,4.0
2026-09-16T12:00:29Z,2026-09-16 14:00,20,2.0,40,4.0
2026-09-16T12:05:34Z,2026-09-16 14:05,20,2.0,40,4.0
2026-09-16T12:10:40Z,2026-09-16 14:10,20,2.0,40,4.0
2026-09-16T12:15:44Z,2026-09-16 14:15,20,2.0,40,4.0
2026-09-16T12:20:49Z,2026-09-16 14:20,20,2.0,40,4.0
2026-09-16T12:25:53Z,2026-09-16 14:25,20,2.0,40,4.0
2026-09-16T12:30:57Z,2026-09-16 14:30,20,2.0,40,4.0
2026-09-16T12:36:02Z,2026-09-16 14:36,20,2.0,40,4.0
2026-09-16T12:41:07Z,2026-09-16 14:41,20,2.0,40,4.0
2026-09-16T12:46:11Z,2026-09-16 14:46,20,2.0,40,4.0
2026-09-16T12:51:16Z,2026-09-16 14:51,20,2.0,40,4.0
2026-09-16T12:56:21Z,2026-09-16 14:56,20,2.0,40,4.0
2026-09-16T13:01:26Z,2026-09-16 15:01,20,2.0,40,4.0
2026-09-16T13:06:30Z,2026-09-16 15:06,20,2.0,40,4.0
2026-09-16T13:11:35Z,2026-09-16 15:11,20,2.0,40,4.0
2026-09-16T13:16:40Z,2026-09-16 15:16,20,2.0,40,4.0
2026-09-16T13:21:46Z,2026-09-16 15:21,10,1.0,40,4.0
2026-09-16T13:26:51Z,2026-09-16 15:26,10,1.0,40,4.0
2026-09-16T13:31:56Z,2026-09-16 15:31,10,1.0,50,5.0
2026-09-16T13:37:00Z,2026-09-16 15:37,10,1.0,50,5.0
2026-09-16T13:42:05Z,2026-09-16 15:42,10,1.0,50,5.0
2026-09-16T13:47:10Z,2026-09-16 15:47,10,1.0,50,5.0
2026-09-16T13:52:16Z,2026-09-16 15:52,10,1.0,50,5.0
2026-09-16T13:57:21Z,2026-09-16 15:57,0,,50,5.0
2026-09-16T14:02:26Z,2026-09-16 16:02,0,,50,5.0
2026-09-16T14:07:31Z,2026-09-16 16:07,0,,50,5.0
2026-09-16T14:12:37Z,2026-09-16 16:12,0,,50,5.0
2026-09-16T14:17:42Z,2026-09-16 16:17,0,,50,5.0
2026-09-16T14:22:47Z,2026-09-16 16:22,0,,50,5.0
2026-09-16T14:27:52Z,2026-09-16 16:27,0,,50,5.0
2026-09-16T14:32:57Z,2026-09-16 16:32,0,,40,4.0
2026-09-16T14:38:02Z,2026-09-16 16:38,0,,40,4.0
2026-09-16T14:38:21Z,2026-09-16 16:38,0,,40,4.0
2026-09-16T14:43:25Z,2026-09-16 16:43,0,,40,4.0
2026-09-16T14:48:29Z,2026-09-16 16:48,0,,40,4.0
2026-09-16T14:53:33Z,2026-09-16 16:53,0,,40,4.0
2026-09-16T14:58:38Z,2026-09-16 16:58,0,,40,4.0
2026-09-16T15:03:42Z,2026-09-16 17:03,0,,30,3.0
2026-09-16T15:08:45Z,2026-09-16 17:08,0,,30,3.0
2026-09-16T15:13:49Z,2026-09-16 17:13,0,,30,3.0
2026-09-16T15:18:54Z,2026-09-16 17:18,0,,30,3.0
2026-09-16T15:23:57Z,2026-09-16 17:23,0,,30,3.0
2026-09-16T15:29:02Z,2026-09-16 17:29,0,,30,3.0
2026-09-16T15:34:06Z,2026-09-16 17:34,0,,30,3.0
2026-09-16T15:39:10Z,2026-09-16 17:39,0,,30,3.0
2026-09-16T15:44:14Z,2026-09-16 17:44,0,,30,3.0
2026-09-16T15:49:19Z,2026-09-16 17:49,0,,30,3.0
2026-09-16T15:54:22Z,2026-09-16 17:54,0,,30,3.0
2026-09-16T15:59:26Z,2026-09-16 17:59,0,,30,3.0
2026-09-16T16:04:31Z,2026-09-16 18:04,0,,30,3.0
2026-09-16T16:09:35Z,2026-09-16 18:09,0,,30,3.0
2026-09-16T16:14:39Z,2026-09-16 18:14,0,,20,2.0
2026-09-16T16:19:43Z,2026-09-16 18:19,0,,20,2.0
2026-09-16T16:24:47Z,2026-09-16 18:24,0,,20,2.0
2026-09-16T16:29:51Z,2026-09-16 18:29,0,,20,2.0
2026-09-16T16:34:55Z,2026-09-16 18:34,0,,20,2.0
2026-09-16T16:39:59Z,2026-09-16 18:39,0,,20,2.0
2026-09-16T16:45:07Z,2026-09-16 18:45,0,,10,1.0
2026-09-16T16:50:11Z,2026-09-16 18:50,0,,10,1.0
2026-09-16T16:55:15Z,2026-09-16 18:55,0,,0,
2026-09-16T17:00:19Z,2026-09-16 19:00,0,,0,
2026-09-16T17:05:24Z,2026-09-16 19:05,0,,0,
2026-09-16T17:10:28Z,2026-09-16 19:10,0,,0,
2026-09-16T17:15:32Z,2026-09-16 19:15,0,,0,
2026-09-16T17:20:37Z,2026-09-16 19:20,0,,0,
2026-09-16T17:25:41Z,2026-09-16 19:25,0,,0,
2026-09-16T17:25:59Z,2026-09-16 19:25,0,,0,
2026-09-16T17:31:05Z,2026-09-16 19:31,0,,0,
2026-09-16T17:36:16Z,2026-09-16 19:36,0,,0,
2026-09-16T17:41:20Z,2026-09-16 19:41,0,,0,
2026-09-16T17:46:27Z,2026-09-16 19:46,0,,0,
2026-09-16T17:51:33Z,2026-09-16 19:51,0,,0,
2026-09-16T17:56:38Z,2026-09-16 19:56,0,,0,
2026-09-16T18:01:45Z,2026-09-16 20:01,0,,0,
2026-09-16T18:06:50Z,2026-09-16 20:06,0,,0,
2026-09-16T18:11:54Z,2026-09-16 20:11,0,,0,
2026-09-16T18:16:59Z,2026-09-16 20:16,0,,0,
2026-09-16T18:22:03Z,2026-09-16 20:22,0,,0,
2026-09-16T18:27:08Z,2026-09-16 20:27,0,,0,
2026-09-16T18:32:13Z,2026-09-16 20:32,0,,0,
2026-09-16T18:37:18Z,2026-09-16 20:37,0,,0,
2026-09-16T18:42:28Z,2026-09-16 20:42,0,,0,
2026-09-16T18:47:32Z,2026-09-16 20:47,0,,0,
2026-09-16T18:52:36Z,2026-09-16 20:52,0,,0,
2026-09-16T18:57:41Z,2026-09-16 20:57,0,,0,
2026-09-16T19:02:45Z,2026-09-16 21:02,0,,0,
2026-09-16T19:07:50Z,2026-09-16 21:07,0,,0,
2026-09-16T19:12:54Z,2026-09-16 21:12,0,,0,
2026-09-16T19:17:58Z,2026-09-16 21:17,0,,0,
2026-09-16T19:23:02Z,2026-09-16 21:23,0,,0,
2026-09-16T19:28:06Z,2026-09-16 21:28,0,,0,
2026-09-16T19:33:11Z,2026-09-16 21:33,0,,0,
2026-09-16T19:38:15Z,2026-09-16 21:38,0,,0,
2026-09-16T19:43:20Z,2026-09-16 21:43,0,,0,
2026-09-16T19:48:24Z,2026-09-16 21:48,0,,0,
2026-09-16T19:53:29Z,2026-09-16 21:53,0,,0,
2026-09-16T19:58:33Z,2026-09-16 21:58,0,,0,
2026-09-16T20:03:37Z,2026-09-16 22:03,0,,0,
2026-09-16T20:08:41Z,2026-09-16 22:08,0,,0,
2026-09-16T20:13:45Z,2026-09-16 22:13,0,,0,
2026-09-16T20:14:04Z,2026-09-16 22:14,0,,0,
2026-09-16T20:19:08Z,2026-09-16 22:19,0,,0,
2026-09-16T20:24:12Z,2026-09-16 22:24,0,,0,
2026-09-16T20:29:16Z,2026-09-16 22:29,0,,0,
2026-09-16T20:34:20Z,2026-09-16 22:34,0,,0,
2026-09-16T20:39:24Z,2026-09-16 22:39,0,,0,
2026-09-16T20:44:27Z,2026-09-16 22:44,0,,0,
2026-09-16T20:49:31Z,2026-09-16 22:49,0,,0,
2026-09-16T20:54:34Z,2026-09-16 22:54,0,,0,
2026-09-16T20:59:38Z,2026-09-16 22:59,0,,0,
2026-09-16T21:04:42Z,2026-09-16 23:04,0,,0,
2026-09-16T21:09:46Z,2026-09-16 23:09,0,,0,
2026-09-16T21:14:50Z,2026-09-16 23:14,0,,0,
2026-09-16T21:19:54Z,2026-09-16 23:19,0,,0,
2026-09-16T21:24:57Z,2026-09-16 23:24,0,,0,
2026-09-16T21:30:01Z,2026-09-16 23:30,0,,0,
2026-09-16T21:35:05Z,2026-09-16 23:35,0,,0,
2026-09-16T21:40:09Z,2026-09-16 23:40,0,,0,
2026-09-16T21:45:14Z,2026-09-16 23:45,0,,0,
2026-09-16T21:50:18Z,2026-09-16 23:50,0,,0,
2026-09-16T21:55:22Z,2026-09-16 23:55,0,,0,
2026-09-16T22:00:26Z,2026-09-17 00:00,0,,0,
2026-09-16T22:05:30Z,2026-09-17 00:05,0,,0,
2026-09-16T22:10:34Z,2026-09-17 00:10,0,,0,
2026-09-16T22:15:38Z,2026-09-17 00:15,0,,0,
2026-09-16T22:20:42Z,2026-09-17 00:20,0,,0,
2026-09-16T22:25:45Z,2026-09-17 00:25,0,,0,
2026-09-16T22:30:50Z,2026-09-17 00:30,0,,0,
2026-09-16T22:35:54Z,2026-09-17 00:35,0,,0,
2026-09-16T22:40:58Z,2026-09-17 00:40,0,,0,
2026-09-16T22:46:01Z,2026-09-17 00:46,0,,0,
2026-09-16T22:51:05Z,2026-09-17 00:51,0,,0,
2026-09-16T22:56:09Z,2026-09-17 00:56,0,,0,
2026-09-16T23:01:13Z,2026-09-17 01:01,0,,0,
2026-09-16T23:01:29Z,2026-09-17 01:01,0,,0,
2026-09-16T23:06:33Z,2026-09-17 01:06,0,,0,
2026-09-16T23:11:37Z,2026-09-17 01:11,0,,0,
2026-09-16T23:16:41Z,2026-09-17 01:16,0,,0,
2026-09-16T23:21:45Z,2026-09-17 01:21,0,,0,
2026-09-16T23:26:50Z,2026-09-17 01:26,0,,0,
2026-09-16T23:31:53Z,2026-09-17 01:31,0,,0,
2026-09-16T23:36:57Z,2026-09-17 01:36,0,,0,
2026-09-16T23:42:01Z,2026-09-17 01:42,0,,0,
2026-09-16T23:47:05Z,2026-09-17 01:47,0,,0,
2026-09-16T23:52:09Z,2026-09-17 01:52,0,,0,
2026-09-16T23:57:13Z,2026-09-17 01:57,0,,0,
2026-09-17T00:02:16Z,2026-09-17 02:02,0,,0,
2026-09-17T00:07:20Z,2026-09-17 02:07,0,,0,
2026-09-17T00:12:23Z,2026-09-17 02:12,0,,0,
2026-09-17T00:17:27Z,2026-09-17 02:17,0,,0,
2026-09-17T00:22:31Z,2026-09-17 02:22,0,,0,
2026-09-17T00:27:35Z,2026-09-17 02:27,0,,0,
2026-09-17T00:32:41Z,2026-09-17 02:32,0,,0,
2026-09-17T00:37:44Z,2026-09-17 02:37,0,,0,
2026-09-17T00:42:50Z,2026-09-17 02:42,0,,0,
2026-09-17T00:47:55Z,2026-09-17 02:47,0,,0,
2026-09-17T00:52:59Z,2026-09-17 02:52,0,,0,
2026-09-17T00:58:02Z,2026-09-17 02:58,0,,0,
2026-09-17T01:03:06Z,2026-09-17 03:03,0,,0,
2026-09-17T01:08:11Z,2026-09-17 03:08,0,,0,
2026-09-17T01:13:14Z,2026-09-17 03:13,0,,0,
2026-09-17T01:18:21Z,2026-09-17 03:18,0,,0,
2026-09-17T01:23:25Z,2026-09-17 03:23,0,,0,
2026-09-17T01:28:28Z,2026-09-17 03:28,0,,0,
2026-09-17T01:33:32Z,2026-09-17 03:33,0,,0,
2026-09-17T01:38:36Z,2026-09-17 03:38,0,,0,
2026-09-17T01:43:40Z,2026-09-17 03:43,0,,0,
2026-09-17T01:48:43Z,2026-09-17 03:48,0,,0,
2026-09-17T01:49:02Z,2026-09-17 03:49,0,,0,
2026-09-17T01:54:05Z,2026-09-17 03:54,0,,0,
2026-09-17T01:59:09Z,2026-09-17 03:59,0,,0,
2026-09-17T02:04:12Z,2026-09-17 04:04,0,,0,
2026-09-17T02:09:16Z,2026-09-17 04:09,0,,0,
2026-09-17T02:14:20Z,2026-09-17 04:14,0,,0,
2026-09-17T02:19:24Z,2026-09-17 04:19,0,,0,
2026-09-17T02:24:27Z,2026-09-17 04:24,0,,0,
2026-09-17T02:29:31Z,2026-09-17 04:29,0,,0,
2026-09-17T02:34:35Z,2026-09-17 04:34,0,,0,
2026-09-17T02:39:38Z,2026-09-17 04:39,0,,0,
2026-09-17T02:44:42Z,2026-09-17 04:44,0,,0,
2026-09-17T02:49:46Z,2026-09-17 04:49,0,,0,
2026-09-17T02:54:49Z,2026-09-17 04:54,0,,0,
2026-09-17T02:59:53Z,2026-09-17 04:59,0,,0,
2026-09-17T03:04:57Z,2026-09-17 05:04,0,,0,
2026-09-17T03:10:01Z,2026-09-17 05:10,0,,0,
2026-09-17T03:15:09Z,2026-09-17 05:15,0,,0,
2026-09-17T03:20:13Z,2026-09-17 05:20,0,,0,
2026-09-17T03:25:17Z,2026-09-17 05:25,0,,0,
2026-09-17T03:30:21Z,2026-09-17 05:30,0,,0,
2026-09-17T03:35:25Z,2026-09-17 05:35,0,,0,
2026-09-17T03:40:29Z,2026-09-17 05:40,0,,0,
2026-09-17T03:45:33Z,2026-09-17 05:45,0,,0,
2026-09-17T03:50:36Z,2026-09-17 05:50,0,,0,
2026-09-17T03:55:40Z,2026-09-17 05:55,0,,0,
2026-09-17T04:00:43Z,2026-09-17 06:00,0,,0,
2026-09-17T04:05:47Z,2026-09-17 06:05,0,,0,
2026-09-17T04:10:51Z,2026-09-17 06:10,0,,0,
2026-09-17T04:15:55Z,2026-09-17 06:15,0,,0,
2026-09-17T04:20:59Z,2026-09-17 06:20,0,,0,
2026-09-17T04:26:03Z,2026-09-17 06:26,0,,0,
2026-09-17T04:31:07Z,2026-09-17 06:31,0,,0,
2026-09-17T04:36:12Z,2026-09-17 06:36,0,,0,
2026-09-17T04:36:30Z,2026-09-17 06:36,0,,0,
2026-09-17T04:41:33Z,2026-09-17 06:41,0,,0,
2026-09-17T04:46:37Z,2026-09-17 06:46,0,,0,
2026-09-17T04:51:41Z,2026-09-17 06:51,0,,0,
2026-09-17T04:56:49Z,2026-09-17 06:56,0,,0,
2026-09-17T05:02:10Z,2026-09-17 07:02,0,,0,
2026-09-17T05:07:13Z,2026-09-17 07:07,0,,0,
2026-09-17T05:12:17Z,2026-09-17 07:12,0,,0,
2026-09-17T05:17:21Z,2026-09-17 07:17,0,,0,
2026-09-17T05:22:25Z,2026-09-17 07:22,0,,0,
2026-09-17T05:27:29Z,2026-09-17 07:27,0,,0,
2026-09-17T05:32:33Z,2026-09-17 07:32,0,,0,
2026-09-17T05:37:36Z,2026-09-17 07:37,0,,0,
2026-09-17T05:42:40Z,2026-09-17 07:42,0,,0,
2026-09-17T05:47:44Z,2026-09-17 07:47,0,,0,
2026-09-17T05:52:48Z,2026-09-17 07:52,0,,0,
2026-09-17T05:57:52Z,2026-09-17 07:57,0,,0,
2026-09-17T06:02:56Z,2026-09-17 08:02,0,,0,
2026-09-17T06:07:59Z,2026-09-17 08:07,0,,0,
2026-09-17T06:13:03Z,2026-09-17 08:13,0,,0,
2026-09-17T06:18:07Z,2026-09-17 08:18,0,,0,
2026-09-17T06:23:10Z,2026-09-17 08:23,0,,0,
2026-09-17T06:28:14Z,2026-09-17 08:28,0,,0,
2026-09-17T06:33:18Z,2026-09-17 08:33,0,,0,
2026-09-17T06:38:22Z,2026-09-17 08:38,0,,0,
2026-09-17T06:43:25Z,2026-09-17 08:43,0,,0,
2026-09-17T06:48:30Z,2026-09-17 08:48,0,,0,
2026-09-17T06:53:34Z,2026-09-17 08:53,0,,0,
2026-09-17T06:58:37Z,2026-09-17 08:58,0,,0,
2026-09-17T07:03:42Z,2026-09-17 09:03,0,,0,
2026-09-17T07:08:46Z,2026-09-17 09:08,0,,0,
2026-09-17T07:13:50Z,2026-09-17 09:13,0,,0,
2026-09-17T07:18:54Z,2026-09-17 09:18,0,,0,
2026-09-17T07:23:57Z,2026-09-17 09:23,0,,0,
2026-09-17T07:24:16Z,2026-09-17 09:24,0,,0,
2026-09-17T07:29:21Z,2026-09-17 09:29,0,,0,
2026-09-17T07:34:26Z,2026-09-17 09:34,0,,0,
2026-09-17T07:39:31Z,2026-09-17 09:39,0,,0,
2026-09-17T07:44:36Z,2026-09-17 09:44,0,,0,
2026-09-17T07:49:42Z,2026-09-17 09:49,0,,0,
2026-09-17T07:54:46Z,2026-09-17 09:54,0,,0,
2026-09-17T07:59:51Z,2026-09-17 09:59,0,,0,
2026-09-17T08:04:55Z,2026-09-17 10:04,0,,0,
2026-09-17T08:10:00Z,2026-09-17 10:10,0,,0,
2026-09-17T08:15:06Z,2026-09-17 10:15,0,,0,
2026-09-17T08:20:11Z,2026-09-17 10:20,0,,0,
2026-09-17T08:25:16Z,2026-09-17 10:25,0,,0,
2026-09-17T08:30:22Z,2026-09-17 10:30,0,,0,
2026-09-17T08:35:28Z,2026-09-17 10:35,0,,0,
2026-09-17T08:40:33Z,2026-09-17 10:40,0,,0,
2026-09-17T08:45:38Z,2026-09-17 10:45,0,,0,
2026-09-17T08:50:42Z,2026-09-17 10:50,0,,10,1.0
2026-09-17T08:55:46Z,2026-09-17 10:55,0,,10,1.0
2026-09-17T09:00:51Z,2026-09-17 11:00,0,,10,1.0
2026-09-17T09:05:56Z,2026-09-17 11:05,0,,10,1.0
2026-09-17T09:11:02Z,2026-09-17 11:11,0,,10,1.0
2026-09-17T09:16:06Z,2026-09-17 11:16,0,,10,1.0
2026-09-17T09:21:11Z,2026-09-17 11:21,10,1.0,10,1.0
2026-09-17T09:26:16Z,2026-09-17 11:26,10,1.0,20,2.0
2026-09-17T09:31:22Z,2026-09-17 11:31,10,1.0,20,2.0
2026-09-17T09:36:28Z,2026-09-17 11:36,10,1.0,20,2.0
2026-09-17T09:41:34Z,2026-09-17 11:41,10,1.0,20,2.0
2026-09-17T09:46:41Z,2026-09-17 11:46,10,1.0,20,2.0
2026-09-17T09:51:46Z,2026-09-17 11:51,20,2.0,20,2.0
2026-09-17T09:56:51Z,2026-09-17 11:56,20,2.0,30,3.0
2026-09-17T10:01:57Z,2026-09-17 12:01,20,2.0,30,3.0
2026-09-17T10:07:01Z,2026-09-17 12:07,20,2.0,30,3.0
2026-09-17T10:12:09Z,2026-09-17 12:12,20,2.0,30,3.0
2026-09-17T10:12:29Z,2026-09-17 12:12,20,2.0,30,3.0
2026-09-17T10:17:34Z,2026-09-17 12:17,20,2.0,30,3.0
2026-09-17T10:22:38Z,2026-09-17 12:22,20,2.0,30,3.0
2026-09-17T10:27:42Z,2026-09-17 12:27,20,2.0,30,3.0
2026-09-17T10:32:47Z,2026-09-17 12:32,20,2.0,40,4.0
2026-09-17T10:37:52Z,2026-09-17 12:37,20,2.0,40,4.0
2026-09-17T10:42:57Z,2026-09-17 12:42,20,2.0,40,4.0
2026-09-17T10:48:01Z,2026-09-17 12:48,20,2.0,40,4.0
2026-09-17T10:53:06Z,2026-09-17 12:53,20,2.0,40,4.0
2026-09-17T10:58:10Z,2026-09-17 12:58,20,2.0,40,4.0
2026-09-17T11:03:15Z,2026-09-17 13:03,20,2.0,40,4.0
2026-09-17T11:08:19Z,2026-09-17 13:08,20,2.0,40,4.0
2026-09-17T11:13:24Z,2026-09-17 13:13,20,2.0,40,4.0
2026-09-17T11:18:29Z,2026-09-17 13:18,20,2.0,40,4.0
2026-09-17T11:23:33Z,2026-09-17 13:23,20,2.0,40,4.0
2026-09-17T11:28:38Z,2026-09-17 13:28,20,2.0,40,4.0
2026-09-17T11:33:42Z,2026-09-17 13:33,20,2.0,40,4.0
2026-09-17T11:38:47Z,2026-09-17 13:38,20,2.0,40,4.0
2026-09-17T11:43:51Z,2026-09-17 13:43,20,2.0,40,4.0
2026-09-17T11:48:57Z,2026-09-17 13:48,20,2.0,40,4.0
2026-09-17T11:54:01Z,2026-09-17 13:54,20,2.0,40,4.0
2026-09-17T11:59:06Z,2026-09-17 13:59,20,2.0,40,4.0
2026-09-17T12:04:11Z,2026-09-17 14:04,20,2.0,40,4.0
2026-09-17T12:09:16Z,2026-09-17 14:09,20,2.0,40,4.0
2026-09-17T12:14:21Z,2026-09-17 14:14,20,2.0,40,4.0
2026-09-17T12:19:26Z,2026-09-17 14:19,20,2.0,40,4.0
2026-09-17T12:24:31Z,2026-09-17 14:24,20,2.0,40,4.0
2026-09-17T12:29:35Z,2026-09-17 14:29,20,2.0,40,4.0
2026-09-17T12:34:40Z,2026-09-17 14:34,20,2.0,40,4.0
2026-09-17T12:39:44Z,2026-09-17 14:39,20,2.0,40,4.0
2026-09-17T12:44:49Z,2026-09-17 14:44,20,2.0,40,4.0
2026-09-17T12:49:53Z,2026-09-17 14:49,20,2.0,40,4.0
2026-09-17T12:54:58Z,2026-09-17 14:54,20,2.0,40,4.0
2026-09-17T13:00:04Z,2026-09-17 15:00,20,2.0,40,4.0
2026-09-17T13:00:28Z,2026-09-17 15:00,20,2.0,40,4.0
2026-09-17T13:05:33Z,2026-09-17 15:05,20,2.0,40,4.0
2026-09-17T13:10:37Z,2026-09-17 15:10,20,2.0,40,4.0
2026-09-17T13:15:42Z,2026-09-17 15:15,20,2.0,40,4.0
2026-09-17T13:20:47Z,2026-09-17 15:20,20,2.0,40,4.0
2026-09-17T13:25:51Z,2026-09-17 15:25,20,2.0,40,4.0
2026-09-17T13:30:56Z,2026-09-17 15:30,20,2.0,30,3.0
2026-09-17T13:36:01Z,2026-09-17 15:36,20,2.0,30,3.0
2026-09-17T13:41:06Z,2026-09-17 15:41,20,2.0,30,3.0
2026-09-17T13:46:11Z,2026-09-17 15:46,20,2.0,30,3.0
2026-09-17T13:51:16Z,2026-09-17 15:51,20,2.0,30,3.0
2026-09-17T13:56:22Z,2026-09-17 15:56,20,2.0,30,3.0
2026-09-17T14:01:27Z,2026-09-17 16:01,10,1.0,30,3.0
2026-09-17T14:06:32Z,2026-09-17 16:06,10,1.0,30,3.0
2026-09-17T14:11:37Z,2026-09-17 16:11,10,1.0,30,3.0
2026-09-17T14:16:42Z,2026-09-17 16:16,10,1.0,30,3.0
2026-09-17T14:21:47Z,2026-09-17 16:21,10,1.0,30,3.0
2026-09-17T14:26:52Z,2026-09-17 16:26,10,1.0,30,3.0
2026-09-17T14:31:57Z,2026-09-17 16:31,10,1.0,30,3.0
2026-09-17T14:37:01Z,2026-09-17 16:37,10,1.0,30,3.0
2026-09-17T14:42:07Z,2026-09-17 16:42,10,1.0,30,3.0
2026-09-17T14:47:12Z,2026-09-17 16:47,10,1.0,30,3.0
2026-09-17T14:52:17Z,2026-09-17 16:52,0,,30,3.0
2026-09-17T14:57:22Z,2026-09-17 16:57,0,,30,3.0
2026-09-17T15:02:27Z,2026-09-17 17:02,0,,30,3.0
2026-09-17T15:07:32Z,2026-09-17 17:07,0,,30,3.0
2026-09-17T15:12:37Z,2026-09-17 17:12,0,,30,3.0
2026-09-17T15:17:42Z,2026-09-17 17:17,0,,30,3.0
2026-09-17T15:22:47Z,2026-09-17 17:22,0,,30,3.0
2026-09-17T15:27:52Z,2026-09-17 17:27,0,,30,3.0
2026-09-17T15:32:57Z,2026-09-17 17:32,0,,30,3.0
2026-09-17T15:38:02Z,2026-09-17 17:38,0,,30,3.0
2026-09-17T15:43:07Z,2026-09-17 17:43,0,,30,3.0
2026-09-17T15:48:11Z,2026-09-17 17:48,0,,30,3.0
2026-09-17T15:48:28Z,2026-09-17 17:48,0,,30,3.0
2026-09-17T15:53:32Z,2026-09-17 17:53,0,,20,2.0
2026-09-17T15:58:35Z,2026-09-17 17:58,0,,20,2.0
2026-09-17T16:03:39Z,2026-09-17 18:03,0,,20,2.0
2026-09-17T16:08:43Z,2026-09-17 18:08,0,,20,2.0
2026-09-17T16:13:48Z,2026-09-17 18:13,0,,20,2.0
2026-09-17T16:18:52Z,2026-09-17 18:18,0,,20,2.0
2026-09-17T16:23:56Z,2026-09-17 18:23,0,,20,2.0
2026-09-17T16:29:00Z,2026-09-17 18:29,0,,20,2.0
2026-09-17T16:34:05Z,2026-09-17 18:34,0,,20,2.0
2026-09-17T16:39:09Z,2026-09-17 18:39,0,,10,1.0
2026-09-17T16:44:14Z,2026-09-17 18:44,0,,10,1.0
2026-09-17T16:49:18Z,2026-09-17 18:49,0,,10,1.0
2026-09-17T16:54:22Z,2026-09-17 18:54,0,,10,1.0
2026-09-17T16:59:26Z,2026-09-17 18:59,0,,0,
2026-09-17T17:04:30Z,2026-09-17 19:04,0,,0,
2026-09-17T17:09:34Z,2026-09-17 19:09,0,,0,
2026-09-17T17:14:37Z,2026-09-17 19:14,0,,0,
2026-09-17T17:19:42Z,2026-09-17 19:19,0,,0,
2026-09-17T17:24:46Z,2026-09-17 19:24,0,,0,
2026-09-17T17:29:50Z,2026-09-17 19:29,0,,0,
2026-09-17T17:34:54Z,2026-09-17 19:34,0,,0,
2026-09-17T17:39:58Z,2026-09-17 19:39,0,,0,
2026-09-17T17:45:02Z,2026-09-17 19:45,0,,0,
2026-09-17T17:50:08Z,2026-09-17 19:50,0,,0,
2026-09-17T17:55:12Z,2026-09-17 19:55,0,,0,
2026-09-17T18:00:16Z,2026-09-17 20:00,0,,0,
2026-09-17T18:05:20Z,2026-09-17 20:05,0,,0,
2026-09-17T18:10:24Z,2026-09-17 20:10,0,,0,
2026-09-17T18:15:28Z,2026-09-17 20:15,0,,0,
2026-09-17T18:20:33Z,2026-09-17 20:20,0,,0,
2026-09-17T18:25:37Z,2026-09-17 20:25,0,,0,
2026-09-17T18:30:41Z,2026-09-17 20:30,0,,0,
2026-09-17T18:35:47Z,2026-09-17 20:35,0,,0,
2026-09-17T18:36:05Z,2026-09-17 20:36,0,,0,
2026-09-17T18:41:10Z,2026-09-17 20:41,0,,0,
2026-09-17T18:46:15Z,2026-09-17 20:46,0,,0,
2026-09-17T18:51:19Z,2026-09-17 20:51,0,,0,
2026-09-17T18:56:25Z,2026-09-17 20:56,0,,0,
2026-09-17T19:01:30Z,2026-09-17 21:01,0,,0,
2026-09-17T19:06:35Z,2026-09-17 21:06,0,,0,
2026-09-17T19:11:41Z,2026-09-17 21:11,0,,0,
2026-09-17T19:16:46Z,2026-09-17 21:16,0,,0,
2026-09-17T19:21:50Z,2026-09-17 21:21,0,,0,
2026-09-17T19:26:55Z,2026-09-17 21:26,0,,0,
2026-09-17T19:32:00Z,2026-09-17 21:32,0,,0,
2026-09-17T19:37:04Z,2026-09-17 21:37,0,,0,
2026-09-17T19:42:09Z,2026-09-17 21:42,0,,0,
2026-09-17T19:47:14Z,2026-09-17 21:47,0,,0,
2026-09-17T19:52:19Z,2026-09-17 21:52,0,,0,
2026-09-17T19:57:23Z,2026-09-17 21:57,0,,0,
2026-09-17T20:02:28Z,2026-09-17 22:02,0,,0,
2026-09-17T20:07:33Z,2026-09-17 22:07,0,,0,
2026-09-17T20:12:38Z,2026-09-17 22:12,0,,0,
2026-09-17T20:17:42Z,2026-09-17 22:17,0,,0,
2026-09-17T20:22:48Z,2026-09-17 22:22,0,,0,
2026-09-17T20:27:53Z,2026-09-17 22:27,0,,0,
2026-09-17T20:32:58Z,2026-09-17 22:32,0,,0,
2026-09-17T20:38:02Z,2026-09-17 22:38,0,,0,
2026-09-17T20:43:07Z,2026-09-17 22:43,0,,0,
2026-09-17T20:48:11Z,2026-09-17 22:48,0,,0,
2026-09-17T20:53:16Z,2026-09-17 22:53,0,,0,
2026-09-17T20:58:21Z,2026-09-17 22:58,0,,0,
2026-09-17T21:03:25Z,2026-09-17 23:03,0,,0,
2026-09-17T21:08:30Z,2026-09-17 23:08,0,,0,
2026-09-17T21:13:35Z,2026-09-17 23:13,0,,0,
2026-09-17T21:18:39Z,2026-09-17 23:18,0,,0,
2026-09-17T21:23:44Z,2026-09-17 23:23,0,,0,
2026-09-17T21:24:03Z,2026-09-17 23:24,0,,0,
2026-09-17T21:29:08Z,2026-09-17 23:29,0,,0,
2026-09-17T21:34:13Z,2026-09-17 23:34,0,,0,
2026-09-17T21:39:17Z,2026-09-17 23:39,0,,0,
2026-09-17T21:44:21Z,2026-09-17 23:44,0,,0,
2026-09-17T21:49:25Z,2026-09-17 23:49,0,,0,
2026-09-17T21:54:30Z,2026-09-17 23:54,0,,0,
2026-09-17T21:59:34Z,2026-09-17 23:59,0,,0,
2026-09-17T22:04:38Z,2026-09-18 00:04,0,,0,
2026-09-17T22:09:42Z,2026-09-18 00:09,0,,0,
2026-09-17T22:14:46Z,2026-09-18 00:14,0,,0,
2026-09-17T22:19:51Z,2026-09-18 00:19,0,,0,
2026-09-17T22:24:55Z,2026-09-18 00:24,0,,0,
2026-09-17T22:30:00Z,2026-09-18 00:30,0,,0,
2026-09-17T22:35:05Z,2026-09-18 00:35,0,,0,
2026-09-17T22:40:09Z,2026-09-18 00:40,0,,0,
2026-09-17T22:45:13Z,2026-09-18 00:45,0,,0,
2026-09-17T22:50:18Z,2026-09-18 00:50,0,,0,
2026-09-17T22:55:23Z,2026-09-18 00:55,0,,0,
2026-09-17T23:00:27Z,2026-09-18 01:00,0,,0,
2026-09-17T23:05:32Z,2026-09-18 01:05,0,,0,
2026-09-17T23:10:36Z,2026-09-18 01:10,0,,0,
2026-09-17T23:15:40Z,2026-09-18 01:15,0,,0,
2026-09-17T23:20:44Z,2026-09-18 01:20,0,,0,
2026-09-17T23:25:49Z,2026-09-18 01:25,0,,0,
2026-09-17T23:30:53Z,2026-09-18 01:30,0,,0,
2026-09-17T23:35:57Z,2026-09-18 01:35,0,,0,
2026-09-17T23:41:01Z,2026-09-18 01:41,0,,0,
2026-09-17T23:46:05Z,2026-09-18 01:46,0,,0,
2026-09-17T23:51:10Z,2026-09-18 01:51,0,,0,
2026-09-17T23:56:14Z,2026-09-18 01:56,0,,0,
2026-09-18T00:01:18Z,2026-09-18 02:01,0,,0,
2026-09-18T00:06:23Z,2026-09-18 02:06,0,,0,
2026-09-18T00:11:29Z,2026-09-18 02:11,0,,0,
2026-09-18T00:11:48Z,2026-09-18 02:11,0,,0,
2026-09-18T00:16:52Z,2026-09-18 02:16,0,,0,
2026-09-18T00:21:56Z,2026-09-18 02:21,0,,0,
2026-09-18T00:27:01Z,2026-09-18 02:27,0,,0,
2026-09-18T00:32:06Z,2026-09-18 02:32,0,,0,
2026-09-18T00:37:11Z,2026-09-18 02:37,0,,0,
2026-09-18T00:42:15Z,2026-09-18 02:42,0,,0,
2026-09-18T00:47:20Z,2026-09-18 02:47,0,,0,
2026-09-18T00:52:23Z,2026-09-18 02:52,0,,0,
2026-09-18T00:57:27Z,2026-09-18 02:57,0,,0,
2026-09-18T01:02:31Z,2026-09-18 03:02,0,,0,
2026-09-18T01:07:35Z,2026-09-18 03:07,0,,0,
2026-09-18T01:12:39Z,2026-09-18 03:12,0,,0,
2026-09-18T01:17:43Z,2026-09-18 03:17,0,,0,
2026-09-18T01:22:47Z,2026-09-18 03:22,0,,0,
2026-09-18T01:27:51Z,2026-09-18 03:27,0,,0,
2026-09-18T01:32:55Z,2026-09-18 03:32,0,,0,
2026-09-18T01:37:59Z,2026-09-18 03:37,0,,0,
2026-09-18T01:43:03Z,2026-09-18 03:43,0,,0,
2026-09-18T01:48:07Z,2026-09-18 03:48,0,,0,
2026-09-18T01:53:11Z,2026-09-18 03:53,0,,0,
2026-09-18T01:58:15Z,2026-09-18 03:58,0,,0,
2026-09-18T02:03:18Z,2026-09-18 04:03,0,,0,
2026-09-18T02:08:22Z,2026-09-18 04:08,0,,0,
2026-09-18T02:13:26Z,2026-09-18 04:13,0,,0,
2026-09-18T02:18:30Z,2026-09-18 04:18,0,,0,
2026-09-18T02:23:33Z,2026-09-18 04:23,0,,0,
2026-09-18T02:28:37Z,2026-09-18 04:28,0,,0,
2026-09-18T02:33:41Z,2026-09-18 04:33,0,,0,
2026-09-18T02:38:45Z,2026-09-18 04:38,0,,0,
2026-09-18T02:43:49Z,2026-09-18 04:43,0,,0,
2026-09-18T02:48:53Z,2026-09-18 04:48,0,,0,
2026-09-18T02:53:56Z,2026-09-18 04:53,0,,0,
2026-09-18T02:59:01Z,2026-09-18 04:59,0,,0,
2026-09-18T02:59:17Z,2026-09-18 04:59,0,,0,
2026-09-18T03:04:21Z,2026-09-18 05:04,0,,0,
2026-09-18T03:09:24Z,2026-09-18 05:09,0,,0,
2026-09-18T03:14:28Z,2026-09-18 05:14,0,,0,
2026-09-18T03:19:32Z,2026-09-18 05:19,0,,0,
2026-09-18T03:24:35Z,2026-09-18 05:24,0,,0,
2026-09-18T03:29:39Z,2026-09-18 05:29,0,,0,
2026-09-18T03:34:43Z,2026-09-18 05:34,0,,0,
2026-09-18T03:39:49Z,2026-09-18 05:39,0,,0,
2026-09-18T03:44:52Z,2026-09-18 05:44,0,,0,
2026-09-18T03:49:56Z,2026-09-18 05:49,0,,0,
2026-09-18T03:55:00Z,2026-09-18 05:55,0,,0,
2026-09-18T04:00:11Z,2026-09-18 06:00,0,,0,
2026-09-18T04:05:15Z,2026-09-18 06:05,0,,0,
2026-09-18T04:10:19Z,2026-09-18 06:10,0,,0,
2026-09-18T04:15:22Z,2026-09-18 06:15,0,,0,
2026-09-18T04:20:26Z,2026-09-18 06:20,0,,0,
2026-09-18T04:25:30Z,2026-09-18 06:25,0,,0,
2026-09-18T04:30:34Z,2026-09-18 06:30,0,,0,
2026-09-18T04:35:37Z,2026-09-18 06:35,0,,0,
2026-09-18T04:40:41Z,2026-09-18 06:40,0,,0,
2026-09-18T04:45:45Z,2026-09-18 06:45,0,,0,
2026-09-18T04:50:48Z,2026-09-18 06:50,0,,0,
2026-09-18T04:55:52Z,2026-09-18 06:55,0,,0,
2026-09-18T05:00:57Z,2026-09-18 07:00,0,,0,
2026-09-18T05:06:01Z,2026-09-18 07:06,0,,0,
2026-09-18T05:11:04Z,2026-09-18 07:11,0,,0,
2026-09-18T05:16:08Z,2026-09-18 07:16,0,,0,
2026-09-18T05:21:12Z,2026-09-18 07:21,0,,0,
2026-09-18T05:26:15Z,2026-09-18 07:26,0,,0,
2026-09-18T05:31:19Z,2026-09-18 07:31,0,,0,
2026-09-18T05:36:23Z,2026-09-18 07:36,0,,0,
2026-09-18T05:41:27Z,2026-09-18 07:41,0,,0,
2026-09-18T05:46:30Z,2026-09-18 07:46,0,,0,
2026-09-18T05:46:49Z,2026-09-18 07:46,0,,0,
2026-09-18T05:51:54Z,2026-09-18 07:51,0,,0,
2026-09-18T05:56:58Z,2026-09-18 07:56,0,,0,
2026-09-18T06:02:03Z,2026-09-18 08:02,0,,0,
2026-09-18T06:07:08Z,2026-09-18 08:07,0,,0,
2026-09-18T06:12:12Z,2026-09-18 08:12,0,,0,
2026-09-18T06:17:17Z,2026-09-18 08:17,0,,0,
2026-09-18T06:22:21Z,2026-09-18 08:22,0,,0,
2026-09-18T06:27:25Z,2026-09-18 08:27,0,,0,
2026-09-18T06:32:31Z,2026-09-18 08:32,0,,0,
2026-09-18T06:37:36Z,2026-09-18 08:37,0,,0,
2026-09-18T06:42:41Z,2026-09-18 08:42,0,,0,
2026-09-18T06:47:45Z,2026-09-18 08:47,0,,0,
2026-09-18T06:52:50Z,2026-09-18 08:52,0,,0,
2026-09-18T06:57:55Z,2026-09-18 08:57,0,,0,
2026-09-18T07:03:00Z,2026-09-18 09:03,0,,0,
2026-09-18T07:08:06Z,2026-09-18 09:08,0,,0,
2026-09-18T07:13:12Z,2026-09-18 09:13,0,,0,
2026-09-18T07:18:16Z,2026-09-18 09:18,0,,0,
2026-09-18T07:23:21Z,2026-09-18 09:23,0,,0,
2026-09-18T07:28:26Z,2026-09-18 09:28,0,,0,
2026-09-18T07:33:31Z,2026-09-18 09:33,0,,0,
2026-09-18T07:38:35Z,2026-09-18 09:38,0,,0,
2026-09-18T07:43:40Z,2026-09-18 09:43,10,1.0,0,
2026-09-18T07:48:45Z,2026-09-18 09:48,10,1.0,0,
2026-09-18T07:53:50Z,2026-09-18 09:53,10,1.0,0,
2026-09-18T07:58:54Z,2026-09-18 09:58,10,1.0,10,1.0
2026-09-18T08:03:59Z,2026-09-18 10:03,10,1.0,10,1.0
2026-09-18T08:09:03Z,2026-09-18 10:09,10,1.0,10,1.0
2026-09-18T08:14:08Z,2026-09-18 10:14,10,1.0,10,1.0
2026-09-18T08:19:13Z,2026-09-18 10:19,10,1.0,10,1.0
2026-09-18T08:24:18Z,2026-09-18 10:24,10,1.0,10,1.0
2026-09-18T08:29:23Z,2026-09-18 10:29,10,1.0,20,2.0
2026-09-18T08:34:28Z,2026-09-18 10:34,20,2.0,20,2.0
2026-09-18T08:34:49Z,2026-09-18 10:34,20,2.0,20,2.0
2026-09-18T08:39:54Z,2026-09-18 10:39,20,2.0,20,2.0
2026-09-18T08:44:58Z,2026-09-18 10:44,20,2.0,20,2.0
2026-09-18T08:50:03Z,2026-09-18 10:50,20,2.0,20,2.0
2026-09-18T08:55:08Z,2026-09-18 10:55,20,2.0,20,2.0
2026-09-18T09:00:15Z,2026-09-18 11:00,20,2.0,20,2.0
2026-09-18T09:05:20Z,2026-09-18 11:05,20,2.0,30,3.0
2026-09-18T09:10:24Z,2026-09-18 11:10,20,2.0,30,3.0
2026-09-18T09:15:29Z,2026-09-18 11:15,20,2.0,30,3.0
2026-09-18T09:20:34Z,2026-09-18 11:20,20,2.0,40,4.0
2026-09-18T09:25:40Z,2026-09-18 11:25,30,3.0,40,4.0
2026-09-18T09:30:44Z,2026-09-18 11:30,30,3.0,40,4.0
2026-09-18T09:35:49Z,2026-09-18 11:35,30,3.0,40,4.0
2026-09-18T09:40:53Z,2026-09-18 11:40,30,3.0,40,4.0
2026-09-18T09:45:57Z,2026-09-18 11:45,30,3.0,40,4.0
2026-09-18T09:51:02Z,2026-09-18 11:51,30,3.0,50,5.0
2026-09-18T09:56:07Z,2026-09-18 11:56,30,3.0,50,5.0
2026-09-18T10:01:12Z,2026-09-18 12:01,30,3.0,50,5.0
2026-09-18T10:06:17Z,2026-09-18 12:06,30,3.0,50,5.0
2026-09-18T10:11:21Z,2026-09-18 12:11,30,3.0,50,5.0
2026-09-18T10:16:25Z,2026-09-18 12:16,30,3.0,50,5.0
2026-09-18T10:21:30Z,2026-09-18 12:21,30,3.0,50,5.0
2026-09-18T10:26:34Z,2026-09-18 12:26,30,3.0,60,6.0
2026-09-18T10:31:39Z,2026-09-18 12:31,30,3.0,60,6.0
2026-09-18T10:36:43Z,2026-09-18 12:36,40,4.0,60,6.0
2026-09-18T10:41:48Z,2026-09-18 12:41,40,4.0,60,6.0
2026-09-18T10:46:53Z,2026-09-18 12:46,40,4.0,60,6.0
2026-09-18T10:51:57Z,2026-09-18 12:51,40,4.0,60,6.0
2026-09-18T10:57:01Z,2026-09-18 12:57,40,4.0,60,6.0
2026-09-18T11:02:06Z,2026-09-18 13:02,40,4.0,60,6.0
2026-09-18T11:07:10Z,2026-09-18 13:07,40,4.0,60,6.0
2026-09-18T11:12:15Z,2026-09-18 13:12,40,4.0,60,6.0
2026-09-18T11:17:19Z,2026-09-18 13:17,40,4.0,60,6.0
2026-09-18T11:22:23Z,2026-09-18 13:22,40,4.0,60,6.0
2026-09-18T11:22:42Z,2026-09-18 13:22,40,4.0,60,6.0
2026-09-18T11:27:46Z,2026-09-18 13:27,40,4.0,60,6.0
2026-09-18T11:32:50Z,2026-09-18 13:32,40,4.0,60,6.0
2026-09-18T11:37:55Z,2026-09-18 13:37,40,4.0,60,6.0
2026-09-18T11:43:00Z,2026-09-18 13:43,40,4.0,60,6.0
2026-09-18T11:48:05Z,2026-09-18 13:48,40,4.0,60,6.0
2026-09-18T11:53:09Z,2026-09-18 13:53,40,4.0,60,6.0
2026-09-18T11:58:14Z,2026-09-18 13:58,40,4.0,60,6.0
2026-09-18T12:03:18Z,2026-09-18 14:03,40,4.0,60,6.0
2026-09-18T12:08:22Z,2026-09-18 14:08,40,4.0,60,6.0
2026-09-18T12:13:29Z,2026-09-18 14:13,40,4.0,60,6.0
2026-09-18T12:18:34Z,2026-09-18 14:18,40,4.0,60,6.0
2026-09-18T12:23:38Z,2026-09-18 14:23,40,4.0,60,6.0
2026-09-18T12:28:43Z,2026-09-18 14:28,40,4.0,60,6.0
2026-09-18T12:33:47Z,2026-09-18 14:33,40,4.0,60,6.0
2026-09-18T12:38:51Z,2026-09-18 14:38,40,4.0,50,5.0
2026-09-18T12:43:55Z,2026-09-18 14:43,40,4.0,50,5.0
2026-09-18T12:48:59Z,2026-09-18 14:48,40,4.0,50,5.0
2026-09-18T12:54:05Z,2026-09-18 14:54,40,4.0,50,5.0
2026-09-18T12:59:09Z,2026-09-18 14:59,40,4.0,50,5.0
2026-09-18T13:04:14Z,2026-09-18 15:04,40,4.0,50,5.0
2026-09-18T13:09:18Z,2026-09-18 15:09,40,4.0,50,5.0
2026-09-18T13:14:23Z,2026-09-18 15:14,40,4.0,50,5.0
2026-09-18T13:19:27Z,2026-09-18 15:19,40,4.0,50,5.0
2026-09-18T13:24:32Z,2026-09-18 15:24,40,4.0,50,5.0
2026-09-18T13:29:37Z,2026-09-18 15:29,40,4.0,50,5.0
2026-09-18T13:34:42Z,2026-09-18 15:34,30,3.0,50,5.0
2026-09-18T13:39:50Z,2026-09-18 15:39,30,3.0,50,5.0
2026-09-18T13:44:54Z,2026-09-18 15:44,30,3.0,50,5.0
2026-09-18T13:49:59Z,2026-09-18 15:49,30,3.0,50,5.0
2026-09-18T13:55:03Z,2026-09-18 15:55,30,3.0,50,5.0
2026-09-18T14:00:13Z,2026-09-18 16:00,30,3.0,50,5.0
2026-09-18T14:05:17Z,2026-09-18 16:05,30,3.0,40,4.0
2026-09-18T14:10:22Z,2026-09-18 16:10,30,3.0,40,4.0
2026-09-18T14:10:44Z,2026-09-18 16:10,30,3.0,40,4.0
2026-09-18T14:15:48Z,2026-09-18 16:15,30,3.0,40,4.0
2026-09-18T14:20:52Z,2026-09-18 16:20,30,3.0,40,4.0
2026-09-18T14:25:57Z,2026-09-18 16:25,30,3.0,40,4.0
2026-09-18T14:31:01Z,2026-09-18 16:31,30,3.0,40,4.0
2026-09-18T14:36:06Z,2026-09-18 16:36,30,3.0,40,4.0
2026-09-18T14:41:11Z,2026-09-18 16:41,30,3.0,40,4.0
2026-09-18T14:46:15Z,2026-09-18 16:46,30,3.0,40,4.0
2026-09-18T14:51:20Z,2026-09-18 16:51,30,3.0,40,4.0
2026-09-18T14:56:24Z,2026-09-18 16:56,30,3.0,40,4.0
2026-09-18T15:01:29Z,2026-09-18 17:01,30,3.0,40,4.0
2026-09-18T15:06:33Z,2026-09-18 17:06,30,3.0,40,4.0
2026-09-18T15:11:37Z,2026-09-18 17:11,30,3.0,40,4.0
2026-09-18T15:16:42Z,2026-09-18 17:16,30,3.0,40,4.0
2026-09-18T15:21:46Z,2026-09-18 17:21,30,3.0,40,4.0
2026-09-18T15:26:51Z,2026-09-18 17:26,30,3.0,40,4.0
2026-09-18T15:31:55Z,2026-09-18 17:31,30,3.0,40,4.0
2026-09-18T15:37:00Z,2026-09-18 17:37,30,3.0,40,4.0
2026-09-18T15:42:04Z,2026-09-18 17:42,30,3.0,40,4.0
2026-09-18T15:47:09Z,2026-09-18 17:47,30,3.0,40,4.0
2026-09-18T15:52:13Z,2026-09-18 17:52,30,3.0,40,4.0
2026-09-18T15:57:17Z,2026-09-18 17:57,30,3.0,40,4.0
2026-09-18T16:02:21Z,2026-09-18 18:02,30,3.0,40,4.0
2026-09-18T16:07:25Z,2026-09-18 18:07,30,3.0,40,4.0
2026-09-18T16:12:29Z,2026-09-18 18:12,30,3.0,40,4.0
2026-09-18T16:17:33Z,2026-09-18 18:17,30,3.0,40,4.0
2026-09-18T16:22:37Z,2026-09-18 18:22,30,3.0,40,4.0
2026-09-18T16:27:42Z,2026-09-18 18:27,30,3.0,40,4.0
2026-09-18T16:32:46Z,2026-09-18 18:32,30,3.0,40,4.0
2026-09-18T16:37:50Z,2026-09-18 18:37,30,3.0,40,4.0
2026-09-18T16:42:54Z,2026-09-18 18:42,30,3.0,40,4.0
2026-09-18T16:47:59Z,2026-09-18 18:47,30,3.0,40,4.0
2026-09-18T16:53:03Z,2026-09-18 18:53,30,3.0,40,4.0
2026-09-18T16:58:07Z,2026-09-18 18:58,30,3.0,40,4.0
2026-09-18T16:58:43Z,2026-09-18 18:58,30,3.0,40,4.0
2026-09-18T17:03:48Z,2026-09-18 19:03,30,3.0,40,4.0
2026-09-18T17:08:53Z,2026-09-18 19:08,30,3.0,30,3.0
2026-09-18T17:13:58Z,2026-09-18 19:13,30,3.0,30,3.0
2026-09-18T17:19:02Z,2026-09-18 19:19,30,3.0,20,2.0
2026-09-18T17:24:07Z,2026-09-18 19:24,30,3.0,20,2.0
2026-09-18T17:29:11Z,2026-09-18 19:29,30,3.0,20,2.0
2026-09-18T17:34:16Z,2026-09-18 19:34,30,3.0,20,2.0
2026-09-18T17:39:21Z,2026-09-18 19:39,30,3.0,20,2.0
2026-09-18T17:44:26Z,2026-09-18 19:44,30,3.0,20,2.0
2026-09-18T17:49:31Z,2026-09-18 19:49,20,2.0,10,1.0
2026-09-18T17:54:35Z,2026-09-18 19:54,20,2.0,0,
2026-09-18T17:59:40Z,2026-09-18 19:59,20,2.0,0,
2026-09-18T18:04:44Z,2026-09-18 20:04,20,2.0,0,
2026-09-18T18:09:49Z,2026-09-18 20:09,20,2.0,0,
2026-09-18T18:14:53Z,2026-09-18 20:14,10,1.0,0,
2026-09-18T18:19:58Z,2026-09-18 20:19,10,1.0,0,
2026-09-18T18:25:03Z,2026-09-18 20:25,10,1.0,0,
2026-09-18T18:30:10Z,2026-09-18 20:30,10,1.0,0,
2026-09-18T18:35:14Z,2026-09-18 20:35,10,1.0,0,
2026-09-18T18:40:19Z,2026-09-18 20:40,10,1.0,0,
2026-09-18T18:45:24Z,2026-09-18 20:45,0,,0,
2026-09-18T18:50:29Z,2026-09-18 20:50,0,,0,
2026-09-18T18:55:33Z,2026-09-18 20:55,0,,0,
2026-09-18T19:00:39Z,2026-09-18 21:00,0,,0,
2026-09-18T19:05:43Z,2026-09-18 21:05,10,1.0,0,
2026-09-18T19:10:48Z,2026-09-18 21:10,20,2.0,0,
2026-09-18T19:15:53Z,2026-09-18 21:15,20,2.0,0,
2026-09-18T19:20:57Z,2026-09-18 21:20,20,2.0,0,
2026-09-18T19:26:03Z,2026-09-18 21:26,20,2.0,0,
2026-09-18T19:31:07Z,2026-09-18 21:31,20,2.0,0,
2026-09-18T19:36:12Z,2026-09-18 21:36,10,1.0,0,
2026-09-18T19:41:16Z,2026-09-18 21:41,10,1.0,0,
2026-09-18T19:46:21Z,2026-09-18 21:46,10,1.0,0,
2026-09-18T19:47:17Z,2026-09-18 21:47,0,,0,
2026-09-18T19:52:21Z,2026-09-18 21:52,0,,0,
2026-09-18T19:57:25Z,2026-09-18 21:57,0,,0,
2026-09-18T20:02:29Z,2026-09-18 22:02,0,,0,
2026-09-18T20:07:33Z,2026-09-18 22:07,0,,0,
2026-09-18T20:12:37Z,2026-09-18 22:12,0,,0,
2026-09-18T20:17:40Z,2026-09-18 22:17,0,,0,
2026-09-18T20:22:44Z,2026-09-18 22:22,0,,0,
2026-09-18T20:27:48Z,2026-09-18 22:27,0,,0,
2026-09-18T20:32:52Z,2026-09-18 22:32,0,,0,
2026-09-18T20:37:55Z,2026-09-18 22:37,0,,0,
2026-09-18T20:42:59Z,2026-09-18 22:42,0,,0,
2026-09-18T20:48:03Z,2026-09-18 22:48,0,,0,
2026-09-18T20:53:07Z,2026-09-18 22:53,0,,0,
2026-09-18T20:58:10Z,2026-09-18 22:58,0,,0,
2026-09-18T21:03:14Z,2026-09-18 23:03,0,,0,
2026-09-18T21:08:18Z,2026-09-18 23:08,0,,0,
2026-09-18T21:13:22Z,2026-09-18 23:13,0,,0,
2026-09-18T21:18:25Z,2026-09-18 23:18,0,,0,
2026-09-18T21:23:29Z,2026-09-18 23:23,0,,0,
2026-09-18T21:28:33Z,2026-09-18 23:28,0,,0,
2026-09-18T21:33:37Z,2026-09-18 23:33,0,,0,
2026-09-18T21:38:42Z,2026-09-18 23:38,0,,0,
2026-09-18T21:43:46Z,2026-09-18 23:43,0,,0,
2026-09-18T21:48:50Z,2026-09-18 23:48,0,,0,
2026-09-18T21:53:53Z,2026-09-18 23:53,0,,0,
2026-09-18T21:58:57Z,2026-09-18 23:58,0,,0,
2026-09-18T22:04:00Z,2026-09-19 00:04,0,,0,
2026-09-18T22:09:05Z,2026-09-19 00:09,0,,0,
2026-09-18T22:14:08Z,2026-09-19 00:14,0,,0,
2026-09-18T22:19:13Z,2026-09-19 00:19,0,,0,
2026-09-18T22:24:17Z,2026-09-19 00:24,0,,0,
2026-09-18T22:29:21Z,2026-09-19 00:29,0,,0,
2026-09-18T22:34:25Z,2026-09-19 00:34,0,,0,
2026-09-18T22:34:46Z,2026-09-19 00:34,0,,0,
2026-09-18T22:39:52Z,2026-09-19 00:39,0,,0,
2026-09-18T22:44:57Z,2026-09-19 00:44,0,,0,
2026-09-18T22:50:02Z,2026-09-19 00:50,0,,0,
2026-09-18T22:55:09Z,2026-09-19 00:55,0,,0,
2026-09-18T23:00:18Z,2026-09-19 01:00,0,,0,
2026-09-18T23:05:23Z,2026-09-19 01:05,0,,0,
2026-09-18T23:10:29Z,2026-09-19 01:10,0,,0,
2026-09-18T23:15:33Z,2026-09-19 01:15,0,,0,
2026-09-18T23:20:38Z,2026-09-19 01:20,0,,0,
2026-09-18T23:25:42Z,2026-09-19 01:25,0,,0,
2026-09-18T23:30:47Z,2026-09-19 01:30,0,,0,
2026-09-18T23:35:52Z,2026-09-19 01:35,0,,0,
2026-09-18T23:40:56Z,2026-09-19 01:40,0,,0,
2026-09-18T23:46:00Z,2026-09-19 01:46,0,,0,
2026-09-18T23:51:05Z,2026-09-19 01:51,0,,0,
2026-09-18T23:56:09Z,2026-09-19 01:56,0,,0,
2026-09-19T00:01:14Z,2026-09-19 02:01,0,,0,
2026-09-19T00:06:18Z,2026-09-19 02:06,0,,0,
2026-09-19T00:11:22Z,2026-09-19 02:11,0,,0,
2026-09-19T00:16:27Z,2026-09-19 02:16,0,,0,
2026-09-19T00:21:31Z,2026-09-19 02:21,0,,0,
2026-09-19T00:26:36Z,2026-09-19 02:26,0,,0,
2026-09-19T00:31:40Z,2026-09-19 02:31,0,,0,
2026-09-19T00:36:44Z,2026-09-19 02:36,0,,0,
2026-09-19T00:41:49Z,2026-09-19 02:41,0,,0,
2026-09-19T00:46:53Z,2026-09-19 02:46,0,,0,
2026-09-19T00:51:57Z,2026-09-19 02:51,0,,0,
2026-09-19T00:57:02Z,2026-09-19 02:57,0,,0,
2026-09-19T01:02:07Z,2026-09-19 03:02,0,,0,
2026-09-19T01:07:11Z,2026-09-19 03:07,0,,0,
2026-09-19T01:12:16Z,2026-09-19 03:12,0,,0,
2026-09-19T01:17:20Z,2026-09-19 03:17,0,,0,
2026-09-19T01:22:24Z,2026-09-19 03:22,0,,0,
2026-09-19T01:22:42Z,2026-09-19 03:22,0,,0,
2026-09-19T01:27:47Z,2026-09-19 03:27,0,,0,
2026-09-19T01:32:51Z,2026-09-19 03:32,0,,0,
2026-09-19T01:37:56Z,2026-09-19 03:37,0,,0,
2026-09-19T01:43:00Z,2026-09-19 03:43,0,,0,
2026-09-19T01:48:04Z,2026-09-19 03:48,0,,0,
2026-09-19T01:53:09Z,2026-09-19 03:53,0,,0,
2026-09-19T01:58:13Z,2026-09-19 03:58,0,,0,
2026-09-19T02:03:17Z,2026-09-19 04:03,0,,0,
2026-09-19T02:08:22Z,2026-09-19 04:08,0,,0,
2026-09-19T02:13:26Z,2026-09-19 04:13,0,,0,
2026-09-19T02:18:30Z,2026-09-19 04:18,0,,0,
2026-09-19T02:23:35Z,2026-09-19 04:23,0,,0,
2026-09-19T02:28:39Z,2026-09-19 04:28,0,,0,
2026-09-19T02:33:44Z,2026-09-19 04:33,0,,0,
2026-09-19T02:38:48Z,2026-09-19 04:38,0,,0,
2026-09-19T02:43:53Z,2026-09-19 04:43,0,,0,
2026-09-19T02:48:57Z,2026-09-19 04:48,0,,0,
2026-09-19T02:54:01Z,2026-09-19 04:54,0,,0,
2026-09-19T02:59:05Z,2026-09-19 04:59,0,,0,
2026-09-19T03:04:09Z,2026-09-19 05:04,0,,0,
2026-09-19T03:09:14Z,2026-09-19 05:09,0,,0,
2026-09-19T03:14:18Z,2026-09-19 05:14,0,,0,
2026-09-19T03:19:23Z,2026-09-19 05:19,0,,0,
2026-09-19T03:24:27Z,2026-09-19 05:24,0,,0,
2026-09-19T03:29:32Z,2026-09-19 05:29,0,,0,
2026-09-19T03:34:36Z,2026-09-19 05:34,0,,0,
2026-09-19T03:39:40Z,2026-09-19 05:39,0,,0,
2026-09-19T03:44:45Z,2026-09-19 05:44,0,,0,
2026-09-19T03:49:49Z,2026-09-19 05:49,0,,0,
2026-09-19T03:54:54Z,2026-09-19 05:54,0,,0,
2026-09-19T03:59:58Z,2026-09-19 05:59,0,,0,
2026-09-19T04:05:03Z,2026-09-19 06:05,0,,0,
2026-09-19T04:10:09Z,2026-09-19 06:10,0,,0,
2026-09-19T04:10:35Z,2026-09-19 06:10,0,,0,
2026-09-19T04:15:39Z,2026-09-19 06:15,0,,0,
2026-09-19T04:20:44Z,2026-09-19 06:20,0,,0,
2026-09-19T04:25:49Z,2026-09-19 06:25,10,1.0,0,
2026-09-19T04:30:53Z,2026-09-19 06:30,10,1.0,0,
2026-09-19T04:35:58Z,2026-09-19 06:35,10,1.0,0,
2026-09-19T04:41:03Z,2026-09-19 06:41,10,1.0,0,
2026-09-19T04:46:08Z,2026-09-19 06:46,10,1.0,0,
2026-09-19T04:51:13Z,2026-09-19 06:51,10,1.0,0,
2026-09-19T04:56:17Z,2026-09-19 06:56,10,1.0,0,
2026-09-19T05:01:22Z,2026-09-19 07:01,10,1.0,0,
2026-09-19T05:06:27Z,2026-09-19 07:06,10,1.0,0,
2026-09-19T05:11:31Z,2026-09-19 07:11,10,1.0,0,
2026-09-19T05:16:36Z,2026-09-19 07:16,0,,0,
2026-09-19T05:21:40Z,2026-09-19 07:21,0,,0,
2026-09-19T05:26:46Z,2026-09-19 07:26,0,,0,
2026-09-19T05:31:51Z,2026-09-19 07:31,0,,0,
2026-09-19T05:36:56Z,2026-09-19 07:36,0,,0,
2026-09-19T05:42:01Z,2026-09-19 07:42,0,,0,
2026-09-19T05:47:05Z,2026-09-19 07:47,0,,0,
2026-09-19T05:52:10Z,2026-09-19 07:52,0,,0,
2026-09-19T05:57:15Z,2026-09-19 07:57,0,,0,
2026-09-19T06:02:19Z,2026-09-19 08:02,10,1.0,0,
2026-09-19T06:07:25Z,2026-09-19 08:07,10,1.0,0,
2026-09-19T06:12:29Z,2026-09-19 08:12,10,1.0,0,
2026-09-19T06:17:34Z,2026-09-19 08:17,10,1.0,0,
2026-09-19T06:22:38Z,2026-09-19 08:22,10,1.0,0,
2026-09-19T06:27:43Z,2026-09-19 08:27,20,2.0,0,
2026-09-19T06:32:47Z,2026-09-19 08:32,20,2.0,0,
2026-09-19T06:37:52Z,2026-09-19 08:37,20,2.0,0,
2026-09-19T06:42:56Z,2026-09-19 08:42,20,2.0,0,
2026-09-19T06:48:01Z,2026-09-19 08:48,20,2.0,0,
2026-09-19T06:53:06Z,2026-09-19 08:53,20,2.0,0,
2026-09-19T06:58:10Z,2026-09-19 08:58,20,2.0,0,
2026-09-19T06:58:29Z,2026-09-19 08:58,20,2.0,0,
2026-09-19T07:03:34Z,2026-09-19 09:03,20,2.0,0,
2026-09-19T07:08:39Z,2026-09-19 09:08,20,2.0,0,
2026-09-19T07:13:44Z,2026-09-19 09:13,20,2.0,0,
2026-09-19T07:18:48Z,2026-09-19 09:18,20,2.0,0,
2026-09-19T07:23:52Z,2026-09-19 09:23,20,2.0,0,
2026-09-19T07:28:57Z,2026-09-19 09:28,20,2.0,10,1.0
2026-09-19T07:34:01Z,2026-09-19 09:34,20,2.0,10,1.0
2026-09-19T07:39:06Z,2026-09-19 09:39,20,2.0,20,2.0
2026-09-19T07:44:11Z,2026-09-19 09:44,20,2.0,20,2.0
2026-09-19T07:49:15Z,2026-09-19 09:49,20,2.0,20,2.0
2026-09-19T07:54:20Z,2026-09-19 09:54,30,3.0,20,2.0
2026-09-19T07:59:24Z,2026-09-19 09:59,30,3.0,20,2.0
2026-09-19T08:04:29Z,2026-09-19 10:04,30,3.0,20,2.0
2026-09-19T08:09:34Z,2026-09-19 10:09,30,3.0,20,2.0
2026-09-19T08:14:39Z,2026-09-19 10:14,30,3.0,20,2.0
2026-09-19T08:19:43Z,2026-09-19 10:19,30,3.0,20,2.0
2026-09-19T08:24:48Z,2026-09-19 10:24,40,4.0,20,2.0
2026-09-19T08:29:53Z,2026-09-19 10:29,40,4.0,30,3.0
2026-09-19T08:34:57Z,2026-09-19 10:34,40,4.0,30,3.0
2026-09-19T08:40:02Z,2026-09-19 10:40,40,4.0,30,3.0
2026-09-19T08:45:08Z,2026-09-19 10:45,40,4.0,30,3.0
2026-09-19T08:50:13Z,2026-09-19 10:50,30,3.0,30,3.0
2026-09-19T08:55:17Z,2026-09-19 10:55,30,3.0,30,3.0
2026-09-19T09:00:22Z,2026-09-19 11:00,30,3.0,30,3.0
2026-09-19T09:05:26Z,2026-09-19 11:05,30,3.0,40,4.0
2026-09-19T09:10:31Z,2026-09-19 11:10,30,3.0,40,4.0
2026-09-19T09:15:36Z,2026-09-19 11:15,30,3.0,40,4.0
2026-09-19T09:20:41Z,2026-09-19 11:20,30,3.0,40,4.0
2026-09-19T09:25:45Z,2026-09-19 11:25,30,3.0,40,4.0
2026-09-19T09:30:50Z,2026-09-19 11:30,30,3.0,40,4.0
2026-09-19T09:35:55Z,2026-09-19 11:35,30,3.0,40,4.0
2026-09-19T09:41:00Z,2026-09-19 11:41,30,3.0,40,4.0
2026-09-19T09:46:05Z,2026-09-19 11:46,20,2.0,40,4.0
2026-09-19T09:46:26Z,2026-09-19 11:46,20,2.0,40,4.0
2026-09-19T09:51:31Z,2026-09-19 11:51,20,2.0,40,4.0
2026-09-19T09:56:35Z,2026-09-19 11:56,20,2.0,40,4.0
2026-09-19T10:01:39Z,2026-09-19 12:01,20,2.0,40,4.0
2026-09-19T10:06:44Z,2026-09-19 12:06,20,2.0,50,5.0
2026-09-19T10:11:49Z,2026-09-19 12:11,20,2.0,50,5.0
2026-09-19T10:16:53Z,2026-09-19 12:16,20,2.0,50,5.0
2026-09-19T10:21:57Z,2026-09-19 12:21,20,2.0,50,5.0
2026-09-19T10:27:02Z,2026-09-19 12:27,20,2.0,50,5.0
2026-09-19T10:32:06Z,2026-09-19 12:32,20,2.0,50,5.0
2026-09-19T10:37:11Z,2026-09-19 12:37,20,2.0,50,5.0
2026-09-19T10:42:16Z,2026-09-19 12:42,20,2.0,50,5.0
2026-09-19T10:47:20Z,2026-09-19 12:47,20,2.0,50,5.0
2026-09-19T10:52:25Z,2026-09-19 12:52,20,2.0,50,5.0
2026-09-19T10:57:29Z,2026-09-19 12:57,20,2.0,50,5.0
2026-09-19T11:02:33Z,2026-09-19 13:02,20,2.0,50,5.0
2026-09-19T11:07:38Z,2026-09-19 13:07,20,2.0,50,5.0
2026-09-19T11:12:42Z,2026-09-19 13:12,20,2.0,40,4.0
2026-09-19T11:17:48Z,2026-09-19 13:17,20,2.0,40,4.0
2026-09-19T11:22:52Z,2026-09-19 13:22,30,3.0,40,4.0
2026-09-19T11:27:56Z,2026-09-19 13:27,30,3.0,40,4.0
2026-09-19T11:33:00Z,2026-09-19 13:33,30,3.0,40,4.0
2026-09-19T11:38:05Z,2026-09-19 13:38,30,3.0,40,4.0
2026-09-19T11:43:10Z,2026-09-19 13:43,40,4.0,40,4.0
2026-09-19T11:48:14Z,2026-09-19 13:48,40,4.0,40,4.0
2026-09-19T11:53:18Z,2026-09-19 13:53,40,4.0,40,4.0
2026-09-19T11:58:22Z,2026-09-19 13:58,40,4.0,40,4.0
2026-09-19T12:03:26Z,2026-09-19 14:03,40,4.0,40,4.0
2026-09-19T12:08:30Z,2026-09-19 14:08,40,4.0,40,4.0
2026-09-19T12:13:34Z,2026-09-19 14:13,30,3.0,40,4.0
2026-09-19T12:18:38Z,2026-09-19 14:18,30,3.0,40,4.0
2026-09-19T12:23:43Z,2026-09-19 14:23,30,3.0,40,4.0
2026-09-19T12:28:47Z,2026-09-19 14:28,30,3.0,40,4.0
2026-09-19T12:33:51Z,2026-09-19 14:33,30,3.0,40,4.0
2026-09-19T12:34:11Z,2026-09-19 14:34,30,3.0,40,4.0
2026-09-19T12:39:15Z,2026-09-19 14:39,30,3.0,40,4.0
2026-09-19T12:44:20Z,2026-09-19 14:44,30,3.0,40,4.0
2026-09-19T12:49:24Z,2026-09-19 14:49,30,3.0,40,4.0
2026-09-19T12:54:28Z,2026-09-19 14:54,30,3.0,40,4.0
2026-09-19T12:59:32Z,2026-09-19 14:59,30,3.0,40,4.0
2026-09-19T13:04:38Z,2026-09-19 15:04,30,3.0,40,4.0
2026-09-19T13:09:45Z,2026-09-19 15:09,30,3.0,40,4.0
2026-09-19T13:14:49Z,2026-09-19 15:14,20,2.0,40,4.0
2026-09-19T13:19:53Z,2026-09-19 15:19,20,2.0,40,4.0
2026-09-19T13:24:57Z,2026-09-19 15:24,20,2.0,40,4.0
2026-09-19T13:30:02Z,2026-09-19 15:30,20,2.0,40,4.0
2026-09-19T13:35:07Z,2026-09-19 15:35,20,2.0,40,4.0
2026-09-19T13:40:11Z,2026-09-19 15:40,10,1.0,40,4.0
2026-09-19T13:45:15Z,2026-09-19 15:45,0,,40,4.0
2026-09-19T13:50:20Z,2026-09-19 15:50,0,,40,4.0
2026-09-19T13:55:24Z,2026-09-19 15:55,0,,40,4.0
2026-09-19T14:00:29Z,2026-09-19 16:00,0,,40,4.0
2026-09-19T14:05:33Z,2026-09-19 16:05,0,,40,4.0
2026-09-19T14:10:37Z,2026-09-19 16:10,0,,40,4.0
2026-09-19T14:15:41Z,2026-09-19 16:15,0,,40,4.0
2026-09-19T14:20:46Z,2026-09-19 16:20,0,,40,4.0
2026-09-19T14:25:50Z,2026-09-19 16:25,0,,40,4.0
2026-09-19T14:30:54Z,2026-09-19 16:30,0,,40,4.0
2026-09-19T14:35:58Z,2026-09-19 16:35,0,,40,4.0
2026-09-19T14:41:02Z,2026-09-19 16:41,0,,40,4.0
2026-09-19T14:46:08Z,2026-09-19 16:46,0,,40,4.0
2026-09-19T14:51:12Z,2026-09-19 16:51,0,,40,4.0
2026-09-19T14:56:16Z,2026-09-19 16:56,0,,30,3.0
2026-09-19T15:01:21Z,2026-09-19 17:01,0,,30,3.0
2026-09-19T15:06:25Z,2026-09-19 17:06,0,,30,3.0
2026-09-19T15:11:29Z,2026-09-19 17:11,0,,20,2.0
2026-09-19T15:16:33Z,2026-09-19 17:16,0,,20,2.0
2026-09-19T15:21:38Z,2026-09-19 17:21,0,,20,2.0
2026-09-19T15:21:59Z,2026-09-19 17:21,0,,20,2.0
2026-09-19T15:27:03Z,2026-09-19 17:27,0,,20,2.0
2026-09-19T15:32:07Z,2026-09-19 17:32,0,,20,2.0
2026-09-19T15:37:12Z,2026-09-19 17:37,0,,20,2.0
2026-09-19T15:42:16Z,2026-09-19 17:42,0,,20,2.0
2026-09-19T15:47:20Z,2026-09-19 17:47,0,,20,2.0
2026-09-19T15:52:25Z,2026-09-19 17:52,0,,20,2.0
2026-09-19T15:57:29Z,2026-09-19 17:57,0,,20,2.0
2026-09-19T16:02:35Z,2026-09-19 18:02,0,,20,2.0
2026-09-19T16:07:39Z,2026-09-19 18:07,0,,20,2.0
2026-09-19T16:12:43Z,2026-09-19 18:12,0,,20,2.0
2026-09-19T16:17:48Z,2026-09-19 18:17,0,,20,2.0
2026-09-19T16:22:58Z,2026-09-19 18:22,0,,20,2.0
2026-09-19T16:28:03Z,2026-09-19 18:28,0,,20,2.0
2026-09-19T16:33:07Z,2026-09-19 18:33,0,,20,2.0
2026-09-19T16:38:12Z,2026-09-19 18:38,0,,20,2.0
2026-09-19T16:43:16Z,2026-09-19 18:43,0,,10,1.0
2026-09-19T16:48:20Z,2026-09-19 18:48,0,,10,1.0
2026-09-19T16:53:25Z,2026-09-19 18:53,0,,10,1.0
2026-09-19T16:58:29Z,2026-09-19 18:58,0,,10,1.0
2026-09-19T17:03:34Z,2026-09-19 19:03,0,,0,
2026-09-19T17:08:38Z,2026-09-19 19:08,0,,0,
2026-09-19T17:13:42Z,2026-09-19 19:13,0,,0,
2026-09-19T17:18:47Z,2026-09-19 19:18,0,,0,
2026-09-19T17:23:51Z,2026-09-19 19:23,0,,0,
2026-09-19T17:28:56Z,2026-09-19 19:28,0,,0,
2026-09-19T17:34:01Z,2026-09-19 19:34,0,,0,
2026-09-19T17:39:06Z,2026-09-19 19:39,0,,0,
2026-09-19T17:44:10Z,2026-09-19 19:44,0,,0,
2026-09-19T17:49:15Z,2026-09-19 19:49,0,,0,
2026-09-19T17:54:19Z,2026-09-19 19:54,0,,0,
2026-09-19T17:59:23Z,2026-09-19 19:59,0,,0,
2026-09-19T18:04:27Z,2026-09-19 20:04,0,,0,
2026-09-19T18:09:32Z,2026-09-19 20:09,0,,0,
2026-09-19T18:09:50Z,2026-09-19 20:09,0,,0,
2026-09-19T18:14:56Z,2026-09-19 20:14,0,,0,
2026-09-19T18:20:00Z,2026-09-19 20:20,0,,0,
2026-09-19T18:25:04Z,2026-09-19 20:25,0,,0,
2026-09-19T18:30:10Z,2026-09-19 20:30,0,,0,
2026-09-19T18:35:14Z,2026-09-19 20:35,0,,0,
2026-09-19T18:40:18Z,2026-09-19 20:40,0,,0,
2026-09-19T18:45:22Z,2026-09-19 20:45,0,,0,
2026-09-19T18:50:26Z,2026-09-19 20:50,0,,0,
2026-09-19T18:55:30Z,2026-09-19 20:55,0,,0,
2026-09-19T19:00:34Z,2026-09-19 21:00,0,,0,
2026-09-19T19:05:38Z,2026-09-19 21:05,0,,0,
2026-09-19T19:10:42Z,2026-09-19 21:10,0,,0,
2026-09-19T19:15:48Z,2026-09-19 21:15,0,,0,
2026-09-19T19:20:52Z,2026-09-19 21:20,0,,0,
2026-09-19T19:25:55Z,2026-09-19 21:25,0,,0,
2026-09-19T19:30:59Z,2026-09-19 21:30,0,,0,
2026-09-19T19:36:03Z,2026-09-19 21:36,0,,0,
2026-09-19T19:41:07Z,2026-09-19 21:41,0,,0,
2026-09-19T19:46:12Z,2026-09-19 21:46,0,,0,
2026-09-19T19:51:16Z,2026-09-19 21:51,0,,0,
2026-09-19T19:56:20Z,2026-09-19 21:56,0,,0,
2026-09-19T20:01:24Z,2026-09-19 22:01,0,,0,
2026-09-19T20:06:28Z,2026-09-19 22:06,0,,0,
2026-09-19T20:11:32Z,2026-09-19 22:11,0,,0,
2026-09-19T20:16:36Z,2026-09-19 22:16,0,,0,
2026-09-19T20:21:40Z,2026-09-19 22:21,0,,0,
2026-09-19T20:26:43Z,2026-09-19 22:26,0,,0,
2026-09-19T20:31:47Z,2026-09-19 22:31,0,,0,
2026-09-19T20:36:51Z,2026-09-19 22:36,0,,0,
2026-09-19T20:41:55Z,2026-09-19 22:41,0,,0,
2026-09-19T20:46:59Z,2026-09-19 22:46,0,,0,
2026-09-19T20:52:03Z,2026-09-19 22:52,0,,0,
2026-09-19T20:57:06Z,2026-09-19 22:57,0,,0,
2026-09-19T20:57:23Z,2026-09-19 22:57,0,,0,
2026-09-19T21:02:27Z,2026-09-19 23:02,0,,0,
2026-09-19T21:07:31Z,2026-09-19 23:07,0,,0,
2026-09-19T21:12:35Z,2026-09-19 23:12,0,,0,
2026-09-19T21:17:40Z,2026-09-19 23:17,0,,0,
2026-09-19T21:22:44Z,2026-09-19 23:22,0,,0,
2026-09-19T21:27:48Z,2026-09-19 23:27,0,,0,
2026-09-19T21:32:52Z,2026-09-19 23:32,0,,0,
2026-09-19T21:37:56Z,2026-09-19 23:37,0,,0,
2026-09-19T21:43:00Z,2026-09-19 23:43,0,,0,
2026-09-19T21:48:05Z,2026-09-19 23:48,0,,0,
2026-09-19T21:53:09Z,2026-09-19 23:53,0,,0,
2026-09-19T21:58:14Z,2026-09-19 23:58,0,,0,
2026-09-19T22:03:19Z,2026-09-20 00:03,0,,0,
2026-09-19T22:08:23Z,2026-09-20 00:08,0,,0,
2026-09-19T22:13:27Z,2026-09-20 00:13,0,,0,
2026-09-19T22:18:31Z,2026-09-20 00:18,0,,0,
2026-09-19T22:23:36Z,2026-09-20 00:23,0,,0,
2026-09-19T22:28:41Z,2026-09-20 00:28,0,,0,
2026-09-19T22:33:46Z,2026-09-20 00:33,0,,0,
2026-09-19T22:38:52Z,2026-09-20 00:38,0,,0,
2026-09-19T22:43:56Z,2026-09-20 00:43,0,,0,
2026-09-19T22:49:01Z,2026-09-20 00:49,0,,0,
2026-09-19T22:54:07Z,2026-09-20 00:54,0,,0,
2026-09-19T22:59:11Z,2026-09-20 00:59,0,,0,
2026-09-19T23:04:15Z,2026-09-20 01:04,0,,0,
2026-09-19T23:09:20Z,2026-09-20 01:09,0,,0,
2026-09-19T23:14:24Z,2026-09-20 01:14,0,,0,
2026-09-19T23:19:29Z,2026-09-20 01:19,0,,0,
2026-09-19T23:24:34Z,2026-09-20 01:24,0,,0,
2026-09-19T23:29:38Z,2026-09-20 01:29,0,,0,
2026-09-19T23:34:43Z,2026-09-20 01:34,0,,0,
2026-09-19T23:39:47Z,2026-09-20 01:39,0,,0,
2026-09-19T23:44:52Z,2026-09-20 01:44,0,,0,
2026-09-19T23:45:46Z,2026-09-20 01:45,0,,0,
2026-09-19T23:50:50Z,2026-09-20 01:50,0,,0,
2026-09-19T23:55:53Z,2026-09-20 01:55,0,,0,
2026-09-20T00:00:58Z,2026-09-20 02:00,0,,0,
2026-09-20T00:06:02Z,2026-09-20 02:06,0,,0,
2026-09-20T00:11:06Z,2026-09-20 02:11,0,,0,
2026-09-20T00:16:10Z,2026-09-20 02:16,0,,0,
2026-09-20T00:21:13Z,2026-09-20 02:21,0,,0,
2026-09-20T00:26:17Z,2026-09-20 02:26,0,,0,
2026-09-20T00:31:21Z,2026-09-20 02:31,0,,0,
2026-09-20T00:36:26Z,2026-09-20 02:36,0,,0,
2026-09-20T00:41:30Z,2026-09-20 02:41,0,,0,
2026-09-20T00:46:34Z,2026-09-20 02:46,0,,0,
2026-09-20T00:51:38Z,2026-09-20 02:51,0,,0,
2026-09-20T00:56:42Z,2026-09-20 02:56,0,,0,
2026-09-20T01:01:46Z,2026-09-20 03:01,0,,0,
2026-09-20T01:06:50Z,2026-09-20 03:06,0,,0,
2026-09-20T01:11:53Z,2026-09-20 03:11,0,,0,
2026-09-20T01:16:57Z,2026-09-20 03:16,0,,0,
2026-09-20T01:22:02Z,2026-09-20 03:22,0,,0,
2026-09-20T01:27:06Z,2026-09-20 03:27,0,,0,
2026-09-20T01:32:10Z,2026-09-20 03:32,0,,0,
2026-09-20T01:37:14Z,2026-09-20 03:37,0,,0,
2026-09-20T01:42:18Z,2026-09-20 03:42,0,,0,
2026-09-20T01:47:22Z,2026-09-20 03:47,0,,0,
2026-09-20T01:52:26Z,2026-09-20 03:52,0,,0,
2026-09-20T01:57:30Z,2026-09-20 03:57,0,,0,
2026-09-20T02:02:34Z,2026-09-20 04:02,0,,0,
2026-09-20T02:07:38Z,2026-09-20 04:07,0,,0,
2026-09-20T02:12:42Z,2026-09-20 04:12,0,,0,
2026-09-20T02:17:46Z,2026-09-20 04:17,0,,0,
2026-09-20T02:22:49Z,2026-09-20 04:22,0,,0,
2026-09-20T02:27:53Z,2026-09-20 04:27,0,,0,
2026-09-20T02:32:57Z,2026-09-20 04:32,0,,0,
2026-09-20T02:33:15Z,2026-09-20 04:33,0,,0,
2026-09-20T02:38:21Z,2026-09-20 04:38,0,,0,
2026-09-20T02:43:25Z,2026-09-20 04:43,0,,0,
2026-09-20T02:48:30Z,2026-09-20 04:48,0,,0,
2026-09-20T02:53:34Z,2026-09-20 04:53,0,,0,
2026-09-20T02:58:38Z,2026-09-20 04:58,0,,0,
2026-09-20T03:03:42Z,2026-09-20 05:03,0,,0,
2026-09-20T03:08:47Z,2026-09-20 05:08,0,,0,
2026-09-20T03:13:52Z,2026-09-20 05:13,0,,0,
2026-09-20T03:18:57Z,2026-09-20 05:18,0,,0,
2026-09-20T03:24:03Z,2026-09-20 05:24,0,,0,
2026-09-20T03:29:09Z,2026-09-20 05:29,0,,0,
2026-09-20T03:34:13Z,2026-09-20 05:34,0,,0,
2026-09-20T03:39:18Z,2026-09-20 05:39,0,,0,
2026-09-20T03:44:22Z,2026-09-20 05:44,0,,0,
2026-09-20T03:49:27Z,2026-09-20 05:49,0,,0,
2026-09-20T03:54:32Z,2026-09-20 05:54,0,,0,
2026-09-20T03:59:36Z,2026-09-20 05:59,0,,0,
2026-09-20T04:04:44Z,2026-09-20 06:04,0,,0,
2026-09-20T04:09:48Z,2026-09-20 06:09,0,,0,
2026-09-20T04:14:53Z,2026-09-20 06:14,0,,0,
2026-09-20T04:19:57Z,2026-09-20 06:19,0,,0,
2026-09-20T04:25:03Z,2026-09-20 06:25,0,,0,
2026-09-20T04:30:12Z,2026-09-20 06:30,0,,0,
2026-09-20T04:35:16Z,2026-09-20 06:35,0,,0,
2026-09-20T04:40:22Z,2026-09-20 06:40,0,,0,
2026-09-20T04:45:26Z,2026-09-20 06:45,0,,0,
2026-09-20T04:50:31Z,2026-09-20 06:50,0,,0,
2026-09-20T04:55:35Z,2026-09-20 06:55,0,,0,
2026-09-20T05:00:39Z,2026-09-20 07:00,0,,0,
2026-09-20T05:05:44Z,2026-09-20 07:05,0,,0,
2026-09-20T05:10:48Z,2026-09-20 07:10,0,,0,
2026-09-20T05:15:53Z,2026-09-20 07:15,0,,0,
2026-09-20T05:20:57Z,2026-09-20 07:20,0,,0,
2026-09-20T05:21:18Z,2026-09-20 07:21,0,,0,
2026-09-20T05:26:22Z,2026-09-20 07:26,0,,0,
2026-09-20T05:31:27Z,2026-09-20 07:31,0,,0,
2026-09-20T05:36:31Z,2026-09-20 07:36,0,,0,
2026-09-20T05:41:36Z,2026-09-20 07:41,0,,0,
2026-09-20T05:46:40Z,2026-09-20 07:46,0,,0,
2026-09-20T05:51:45Z,2026-09-20 07:51,0,,0,
2026-09-20T05:56:49Z,2026-09-20 07:56,0,,0,
2026-09-20T06:01:54Z,2026-09-20 08:01,0,,0,
2026-09-20T06:06:59Z,2026-09-20 08:06,0,,0,
2026-09-20T06:12:04Z,2026-09-20 08:12,0,,0,
2026-09-20T06:17:08Z,2026-09-20 08:17,0,,0,
2026-09-20T06:22:13Z,2026-09-20 08:22,0,,0,
2026-09-20T06:27:17Z,2026-09-20 08:27,0,,0,
2026-09-20T06:32:22Z,2026-09-20 08:32,0,,0,
2026-09-20T06:37:26Z,2026-09-20 08:37,0,,0,
2026-09-20T06:42:31Z,2026-09-20 08:42,0,,0,
2026-09-20T06:47:35Z,2026-09-20 08:47,0,,0,
2026-09-20T06:52:40Z,2026-09-20 08:52,0,,0,
2026-09-20T06:57:45Z,2026-09-20 08:57,0,,0,
2026-09-20T07:02:49Z,2026-09-20 09:02,0,,0,
2026-09-20T07:07:54Z,2026-09-20 09:07,0,,0,
2026-09-20T07:12:59Z,2026-09-20 09:12,0,,0,
2026-09-20T07:18:03Z,2026-09-20 09:18,0,,0,
2026-09-20T07:23:09Z,2026-09-20 09:23,0,,0,
2026-09-20T07:28:13Z,2026-09-20 09:28,0,,0,
2026-09-20T07:33:18Z,2026-09-20 09:33,0,,0,
2026-09-20T07:38:22Z,2026-09-20 09:38,0,,0,
2026-09-20T07:43:27Z,2026-09-20 09:43,0,,0,
2026-09-20T07:48:31Z,2026-09-20 09:48,0,,0,
2026-09-20T07:53:36Z,2026-09-20 09:53,0,,0,
2026-09-20T07:58:40Z,2026-09-20 09:58,0,,0,
2026-09-20T08:03:45Z,2026-09-20 10:03,0,,10,1.0
2026-09-20T08:08:49Z,2026-09-20 10:08,0,,10,1.0
2026-09-20T08:09:08Z,2026-09-20 10:09,0,,10,1.0
2026-09-20T08:14:12Z,2026-09-20 10:14,0,,10,1.0
2026-09-20T08:19:16Z,2026-09-20 10:19,0,,10,1.0
2026-09-20T08:24:20Z,2026-09-20 10:24,0,,10,1.0
2026-09-20T08:29:25Z,2026-09-20 10:29,0,,10,1.0
2026-09-20T08:34:29Z,2026-09-20 10:34,0,,10,1.0
2026-09-20T08:39:33Z,2026-09-20 10:39,0,,10,1.0
2026-09-20T08:44:37Z,2026-09-20 10:44,0,,10,1.0
2026-09-20T08:49:41Z,2026-09-20 10:49,0,,20,2.0
2026-09-20T08:54:46Z,2026-09-20 10:54,20,2.0,20,2.0
2026-09-20T08:59:50Z,2026-09-20 10:59,20,2.0,20,2.0
2026-09-20T09:04:54Z,2026-09-20 11:04,20,2.0,20,2.0
2026-09-20T09:09:58Z,2026-09-20 11:09,20,2.0,30,3.0
2026-09-20T09:15:02Z,2026-09-20 11:15,20,2.0,30,3.0
2026-09-20T09:20:10Z,2026-09-20 11:20,20,2.0,30,3.0
2026-09-20T09:25:14Z,2026-09-20 11:25,30,3.0,30,3.0
2026-09-20T09:30:18Z,2026-09-20 11:30,30,3.0,30,3.0
2026-09-20T09:35:21Z,2026-09-20 11:35,30,3.0,30,3.0
2026-09-20T09:40:26Z,2026-09-20 11:40,30,3.0,30,3.0
2026-09-20T09:45:32Z,2026-09-20 11:45,30,3.0,40,4.0
2026-09-20T09:50:37Z,2026-09-20 11:50,30,3.0,40,4.0
2026-09-20T09:55:41Z,2026-09-20 11:55,30,3.0,40,4.0
2026-09-20T10:00:46Z,2026-09-20 12:00,30,3.0,40,4.0
2026-09-20T10:05:51Z,2026-09-20 12:05,30,3.0,40,4.0
2026-09-20T10:10:55Z,2026-09-20 12:10,30,3.0,40,4.0
2026-09-20T10:15:58Z,2026-09-20 12:15,40,4.0,40,4.0
2026-09-20T10:21:04Z,2026-09-20 12:21,40,4.0,40,4.0
2026-09-20T10:26:08Z,2026-09-20 12:26,40,4.0,40,4.0
2026-09-20T10:31:12Z,2026-09-20 12:31,40,4.0,40,4.0
2026-09-20T10:36:17Z,2026-09-20 12:36,40,4.0,50,5.0
2026-09-20T10:41:20Z,2026-09-20 12:41,40,4.0,50,5.0
2026-09-20T10:46:24Z,2026-09-20 12:46,40,4.0,50,5.0
2026-09-20T10:51:29Z,2026-09-20 12:51,40,4.0,50,5.0
2026-09-20T10:56:33Z,2026-09-20 12:56,40,4.0,50,5.0
2026-09-20T10:56:51Z,2026-09-20 12:56,40,4.0,50,5.0
2026-09-20T11:01:55Z,2026-09-20 13:01,40,4.0,50,5.0
2026-09-20T11:06:59Z,2026-09-20 13:06,40,4.0,50,5.0
2026-09-20T11:12:03Z,2026-09-20 13:12,40,4.0,50,5.0
2026-09-20T11:17:07Z,2026-09-20 13:17,40,4.0,50,5.0
2026-09-20T11:22:11Z,2026-09-20 13:22,40,4.0,50,5.0
2026-09-20T11:27:15Z,2026-09-20 13:27,40,4.0,50,5.0
2026-09-20T11:32:20Z,2026-09-20 13:32,40,4.0,50,5.0
2026-09-20T11:37:24Z,2026-09-20 13:37,40,4.0,50,5.0
2026-09-20T11:42:28Z,2026-09-20 13:42,40,4.0,50,5.0
2026-09-20T11:47:32Z,2026-09-20 13:47,30,3.0,50,5.0
2026-09-20T11:52:36Z,2026-09-20 13:52,30,3.0,50,5.0
2026-09-20T11:57:40Z,2026-09-20 13:57,30,3.0,50,5.0
2026-09-20T12:02:44Z,2026-09-20 14:02,30,3.0,50,5.0
2026-09-20T12:07:48Z,2026-09-20 14:07,30,3.0,50,5.0
2026-09-20T12:12:52Z,2026-09-20 14:12,30,3.0,50,5.0
2026-09-20T12:17:56Z,2026-09-20 14:17,30,3.0,50,5.0
2026-09-20T12:23:00Z,2026-09-20 14:23,30,3.0,50,5.0
2026-09-20T12:28:05Z,2026-09-20 14:28,30,3.0,50,5.0
2026-09-20T12:33:09Z,2026-09-20 14:33,30,3.0,50,5.0
2026-09-20T12:38:13Z,2026-09-20 14:38,30,3.0,50,5.0
2026-09-20T12:43:17Z,2026-09-20 14:43,30,3.0,50,5.0
2026-09-20T12:48:21Z,2026-09-20 14:48,30,3.0,50,5.0
2026-09-20T12:53:25Z,2026-09-20 14:53,20,2.0,50,5.0
2026-09-20T12:58:29Z,2026-09-20 14:58,20,2.0,50,5.0
2026-09-20T13:03:33Z,2026-09-20 15:03,20,2.0,50,5.0
2026-09-20T13:08:37Z,2026-09-20 15:08,20,2.0,50,5.0
2026-09-20T13:13:41Z,2026-09-20 15:13,20,2.0,50,5.0
2026-09-20T13:18:45Z,2026-09-20 15:18,20,2.0,50,5.0
2026-09-20T13:23:49Z,2026-09-20 15:23,20,2.0,50,5.0
2026-09-20T13:28:53Z,2026-09-20 15:28,20,2.0,50,5.0
2026-09-20T13:33:57Z,2026-09-20 15:33,10,1.0,50,5.0
2026-09-20T13:39:01Z,2026-09-20 15:39,10,1.0,50,5.0
2026-09-20T13:44:05Z,2026-09-20 15:44,0,,50,5.0
2026-09-20T13:44:25Z,2026-09-20 15:44,0,,50,5.0
2026-09-20T13:49:30Z,2026-09-20 15:49,0,,50,5.0
2026-09-20T13:54:34Z,2026-09-20 15:54,0,,40,4.0
2026-09-20T13:59:39Z,2026-09-20 15:59,0,,40,4.0
2026-09-20T14:04:43Z,2026-09-20 16:04,0,,40,4.0
2026-09-20T14:09:48Z,2026-09-20 16:09,0,,40,4.0
2026-09-20T14:14:53Z,2026-09-20 16:14,0,,40,4.0
2026-09-20T14:19:58Z,2026-09-20 16:19,0,,40,4.0
2026-09-20T14:25:03Z,2026-09-20 16:25,0,,40,4.0
2026-09-20T14:30:11Z,2026-09-20 16:30,0,,40,4.0
2026-09-20T14:35:15Z,2026-09-20 16:35,0,,40,4.0
2026-09-20T14:40:20Z,2026-09-20 16:40,0,,40,4.0
2026-09-20T14:45:24Z,2026-09-20 16:45,0,,40,4.0
2026-09-20T14:50:29Z,2026-09-20 16:50,0,,40,4.0
2026-09-20T14:55:33Z,2026-09-20 16:55,0,,40,4.0
2026-09-20T15:00:37Z,2026-09-20 17:00,0,,40,4.0
2026-09-20T15:05:42Z,2026-09-20 17:05,0,,40,4.0
2026-09-20T15:10:47Z,2026-09-20 17:10,0,,40,4.0
2026-09-20T15:15:51Z,2026-09-20 17:15,0,,40,4.0
2026-09-20T15:20:56Z,2026-09-20 17:20,0,,40,4.0
2026-09-20T15:26:01Z,2026-09-20 17:26,0,,40,4.0
2026-09-20T15:31:06Z,2026-09-20 17:31,0,,40,4.0
2026-09-20T15:36:10Z,2026-09-20 17:36,0,,40,4.0
2026-09-20T15:41:15Z,2026-09-20 17:41,0,,40,4.0
2026-09-20T15:46:20Z,2026-09-20 17:46,0,,40,4.0
2026-09-20T15:51:25Z,2026-09-20 17:51,0,,40,4.0
2026-09-20T15:56:29Z,2026-09-20 17:56,0,,40,4.0
2026-09-20T16:01:33Z,2026-09-20 18:01,0,,40,4.0
2026-09-20T16:06:38Z,2026-09-20 18:06,0,,40,4.0
2026-09-20T16:11:43Z,2026-09-20 18:11,0,,40,4.0
2026-09-20T16:16:48Z,2026-09-20 18:16,0,,30,3.0
2026-09-20T16:21:52Z,2026-09-20 18:21,0,,30,3.0
2026-09-20T16:26:57Z,2026-09-20 18:26,0,,30,3.0
2026-09-20T16:32:02Z,2026-09-20 18:32,0,,30,3.0
2026-09-20T16:32:21Z,2026-09-20 18:32,0,,30,3.0
2026-09-20T16:37:26Z,2026-09-20 18:37,0,,30,3.0
2026-09-20T16:42:30Z,2026-09-20 18:42,0,,30,3.0
2026-09-20T16:47:35Z,2026-09-20 18:47,0,,30,3.0
2026-09-20T16:52:39Z,2026-09-20 18:52,0,,30,3.0
2026-09-20T16:57:46Z,2026-09-20 18:57,0,,30,3.0
2026-09-20T17:02:50Z,2026-09-20 19:02,0,,30,3.0
2026-09-20T17:07:55Z,2026-09-20 19:07,0,,30,3.0
2026-09-20T17:12:59Z,2026-09-20 19:12,0,,30,3.0
2026-09-20T17:18:04Z,2026-09-20 19:18,0,,30,3.0
2026-09-20T17:23:09Z,2026-09-20 19:23,0,,20,2.0
2026-09-20T17:28:13Z,2026-09-20 19:28,0,,20,2.0
2026-09-20T17:33:18Z,2026-09-20 19:33,0,,20,2.0
2026-09-20T17:38:22Z,2026-09-20 19:38,0,,20,2.0
2026-09-20T17:43:27Z,2026-09-20 19:43,0,,20,2.0
2026-09-20T17:48:31Z,2026-09-20 19:48,0,,20,2.0
2026-09-20T17:53:36Z,2026-09-20 19:53,0,,20,2.0
2026-09-20T17:58:40Z,2026-09-20 19:58,0,,20,2.0
2026-09-20T18:03:45Z,2026-09-20 20:03,0,,20,2.0
2026-09-20T18:08:49Z,2026-09-20 20:08,0,,20,2.0
2026-09-20T18:13:54Z,2026-09-20 20:13,0,,20,2.0
2026-09-20T18:18:59Z,2026-09-20 20:18,0,,20,2.0
2026-09-20T18:24:03Z,2026-09-20 20:24,0,,20,2.0
2026-09-20T18:29:07Z,2026-09-20 20:29,0,,20,2.0
2026-09-20T18:34:12Z,2026-09-20 20:34,0,,20,2.0
2026-09-20T18:39:16Z,2026-09-20 20:39,0,,10,1.0
2026-09-20T18:44:21Z,2026-09-20 20:44,0,,10,1.0
2026-09-20T18:49:25Z,2026-09-20 20:49,0,,0,
2026-09-20T18:54:30Z,2026-09-20 20:54,0,,0,
2026-09-20T18:59:35Z,2026-09-20 20:59,0,,0,
2026-09-20T19:04:39Z,2026-09-20 21:04,0,,0,
2026-09-20T19:09:43Z,2026-09-20 21:09,0,,0,
2026-09-20T19:14:48Z,2026-09-20 21:14,0,,0,
2026-09-20T19:19:53Z,2026-09-20 21:19,0,,0,
2026-09-20T19:20:12Z,2026-09-20 21:20,0,,0,
2026-09-20T19:25:16Z,2026-09-20 21:25,0,,0,
2026-09-20T19:30:21Z,2026-09-20 21:30,0,,0,
2026-09-20T19:35:25Z,2026-09-20 21:35,0,,0,
2026-09-20T19:40:30Z,2026-09-20 21:40,0,,0,
2026-09-20T19:45:34Z,2026-09-20 21:45,0,,0,
2026-09-20T19:50:38Z,2026-09-20 21:50,0,,0,
2026-09-20T19:55:43Z,2026-09-20 21:55,0,,0,
2026-09-20T20:00:47Z,2026-09-20 22:00,0,,0,
2026-09-20T20:05:52Z,2026-09-20 22:05,0,,0,
2026-09-20T20:10:56Z,2026-09-20 22:10,0,,0,
2026-09-20T20:16:01Z,2026-09-20 22:16,0,,0,
2026-09-20T20:21:06Z,2026-09-20 22:21,0,,0,
2026-09-20T20:26:11Z,2026-09-20 22:26,0,,0,
2026-09-20T20:31:15Z,2026-09-20 22:31,0,,0,
2026-09-20T20:36:20Z,2026-09-20 22:36,0,,0,
2026-09-20T20:41:24Z,2026-09-20 22:41,0,,0,
2026-09-20T20:46:29Z,2026-09-20 22:46,0,,0,
2026-09-20T20:51:34Z,2026-09-20 22:51,0,,0,
2026-09-20T20:56:38Z,2026-09-20 22:56,0,,0,
2026-09-20T21:01:43Z,2026-09-20 23:01,0,,0,
2026-09-20T21:06:47Z,2026-09-20 23:06,0,,0,
2026-09-20T21:11:52Z,2026-09-20 23:11,0,,0,
2026-09-20T21:16:57Z,2026-09-20 23:16,0,,0,
2026-09-20T21:22:01Z,2026-09-20 23:22,0,,0,
2026-09-20T21:27:06Z,2026-09-20 23:27,0,,0,
2026-09-20T21:32:10Z,2026-09-20 23:32,0,,0,
2026-09-20T21:37:15Z,2026-09-20 23:37,0,,0,
2026-09-20T21:42:20Z,2026-09-20 23:42,0,,0,
2026-09-20T21:47:24Z,2026-09-20 23:47,0,,0,
2026-09-20T21:52:29Z,2026-09-20 23:52,0,,0,
2026-09-20T21:57:33Z,2026-09-20 23:57,0,,0,
2026-09-20T22:02:38Z,2026-09-21 00:02,0,,0,
2026-09-20T22:07:42Z,2026-09-21 00:07,0,,0,
2026-09-20T22:08:05Z,2026-09-21 00:08,0,,0,
2026-09-20T22:13:09Z,2026-09-21 00:13,0,,0,
2026-09-20T22:18:14Z,2026-09-21 00:18,0,,0,
2026-09-20T22:23:19Z,2026-09-21 00:23,0,,0,
2026-09-20T22:28:23Z,2026-09-21 00:28,0,,0,
2026-09-20T22:33:28Z,2026-09-21 00:33,0,,0,
2026-09-20T22:38:32Z,2026-09-21 00:38,0,,0,
2026-09-20T22:43:36Z,2026-09-21 00:43,0,,0,
2026-09-20T22:48:41Z,2026-09-21 00:48,0,,0,
2026-09-20T22:53:45Z,2026-09-21 00:53,0,,0,
2026-09-20T22:58:50Z,2026-09-21 00:58,0,,0,
2026-09-20T23:03:54Z,2026-09-21 01:03,0,,0,
2026-09-20T23:09:00Z,2026-09-21 01:09,0,,0,
2026-09-20T23:14:05Z,2026-09-21 01:14,0,,0,
2026-09-20T23:19:09Z,2026-09-21 01:19,0,,0,
2026-09-20T23:24:14Z,2026-09-21 01:24,0,,0,
2026-09-20T23:29:18Z,2026-09-21 01:29,0,,0,
2026-09-20T23:34:23Z,2026-09-21 01:34,0,,0,
2026-09-20T23:39:27Z,2026-09-21 01:39,0,,0,
2026-09-20T23:44:32Z,2026-09-21 01:44,0,,0,
2026-09-20T23:49:36Z,2026-09-21 01:49,0,,0,
2026-09-20T23:54:40Z,2026-09-21 01:54,0,,0,
2026-09-20T23:59:44Z,2026-09-21 01:59,0,,0,
2026-09-21T00:04:49Z,2026-09-21 02:04,0,,0,
2026-09-21T00:09:53Z,2026-09-21 02:09,0,,0,
2026-09-21T00:14:59Z,2026-09-21 02:14,0,,0,
2026-09-21T00:20:04Z,2026-09-21 02:20,0,,0,
2026-09-21T00:25:08Z,2026-09-21 02:25,0,,0,
2026-09-21T00:30:13Z,2026-09-21 02:30,0,,0,
2026-09-21T00:35:18Z,2026-09-21 02:35,0,,0,
2026-09-21T00:40:23Z,2026-09-21 02:40,0,,0,
2026-09-21T00:45:28Z,2026-09-21 02:45,0,,0,
2026-09-21T00:50:32Z,2026-09-21 02:50,0,,0,
2026-09-21T00:55:37Z,2026-09-21 02:55,0,,0,
2026-09-21T00:55:53Z,2026-09-21 02:55,0,,0,
2026-09-21T01:00:56Z,2026-09-21 03:00,0,,0,
2026-09-21T01:06:00Z,2026-09-21 03:06,0,,0,
2026-09-21T01:11:04Z,2026-09-21 03:11,0,,0,
2026-09-21T01:16:08Z,2026-09-21 03:16,0,,0,
2026-09-21T01:21:12Z,2026-09-21 03:21,0,,0,
2026-09-21T01:26:16Z,2026-09-21 03:26,0,,0,
2026-09-21T01:31:20Z,2026-09-21 03:31,0,,0,
2026-09-21T01:36:24Z,2026-09-21 03:36,0,,0,
2026-09-21T01:41:27Z,2026-09-21 03:41,0,,0,
2026-09-21T01:46:30Z,2026-09-21 03:46,0,,0,
2026-09-21T01:51:34Z,2026-09-21 03:51,0,,0,
2026-09-21T01:56:38Z,2026-09-21 03:56,0,,0,
2026-09-21T02:01:41Z,2026-09-21 04:01,0,,0,
2026-09-21T02:06:45Z,2026-09-21 04:06,0,,0,
2026-09-21T02:11:48Z,2026-09-21 04:11,0,,0,
2026-09-21T02:16:52Z,2026-09-21 04:16,0,,0,
2026-09-21T02:21:56Z,2026-09-21 04:21,0,,0,
2026-09-21T02:26:59Z,2026-09-21 04:26,0,,0,
2026-09-21T02:32:03Z,2026-09-21 04:32,0,,0,
2026-09-21T02:37:07Z,2026-09-21 04:37,0,,0,
2026-09-21T02:42:11Z,2026-09-21 04:42,0,,0,
2026-09-21T02:47:14Z,2026-09-21 04:47,0,,0,
2026-09-21T02:52:18Z,2026-09-21 04:52,0,,0,
2026-09-21T02:57:22Z,2026-09-21 04:57,0,,0,
2026-09-21T03:02:25Z,2026-09-21 05:02,0,,0,
2026-09-21T03:07:29Z,2026-09-21 05:07,0,,0,
2026-09-21T03:12:33Z,2026-09-21 05:12,0,,0,
2026-09-21T03:17:36Z,2026-09-21 05:17,0,,0,
2026-09-21T03:22:40Z,2026-09-21 05:22,0,,0,
2026-09-21T03:27:44Z,2026-09-21 05:27,0,,0,
2026-09-21T03:32:48Z,2026-09-21 05:32,0,,0,
2026-09-21T03:37:51Z,2026-09-21 05:37,0,,0,
2026-09-21T03:42:55Z,2026-09-21 05:42,0,,0,
2026-09-21T03:43:11Z,2026-09-21 05:43,0,,0,
2026-09-21T03:48:15Z,2026-09-21 05:48,0,,0,
2026-09-21T03:53:19Z,2026-09-21 05:53,0,,0,
2026-09-21T03:58:23Z,2026-09-21 05:58,0,,0,
2026-09-21T04:03:26Z,2026-09-21 06:03,0,,0,
2026-09-21T04:08:31Z,2026-09-21 06:08,0,,0,
2026-09-21T04:13:35Z,2026-09-21 06:13,0,,0,
2026-09-21T04:18:39Z,2026-09-21 06:18,0,,0,
2026-09-21T04:23:42Z,2026-09-21 06:23,0,,0,
2026-09-21T04:28:47Z,2026-09-21 06:28,0,,0,
2026-09-21T04:33:50Z,2026-09-21 06:33,0,,0,
2026-09-21T04:38:55Z,2026-09-21 06:38,0,,0,
2026-09-21T04:43:59Z,2026-09-21 06:43,0,,0,
2026-09-21T04:49:02Z,2026-09-21 06:49,0,,0,
2026-09-21T04:54:07Z,2026-09-21 06:54,0,,0,
2026-09-21T04:59:11Z,2026-09-21 06:59,0,,0,
2026-09-21T05:04:15Z,2026-09-21 07:04,0,,0,
2026-09-21T05:09:20Z,2026-09-21 07:09,0,,0,
2026-09-21T05:14:24Z,2026-09-21 07:14,0,,0,
2026-09-21T05:19:29Z,2026-09-21 07:19,0,,0,
2026-09-21T05:24:33Z,2026-09-21 07:24,0,,0,
2026-09-21T05:29:37Z,2026-09-21 07:29,0,,0,
2026-09-21T05:34:41Z,2026-09-21 07:34,0,,0,
2026-09-21T05:39:45Z,2026-09-21 07:39,0,,0,
2026-09-21T05:44:49Z,2026-09-21 07:44,0,,0,
2026-09-21T05:49:53Z,2026-09-21 07:49,0,,0,
2026-09-21T05:54:57Z,2026-09-21 07:54,0,,0,
2026-09-21T06:00:02Z,2026-09-21 08:00,0,,0,
2026-09-21T06:05:07Z,2026-09-21 08:05,0,,0,
2026-09-21T06:10:12Z,2026-09-21 08:10,0,,0,
2026-09-21T06:15:16Z,2026-09-21 08:15,0,,0,
2026-09-21T06:20:21Z,2026-09-21 08:20,0,,0,
2026-09-21T06:25:26Z,2026-09-21 08:25,0,,0,
2026-09-21T06:30:29Z,2026-09-21 08:30,0,,0,
2026-09-21T06:30:47Z,2026-09-21 08:30,0,,0,
2026-09-21T06:35:50Z,2026-09-21 08:35,0,,0,
2026-09-21T06:40:54Z,2026-09-21 08:40,0,,0,
2026-09-21T06:45:58Z,2026-09-21 08:45,0,,0,
2026-09-21T06:51:01Z,2026-09-21 08:51,0,,0,
2026-09-21T06:56:05Z,2026-09-21 08:56,0,,0,
2026-09-21T07:01:09Z,2026-09-21 09:01,0,,0,
2026-09-21T07:06:12Z,2026-09-21 09:06,0,,0,
2026-09-21T07:11:16Z,2026-09-21 09:11,0,,0,
2026-09-21T07:16:20Z,2026-09-21 09:16,0,,0,
2026-09-21T07:21:24Z,2026-09-21 09:21,0,,0,
2026-09-21T07:26:30Z,2026-09-21 09:26,0,,0,
2026-09-21T07:31:34Z,2026-09-21 09:31,0,,0,
2026-09-21T07:36:38Z,2026-09-21 09:36,0,,0,
2026-09-21T07:41:42Z,2026-09-21 09:41,0,,0,
2026-09-21T07:46:45Z,2026-09-21 09:46,0,,0,
2026-09-21T07:51:50Z,2026-09-21 09:51,0,,0,
2026-09-21T07:56:53Z,2026-09-21 09:56,0,,0,
2026-09-21T08:01:57Z,2026-09-21 10:01,0,,0,
2026-09-21T08:07:01Z,2026-09-21 10:07,0,,0,
2026-09-21T08:12:04Z,2026-09-21 10:12,0,,0,
2026-09-21T08:17:09Z,2026-09-21 10:17,0,,0,
2026-09-21T08:22:13Z,2026-09-21 10:22,0,,0,
2026-09-21T08:27:17Z,2026-09-21 10:27,0,,0,
2026-09-21T08:32:21Z,2026-09-21 10:32,0,,0,
2026-09-21T08:37:25Z,2026-09-21 10:37,0,,10,1.0
2026-09-21T08:42:29Z,2026-09-21 10:42,0,,10,1.0
2026-09-21T08:47:33Z,2026-09-21 10:47,0,,20,2.0
2026-09-21T08:52:37Z,2026-09-21 10:52,0,,20,2.0
2026-09-21T08:57:40Z,2026-09-21 10:57,0,,20,2.0
2026-09-21T09:02:44Z,2026-09-21 11:02,0,,20,2.0
2026-09-21T09:07:48Z,2026-09-21 11:07,10,1.0,20,2.0
2026-09-21T09:12:52Z,2026-09-21 11:12,10,1.0,20,2.0
2026-09-21T09:17:56Z,2026-09-21 11:17,10,1.0,20,2.0
2026-09-21T09:18:14Z,2026-09-21 11:18,10,1.0,20,2.0
2026-09-21T09:23:19Z,2026-09-21 11:23,10,1.0,30,3.0
2026-09-21T09:28:23Z,2026-09-21 11:28,20,2.0,30,3.0
2026-09-21T09:33:28Z,2026-09-21 11:33,20,2.0,30,3.0
2026-09-21T09:38:32Z,2026-09-21 11:38,20,2.0,30,3.0
2026-09-21T09:43:36Z,2026-09-21 11:43,30,3.0,30,3.0
2026-09-21T09:48:40Z,2026-09-21 11:48,30,3.0,30,3.0
2026-09-21T09:53:45Z,2026-09-21 11:53,30,3.0,30,3.0
2026-09-21T09:58:51Z,2026-09-21 11:58,30,3.0,30,3.0
2026-09-21T10:03:55Z,2026-09-21 12:03,40,4.0,30,3.0
2026-09-21T10:09:00Z,2026-09-21 12:09,40,4.0,30,3.0
2026-09-21T10:14:04Z,2026-09-21 12:14,30,3.0,30,3.0
2026-09-21T10:19:08Z,2026-09-21 12:19,30,3.0,30,3.0
2026-09-21T10:24:13Z,2026-09-21 12:24,30,3.0,30,3.0
2026-09-21T10:29:17Z,2026-09-21 12:29,30,3.0,30,3.0
2026-09-21T10:34:21Z,2026-09-21 12:34,30,3.0,30,3.0
2026-09-21T10:39:26Z,2026-09-21 12:39,30,3.0,30,3.0
2026-09-21T10:44:30Z,2026-09-21 12:44,30,3.0,30,3.0
2026-09-21T10:49:34Z,2026-09-21 12:49,30,3.0,30,3.0
2026-09-21T10:54:39Z,2026-09-21 12:54,30,3.0,30,3.0
2026-09-21T10:59:44Z,2026-09-21 12:59,30,3.0,30,3.0
2026-09-21T11:04:48Z,2026-09-21 13:04,30,3.0,40,4.0
2026-09-21T11:09:54Z,2026-09-21 13:09,30,3.0,40,4.0
2026-09-21T11:14:58Z,2026-09-21 13:14,30,3.0,40,4.0
2026-09-21T11:20:03Z,2026-09-21 13:20,30,3.0,40,4.0
2026-09-21T11:25:07Z,2026-09-21 13:25,30,3.0,40,4.0
2026-09-21T11:30:13Z,2026-09-21 13:30,30,3.0,40,4.0
2026-09-21T11:35:17Z,2026-09-21 13:35,30,3.0,40,4.0
2026-09-21T11:40:21Z,2026-09-21 13:40,30,3.0,40,4.0
2026-09-21T11:45:25Z,2026-09-21 13:45,30,3.0,40,4.0
2026-09-21T11:50:29Z,2026-09-21 13:50,30,3.0,40,4.0
2026-09-21T11:55:34Z,2026-09-21 13:55,30,3.0,40,4.0
2026-09-21T12:00:39Z,2026-09-21 14:00,30,3.0,40,4.0
2026-09-21T12:05:43Z,2026-09-21 14:05,30,3.0,40,4.0
2026-09-21T12:06:00Z,2026-09-21 14:06,30,3.0,40,4.0
2026-09-21T12:11:04Z,2026-09-21 14:11,30,3.0,40,4.0
2026-09-21T12:16:09Z,2026-09-21 14:16,20,2.0,40,4.0
2026-09-21T12:21:13Z,2026-09-21 14:21,20,2.0,40,4.0
2026-09-21T12:26:16Z,2026-09-21 14:26,20,2.0,40,4.0
2026-09-21T12:31:20Z,2026-09-21 14:31,20,2.0,40,4.0
2026-09-21T12:36:24Z,2026-09-21 14:36,20,2.0,40,4.0
2026-09-21T12:41:28Z,2026-09-21 14:41,10,1.0,40,4.0
2026-09-21T12:46:32Z,2026-09-21 14:46,10,1.0,40,4.0
2026-09-21T12:51:36Z,2026-09-21 14:51,10,1.0,40,4.0
2026-09-21T12:56:39Z,2026-09-21 14:56,10,1.0,40,4.0
2026-09-21T13:01:43Z,2026-09-21 15:01,10,1.0,40,4.0
2026-09-21T13:06:48Z,2026-09-21 15:06,10,1.0,40,4.0
2026-09-21T13:11:52Z,2026-09-21 15:11,10,1.0,40,4.0
2026-09-21T13:16:56Z,2026-09-21 15:16,0,,40,4.0
2026-09-21T13:22:00Z,2026-09-21 15:22,0,,40,4.0
2026-09-21T13:27:04Z,2026-09-21 15:27,0,,40,4.0
2026-09-21T13:32:09Z,2026-09-21 15:32,0,,40,4.0
2026-09-21T13:37:13Z,2026-09-21 15:37,0,,40,4.0
2026-09-21T13:42:18Z,2026-09-21 15:42,0,,40,4.0
2026-09-21T13:47:22Z,2026-09-21 15:47,0,,40,4.0
2026-09-21T13:52:26Z,2026-09-21 15:52,0,,40,4.0
2026-09-21T13:57:31Z,2026-09-21 15:57,0,,40,4.0
2026-09-21T14:02:34Z,2026-09-21 16:02,0,,40,4.0
2026-09-21T14:07:39Z,2026-09-21 16:07,0,,40,4.0
2026-09-21T14:12:46Z,2026-09-21 16:12,0,,40,4.0
2026-09-21T14:17:50Z,2026-09-21 16:17,0,,40,4.0
2026-09-21T14:22:54Z,2026-09-21 16:22,0,,40,4.0
2026-09-21T14:27:58Z,2026-09-21 16:27,0,,40,4.0
2026-09-21T14:33:02Z,2026-09-21 16:33,0,,40,4.0
2026-09-21T14:38:06Z,2026-09-21 16:38,0,,40,4.0
2026-09-21T14:43:11Z,2026-09-21 16:43,0,,30,3.0
2026-09-21T14:48:15Z,2026-09-21 16:48,0,,30,3.0
2026-09-21T14:53:20Z,2026-09-21 16:53,0,,30,3.0
2026-09-21T14:53:39Z,2026-09-21 16:53,0,,30,3.0
2026-09-21T14:58:43Z,2026-09-21 16:58,0,,30,3.0
2026-09-21T15:03:47Z,2026-09-21 17:03,0,,30,3.0
2026-09-21T15:08:51Z,2026-09-21 17:08,0,,30,3.0
2026-09-21T15:13:55Z,2026-09-21 17:13,0,,30,3.0
2026-09-21T15:18:59Z,2026-09-21 17:18,0,,30,3.0
2026-09-21T15:24:03Z,2026-09-21 17:24,0,,30,3.0
2026-09-21T15:29:08Z,2026-09-21 17:29,0,,30,3.0
2026-09-21T15:34:12Z,2026-09-21 17:34,0,,30,3.0
2026-09-21T15:39:16Z,2026-09-21 17:39,0,,30,3.0
2026-09-21T15:44:20Z,2026-09-21 17:44,0,,30,3.0
2026-09-21T15:49:24Z,2026-09-21 17:49,0,,20,2.0
2026-09-21T15:54:28Z,2026-09-21 17:54,0,,20,2.0
2026-09-21T15:59:32Z,2026-09-21 17:59,0,,20,2.0
2026-09-21T16:04:35Z,2026-09-21 18:04,0,,20,2.0
2026-09-21T16:09:40Z,2026-09-21 18:09,0,,20,2.0
2026-09-21T16:14:43Z,2026-09-21 18:14,0,,20,2.0
2026-09-21T16:19:47Z,2026-09-21 18:19,0,,10,1.0
2026-09-21T16:24:51Z,2026-09-21 18:24,0,,10,1.0
2026-09-21T16:29:56Z,2026-09-21 18:29,0,,10,1.0
2026-09-21T16:35:00Z,2026-09-21 18:35,0,,10,1.0
2026-09-21T16:40:07Z,2026-09-21 18:40,0,,10,1.0
2026-09-21T16:45:11Z,2026-09-21 18:45,0,,10,1.0
2026-09-21T16:50:15Z,2026-09-21 18:50,0,,10,1.0
2026-09-21T16:55:18Z,2026-09-21 18:55,0,,0,
2026-09-21T17:00:22Z,2026-09-21 19:00,0,,0,
2026-09-21T17:05:26Z,2026-09-21 19:05,0,,0,
2026-09-21T17:10:30Z,2026-09-21 19:10,0,,0,
2026-09-21T17:15:34Z,2026-09-21 19:15,0,,0,
2026-09-21T17:20:39Z,2026-09-21 19:20,0,,0,
2026-09-21T17:25:43Z,2026-09-21 19:25,0,,0,
2026-09-21T17:30:47Z,2026-09-21 19:30,0,,0,
2026-09-21T17:35:51Z,2026-09-21 19:35,0,,0,
2026-09-21T17:40:55Z,2026-09-21 19:40,0,,0,
2026-09-21T17:41:12Z,2026-09-21 19:41,0,,0,
2026-09-21T17:46:16Z,2026-09-21 19:46,0,,0,
2026-09-21T17:51:21Z,2026-09-21 19:51,0,,10,1.0
2026-09-21T17:56:25Z,2026-09-21 19:56,0,,10,1.0
2026-09-21T18:01:29Z,2026-09-21 20:01,0,,0,
2026-09-21T18:06:34Z,2026-09-21 20:06,0,,0,
2026-09-21T18:11:38Z,2026-09-21 20:11,0,,0,
2026-09-21T18:16:42Z,2026-09-21 20:16,0,,0,
2026-09-21T18:21:46Z,2026-09-21 20:21,0,,0,
2026-09-21T18:26:50Z,2026-09-21 20:26,0,,0,
2026-09-21T18:31:54Z,2026-09-21 20:31,0,,0,
2026-09-21T18:36:58Z,2026-09-21 20:36,0,,0,
2026-09-21T18:42:02Z,2026-09-21 20:42,0,,0,
2026-09-21T18:47:06Z,2026-09-21 20:47,0,,0,
2026-09-21T18:52:10Z,2026-09-21 20:52,0,,0,
2026-09-21T18:57:14Z,2026-09-21 20:57,0,,0,
2026-09-21T19:02:18Z,2026-09-21 21:02,0,,0,
2026-09-21T19:07:22Z,2026-09-21 21:07,0,,0,
2026-09-21T19:12:26Z,2026-09-21 21:12,0,,0,
2026-09-21T19:17:30Z,2026-09-21 21:17,0,,0,
2026-09-21T19:22:34Z,2026-09-21 21:22,0,,0,
2026-09-21T19:27:38Z,2026-09-21 21:27,0,,0,
2026-09-21T19:32:43Z,2026-09-21 21:32,0,,0,
2026-09-21T19:37:47Z,2026-09-21 21:37,0,,0,
2026-09-21T19:42:51Z,2026-09-21 21:42,0,,0,
2026-09-21T19:47:55Z,2026-09-21 21:47,0,,0,
2026-09-21T19:52:59Z,2026-09-21 21:52,0,,0,
2026-09-21T19:58:03Z,2026-09-21 21:58,0,,0,
2026-09-21T20:03:07Z,2026-09-21 22:03,0,,0,
2026-09-21T20:08:11Z,2026-09-21 22:08,0,,0,
2026-09-21T20:13:15Z,2026-09-21 22:13,0,,0,
2026-09-21T20:18:18Z,2026-09-21 22:18,0,,0,
2026-09-21T20:23:23Z,2026-09-21 22:23,0,,0,
2026-09-21T20:28:27Z,2026-09-21 22:28,0,,0,
2026-09-21T20:29:53Z,2026-09-21 22:29,0,,0,
2026-09-21T20:34:58Z,2026-09-21 22:34,0,,0,
2026-09-21T20:40:05Z,2026-09-21 22:40,0,,0,
2026-09-21T20:45:10Z,2026-09-21 22:45,0,,0,
2026-09-21T20:50:14Z,2026-09-21 22:50,0,,0,
2026-09-21T20:55:20Z,2026-09-21 22:55,0,,0,
2026-09-21T21:00:25Z,2026-09-21 23:00,0,,0,
2026-09-21T21:05:29Z,2026-09-21 23:05,0,,0,
2026-09-21T21:10:34Z,2026-09-21 23:10,0,,0,
2026-09-21T21:15:38Z,2026-09-21 23:15,0,,0,
2026-09-21T21:20:43Z,2026-09-21 23:20,0,,0,
2026-09-21T21:25:47Z,2026-09-21 23:25,0,,0,
2026-09-21T21:30:52Z,2026-09-21 23:30,0,,0,
2026-09-21T21:35:58Z,2026-09-21 23:35,0,,0,
2026-09-21T21:41:02Z,2026-09-21 23:41,0,,0,
2026-09-21T21:46:07Z,2026-09-21 23:46,0,,0,
2026-09-21T21:51:11Z,2026-09-21 23:51,0,,0,
2026-09-21T21:56:16Z,2026-09-21 23:56,0,,0,
2026-09-21T22:01:21Z,2026-09-22 00:01,0,,0,
2026-09-21T22:06:26Z,2026-09-22 00:06,0,,0,
2026-09-21T22:11:30Z,2026-09-22 00:11,0,,0,
2026-09-21T22:16:34Z,2026-09-22 00:16,0,,0,
2026-09-21T22:21:39Z,2026-09-22 00:21,0,,0,
2026-09-21T22:26:45Z,2026-09-22 00:26,0,,0,
2026-09-21T22:31:49Z,2026-09-22 00:31,0,,0,
2026-09-21T22:36:56Z,2026-09-22 00:36,0,,0,
2026-09-21T22:42:01Z,2026-09-22 00:42,0,,0,
2026-09-21T22:47:05Z,2026-09-22 00:47,0,,0,
2026-09-21T22:52:10Z,2026-09-22 00:52,0,,0,
2026-09-21T22:57:14Z,2026-09-22 00:57,0,,0,
2026-09-21T23:02:19Z,2026-09-22 01:02,0,,0,
2026-09-21T23:07:23Z,2026-09-22 01:07,0,,0,
2026-09-21T23:12:28Z,2026-09-22 01:12,0,,0,
2026-09-21T23:17:32Z,2026-09-22 01:17,0,,0,
2026-09-21T23:17:53Z,2026-09-22 01:17,0,,0,
2026-09-21T23:22:59Z,2026-09-22 01:22,0,,0,
2026-09-21T23:28:03Z,2026-09-22 01:28,0,,0,
2026-09-21T23:33:08Z,2026-09-22 01:33,0,,0,
2026-09-21T23:38:12Z,2026-09-22 01:38,0,,0,
2026-09-21T23:43:17Z,2026-09-22 01:43,0,,0,
2026-09-21T23:48:21Z,2026-09-22 01:48,0,,0,
2026-09-21T23:53:26Z,2026-09-22 01:53,0,,0,
2026-09-21T23:58:31Z,2026-09-22 01:58,0,,0,
2026-09-22T00:03:35Z,2026-09-22 02:03,0,,0,
2026-09-22T00:08:42Z,2026-09-22 02:08,0,,0,
2026-09-22T00:13:46Z,2026-09-22 02:13,0,,0,
2026-09-22T00:18:51Z,2026-09-22 02:18,0,,0,
2026-09-22T00:23:55Z,2026-09-22 02:23,0,,0,
2026-09-22T00:29:01Z,2026-09-22 02:29,0,,0,
2026-09-22T00:34:05Z,2026-09-22 02:34,0,,0,
2026-09-22T00:39:11Z,2026-09-22 02:39,0,,0,
2026-09-22T00:44:16Z,2026-09-22 02:44,0,,0,
2026-09-22T00:49:20Z,2026-09-22 02:49,0,,0,
2026-09-22T00:54:26Z,2026-09-22 02:54,0,,0,
2026-09-22T00:59:31Z,2026-09-22 02:59,0,,0,
2026-09-22T01:04:35Z,2026-09-22 03:04,0,,0,
2026-09-22T01:09:39Z,2026-09-22 03:09,0,,0,
2026-09-22T01:14:44Z,2026-09-22 03:14,0,,0,
2026-09-22T01:19:48Z,2026-09-22 03:19,0,,0,
2026-09-22T01:24:53Z,2026-09-22 03:24,0,,0,
2026-09-22T01:29:58Z,2026-09-22 03:29,0,,0,
2026-09-22T01:35:02Z,2026-09-22 03:35,0,,0,
2026-09-22T01:40:07Z,2026-09-22 03:40,0,,0,
2026-09-22T01:45:12Z,2026-09-22 03:45,0,,0,
2026-09-22T01:50:17Z,2026-09-22 03:50,0,,0,
2026-09-22T01:55:22Z,2026-09-22 03:55,0,,0,
2026-09-22T02:00:26Z,2026-09-22 04:00,0,,0,
2026-09-22T02:05:31Z,2026-09-22 04:05,0,,0,
2026-09-22T02:06:25Z,2026-09-22 04:06,0,,0,
2026-09-22T02:11:29Z,2026-09-22 04:11,0,,0,
2026-09-22T02:16:33Z,2026-09-22 04:16,0,,0,
2026-09-22T02:21:37Z,2026-09-22 04:21,0,,0,
2026-09-22T02:26:40Z,2026-09-22 04:26,0,,0,
2026-09-22T02:31:44Z,2026-09-22 04:31,0,,0,
2026-09-22T02:36:47Z,2026-09-22 04:36,0,,0,
2026-09-22T02:41:51Z,2026-09-22 04:41,0,,0,
2026-09-22T02:46:55Z,2026-09-22 04:46,0,,0,
2026-09-22T02:51:59Z,2026-09-22 04:51,0,,0,
2026-09-22T02:57:02Z,2026-09-22 04:57,0,,0,
2026-09-22T03:02:08Z,2026-09-22 05:02,0,,0,
2026-09-22T03:07:12Z,2026-09-22 05:07,0,,0,
2026-09-22T03:12:16Z,2026-09-22 05:12,0,,0,
2026-09-22T03:17:20Z,2026-09-22 05:17,0,,0,
2026-09-22T03:22:24Z,2026-09-22 05:22,0,,0,
2026-09-22T03:27:27Z,2026-09-22 05:27,0,,0,
2026-09-22T03:32:31Z,2026-09-22 05:32,0,,0,
2026-09-22T03:37:35Z,2026-09-22 05:37,0,,0,
2026-09-22T03:42:38Z,2026-09-22 05:42,0,,0,
2026-09-22T03:47:42Z,2026-09-22 05:47,0,,0,
2026-09-22T03:52:46Z,2026-09-22 05:52,0,,0,
2026-09-22T03:57:50Z,2026-09-22 05:57,0,,0,
2026-09-22T04:02:53Z,2026-09-22 06:02,0,,0,
2026-09-22T04:07:57Z,2026-09-22 06:07,0,,0,
2026-09-22T04:13:01Z,2026-09-22 06:13,0,,0,
2026-09-22T04:18:04Z,2026-09-22 06:18,0,,0,
2026-09-22T04:23:08Z,2026-09-22 06:23,0,,0,
2026-09-22T04:28:13Z,2026-09-22 06:28,0,,0,
2026-09-22T04:33:16Z,2026-09-22 06:33,0,,0,
2026-09-22T04:38:20Z,2026-09-22 06:38,0,,0,
2026-09-22T04:43:24Z,2026-09-22 06:43,0,,0,
2026-09-22T04:48:28Z,2026-09-22 06:48,0,,0,
2026-09-22T04:53:32Z,2026-09-22 06:53,0,,0,
2026-09-22T04:53:53Z,2026-09-22 06:53,0,,0,
2026-09-22T04:58:58Z,2026-09-22 06:58,0,,0,
2026-09-22T05:04:03Z,2026-09-22 07:04,0,,0,
2026-09-22T05:09:08Z,2026-09-22 07:09,0,,0,
2026-09-22T05:14:15Z,2026-09-22 07:14,0,,0,
2026-09-22T05:19:19Z,2026-09-22 07:19,0,,0,
2026-09-22T05:24:24Z,2026-09-22 07:24,0,,0,
2026-09-22T05:29:28Z,2026-09-22 07:29,0,,0,
2026-09-22T05:34:33Z,2026-09-22 07:34,0,,0,
2026-09-22T05:39:40Z,2026-09-22 07:39,0,,0,
2026-09-22T05:44:44Z,2026-09-22 07:44,0,,0,
2026-09-22T05:49:50Z,2026-09-22 07:49,0,,0,
2026-09-22T05:54:55Z,2026-09-22 07:54,0,,0,
2026-09-22T05:59:59Z,2026-09-22 07:59,0,,0,
2026-09-22T06:05:04Z,2026-09-22 08:05,0,,0,
2026-09-22T06:10:10Z,2026-09-22 08:10,0,,0,
2026-09-22T06:15:19Z,2026-09-22 08:15,0,,0,
2026-09-22T06:20:24Z,2026-09-22 08:20,0,,0,
2026-09-22T06:25:29Z,2026-09-22 08:25,0,,0,
2026-09-22T06:30:34Z,2026-09-22 08:30,0,,0,
2026-09-22T06:35:38Z,2026-09-22 08:35,0,,0,
2026-09-22T06:40:43Z,2026-09-22 08:40,0,,0,
2026-09-22T06:45:47Z,2026-09-22 08:45,0,,0,
2026-09-22T06:50:52Z,2026-09-22 08:50,0,,0,
2026-09-22T06:55:57Z,2026-09-22 08:55,0,,0,
2026-09-22T07:01:01Z,2026-09-22 09:01,0,,0,
2026-09-22T07:06:06Z,2026-09-22 09:06,0,,0,
2026-09-22T07:11:11Z,2026-09-22 09:11,0,,0,
2026-09-22T07:16:16Z,2026-09-22 09:16,0,,0,
2026-09-22T07:21:21Z,2026-09-22 09:21,0,,0,
2026-09-22T07:26:27Z,2026-09-22 09:26,0,,0,
2026-09-22T07:31:31Z,2026-09-22 09:31,0,,0,
2026-09-22T07:36:36Z,2026-09-22 09:36,0,,0,
2026-09-22T07:41:41Z,2026-09-22 09:41,0,,0,
2026-09-22T07:42:02Z,2026-09-22 09:42,0,,0,
2026-09-22T07:47:06Z,2026-09-22 09:47,0,,0,
2026-09-22T07:52:11Z,2026-09-22 09:52,0,,0,
2026-09-22T07:57:15Z,2026-09-22 09:57,0,,0,
2026-09-22T08:02:19Z,2026-09-22 10:02,0,,0,
2026-09-22T08:07:23Z,2026-09-22 10:07,0,,0,
2026-09-22T08:12:27Z,2026-09-22 10:12,0,,0,
2026-09-22T08:17:32Z,2026-09-22 10:17,0,,0,
2026-09-22T08:22:36Z,2026-09-22 10:22,0,,0,
2026-09-22T08:27:41Z,2026-09-22 10:27,0,,0,
2026-09-22T08:32:45Z,2026-09-22 10:32,0,,0,
2026-09-22T08:37:50Z,2026-09-22 10:37,0,,0,
2026-09-22T08:42:54Z,2026-09-22 10:42,0,,0,
2026-09-22T08:47:58Z,2026-09-22 10:47,0,,0,
2026-09-22T08:53:02Z,2026-09-22 10:53,0,,0,
2026-09-22T08:58:06Z,2026-09-22 10:58,0,,0,
2026-09-22T09:03:10Z,2026-09-22 11:03,0,,0,
2026-09-22T09:08:14Z,2026-09-22 11:08,0,,0,
2026-09-22T09:13:18Z,2026-09-22 11:13,0,,0,
2026-09-22T09:18:22Z,2026-09-22 11:18,0,,0,
2026-09-22T09:23:26Z,2026-09-22 11:23,0,,0,
2026-09-22T09:28:31Z,2026-09-22 11:28,0,,0,
2026-09-22T09:33:36Z,2026-09-22 11:33,0,,0,
2026-09-22T09:38:40Z,2026-09-22 11:38,0,,0,
2026-09-22T09:43:44Z,2026-09-22 11:43,0,,10,1.0
2026-09-22T09:48:49Z,2026-09-22 11:48,0,,10,1.0
2026-09-22T09:53:53Z,2026-09-22 11:53,0,,10,1.0
2026-09-22T09:58:57Z,2026-09-22 11:58,0,,20,2.0
2026-09-22T10:04:03Z,2026-09-22 12:04,0,,20,2.0
2026-09-22T10:09:07Z,2026-09-22 12:09,0,,20,2.0
2026-09-22T10:14:11Z,2026-09-22 12:14,0,,20,2.0
2026-09-22T10:19:16Z,2026-09-22 12:19,0,,20,2.0
2026-09-22T10:24:21Z,2026-09-22 12:24,0,,20,2.0
2026-09-22T10:29:25Z,2026-09-22 12:29,0,,20,2.0
2026-09-22T10:29:56Z,2026-09-22 12:29,0,,20,2.0
2026-09-22T10:35:00Z,2026-09-22 12:35,0,,20,2.0
2026-09-22T10:40:06Z,2026-09-22 12:40,0,,20,2.0
2026-09-22T10:45:10Z,2026-09-22 12:45,0,,20,2.0
2026-09-22T10:50:14Z,2026-09-22 12:50,0,,20,2.0
2026-09-22T10:55:18Z,2026-09-22 12:55,0,,20,2.0
2026-09-22T11:00:22Z,2026-09-22 13:00,0,,20,2.0
2026-09-22T11:05:26Z,2026-09-22 13:05,0,,20,2.0
2026-09-22T11:10:30Z,2026-09-22 13:10,0,,20,2.0
2026-09-22T11:15:34Z,2026-09-22 13:15,0,,30,3.0
2026-09-22T11:20:37Z,2026-09-22 13:20,0,,30,3.0
2026-09-22T11:25:42Z,2026-09-22 13:25,0,,30,3.0
2026-09-22T11:30:45Z,2026-09-22 13:30,0,,30,3.0
2026-09-22T11:35:49Z,2026-09-22 13:35,0,,30,3.0
2026-09-22T11:40:53Z,2026-09-22 13:40,0,,30,3.0
2026-09-22T11:45:57Z,2026-09-22 13:45,0,,30,3.0
2026-09-22T11:51:01Z,2026-09-22 13:51,0,,30,3.0
2026-09-22T11:56:05Z,2026-09-22 13:56,0,,30,3.0
2026-09-22T12:01:09Z,2026-09-22 14:01,0,,30,3.0
2026-09-22T12:06:13Z,2026-09-22 14:06,0,,30,3.0
2026-09-22T12:11:17Z,2026-09-22 14:11,0,,30,3.0
2026-09-22T12:16:22Z,2026-09-22 14:16,0,,30,3.0
2026-09-22T12:21:26Z,2026-09-22 14:21,0,,30,3.0
2026-09-22T12:26:29Z,2026-09-22 14:26,0,,30,3.0
2026-09-22T12:31:33Z,2026-09-22 14:31,0,,30,3.0
2026-09-22T12:36:37Z,2026-09-22 14:36,0,,30,3.0
2026-09-22T12:41:41Z,2026-09-22 14:41,0,,30,3.0
2026-09-22T12:46:45Z,2026-09-22 14:46,0,,30,3.0
2026-09-22T12:51:49Z,2026-09-22 14:51,0,,30,3.0
2026-09-22T12:56:53Z,2026-09-22 14:56,0,,30,3.0
2026-09-22T13:01:57Z,2026-09-22 15:01,0,,30,3.0
2026-09-22T13:07:01Z,2026-09-22 15:07,0,,30,3.0
2026-09-22T13:12:05Z,2026-09-22 15:12,0,,30,3.0
2026-09-22T13:17:09Z,2026-09-22 15:17,0,,30,3.0
2026-09-22T13:17:27Z,2026-09-22 15:17,0,,30,3.0
2026-09-22T13:22:31Z,2026-09-22 15:22,0,,30,3.0
2026-09-22T13:27:35Z,2026-09-22 15:27,0,,30,3.0
2026-09-22T13:32:40Z,2026-09-22 15:32,0,,30,3.0
2026-09-22T13:37:44Z,2026-09-22 15:37,0,,30,3.0
2026-09-22T13:42:48Z,2026-09-22 15:42,0,,30,3.0
2026-09-22T13:47:52Z,2026-09-22 15:47,0,,30,3.0
2026-09-22T13:52:57Z,2026-09-22 15:52,0,,30,3.0
2026-09-22T13:58:01Z,2026-09-22 15:58,0,,30,3.0
2026-09-22T14:03:05Z,2026-09-22 16:03,0,,30,3.0
2026-09-22T14:08:10Z,2026-09-22 16:08,0,,30,3.0
2026-09-22T14:13:14Z,2026-09-22 16:13,0,,30,3.0
2026-09-22T14:18:18Z,2026-09-22 16:18,0,,30,3.0
2026-09-22T14:23:22Z,2026-09-22 16:23,0,,30,3.0
2026-09-22T14:28:27Z,2026-09-22 16:28,0,,30,3.0
2026-09-22T14:33:31Z,2026-09-22 16:33,0,,30,3.0
2026-09-22T14:38:35Z,2026-09-22 16:38,0,,30,3.0
2026-09-22T14:43:42Z,2026-09-22 16:43,0,,30,3.0
2026-09-22T14:48:46Z,2026-09-22 16:48,0,,30,3.0
2026-09-22T14:53:50Z,2026-09-22 16:53,0,,30,3.0
2026-09-22T14:58:55Z,2026-09-22 16:58,0,,30,3.0
2026-09-22T15:03:59Z,2026-09-22 17:03,0,,30,3.0
2026-09-22T15:09:03Z,2026-09-22 17:09,0,,30,3.0
